2026-06-25 20:09:20 - POST /Estadias/backend/api/index.php/notifications/check_expiring
Cuerpo: 
2026-06-25 20:09:20 - GET /Estadias/backend/api/index.php/notifications/all
Cuerpo: 
2026-06-25 20:10:20 - POST /Estadias/backend/api/index.php/notifications/check_expiring
Cuerpo: 
2026-06-25 20:10:20 - GET /Estadias/backend/api/index.php/notifications/all
Cuerpo: 
2026-06-25 20:11:20 - POST /Estadias/backend/api/index.php/notifications/check_expiring
Cuerpo: 
2026-06-25 20:11:20 - GET /Estadias/backend/api/index.php/notifications/all
Cuerpo: 
2026-06-25 20:12:20 - POST /Estadias/backend/api/index.php/notifications/check_expiring
Cuerpo: 
2026-06-25 20:12:20 - GET /Estadias/backend/api/index.php/notifications/all
Cuerpo: 
2026-06-25 20:13:20 - POST /Estadias/backend/api/index.php/notifications/check_expiring
Cuerpo: 
2026-06-25 20:13:20 - GET /Estadias/backend/api/index.php/notifications/all
Cuerpo: 
2026-06-25 20:14:20 - POST /Estadias/backend/api/index.php/notifications/check_expiring
Cuerpo: 
2026-06-25 20:14:20 - GET /Estadias/backend/api/index.php/notifications/all
Cuerpo: 
2026-06-25 20:15:20 - POST /Estadias/backend/api/index.php/notifications/check_expiring
Cuerpo: 
2026-06-25 20:15:20 - GET /Estadias/backend/api/index.php/notifications/all
Cuerpo: 
2026-06-25 20:16:20 - POST /Estadias/backend/api/index.php/notifications/check_expiring
Cuerpo: 
2026-06-25 20:16:20 - GET /Estadias/backend/api/index.php/notifications/all
Cuerpo: 
2026-06-25 20:17:20 - POST /Estadias/backend/api/index.php/notifications/check_expiring
Cuerpo: 
2026-06-25 20:17:20 - GET /Estadias/backend/api/index.php/notifications/all
Cuerpo: 
2026-06-25 20:18:20 - POST /Estadias/backend/api/index.php/notifications/check_expiring
Cuerpo: 
2026-06-25 20:18:20 - GET /Estadias/backend/api/index.php/notifications/all
Cuerpo: 
2026-06-25 20:19:20 - POST /Estadias/backend/api/index.php/notifications/check_expiring
Cuerpo: 
2026-06-25 20:19:20 - GET /Estadias/backend/api/index.php/notifications/all
Cuerpo: 
2026-06-25 20:20:20 - POST /Estadias/backend/api/index.php/notifications/check_expiring
Cuerpo: 
2026-06-25 20:20:20 - GET /Estadias/backend/api/index.php/notifications/all
Cuerpo: 
2026-06-25 20:21:20 - POST /Estadias/backend/api/index.php/notifications/check_expiring
Cuerpo: 
2026-06-25 20:21:20 - GET /Estadias/backend/api/index.php/notifications/all
Cuerpo: 
2026-06-25 20:22:20 - POST /Estadias/backend/api/index.php/notifications/check_expiring
Cuerpo: 
2026-06-25 20:22:20 - GET /Estadias/backend/api/index.php/notifications/all
Cuerpo: 
2026-06-25 20:23:20 - POST /Estadias/backend/api/index.php/notifications/check_expiring
Cuerpo: 
2026-06-25 20:23:20 - GET /Estadias/backend/api/index.php/notifications/all
Cuerpo: 
2026-06-25 20:23:51 - POST /Estadias/backend/api/index.php/notifications/check_expiring
Cuerpo: 
2026-06-25 20:23:52 - GET /Estadias/backend/api/index.php/spaces
Cuerpo: 
2026-06-25 20:23:52 - GET /Estadias/backend/api/index.php/reservations/pending
Cuerpo: 
2026-06-25 20:23:53 - GET /Estadias/backend/api/index.php/notifications/all
Cuerpo: 
2026-06-25 20:24:09 - GET /Estadias/backend/api/index.php/reservations/pending
Cuerpo: 
2026-06-25 20:24:10 - GET /Estadias/backend/api/index.php/spaces
Cuerpo: 
2026-06-25 20:24:10 - POST /Estadias/backend/api/index.php/notifications/check_expiring
Cuerpo: 
2026-06-25 20:24:11 - GET /Estadias/backend/api/index.php/notifications/all
Cuerpo: 
2026-06-25 20:24:13 - GET /Estadias/backend/api/index.php/spaces
Cuerpo: 
2026-06-25 20:24:13 - GET /Estadias/backend/api/index.php/reservations/approved
Cuerpo: 
2026-06-25 20:24:17 - GET /Estadias/backend/api/index.php/reservations/pending
Cuerpo: 
2026-06-25 20:24:17 - GET /Estadias/backend/api/index.php/spaces
Cuerpo: 
2026-06-25 20:24:20 - POST /Estadias/backend/api/index.php/notifications/check_expiring
Cuerpo: 
2026-06-25 20:24:21 - GET /Estadias/backend/api/index.php/notifications/all
Cuerpo: 
2026-06-25 20:24:22 - GET /Estadias/backend/api/index.php/calendar/events
Cuerpo: 
2026-06-25 20:24:22 - POST /Estadias/backend/api/index.php/notifications/check_expiring
Cuerpo: 
2026-06-25 20:24:23 - GET /Estadias/backend/api/index.php/notifications/all
Cuerpo: 
2026-06-25 20:24:24 - POST /Estadias/backend/api/index.php/notifications/check_expiring
Cuerpo: 
2026-06-25 20:24:24 - GET /Estadias/backend/api/index.php/notifications/all
Cuerpo: 
2026-06-25 20:24:26 - POST /Estadias/backend/api/index.php/notifications/check_expiring
Cuerpo: 
2026-06-25 20:24:27 - GET /Estadias/backend/api/index.php/notifications/all
Cuerpo: 
2026-06-25 20:24:28 - POST /Estadias/backend/api/index.php/notifications/check_expiring
Cuerpo: 
2026-06-25 20:24:28 - GET /Estadias/backend/api/index.php/reservations/pending
Cuerpo: 
2026-06-25 20:24:29 - GET /Estadias/backend/api/index.php/spaces
Cuerpo: 
2026-06-25 20:24:29 - GET /Estadias/backend/api/index.php/notifications/all
Cuerpo: 
2026-06-25 20:24:30 - POST /Estadias/backend/api/index.php/notifications/check_expiring
Cuerpo: 
2026-06-25 20:24:31 - GET /Estadias/backend/api/index.php/notifications/all
Cuerpo: 
2026-06-25 20:24:31 - POST /Estadias/backend/api/index.php/notifications/check_expiring
Cuerpo: 
2026-06-25 20:24:32 - GET /Estadias/backend/api/index.php/reservations/pending
Cuerpo: 
2026-06-25 20:24:32 - GET /Estadias/backend/api/index.php/spaces
Cuerpo: 
2026-06-25 20:24:33 - GET /Estadias/backend/api/index.php/notifications/all
Cuerpo: 
2026-06-25 20:24:53 - POST /Estadias/backend/api/index.php/notifications/check_expiring
Cuerpo: 
2026-06-25 20:24:53 - GET /Estadias/backend/api/index.php/notifications/all
Cuerpo: 
2026-06-25 20:25:46 - POST /Estadias/backend/api/index.php/notifications/check_expiring
Cuerpo: 
2026-06-25 20:25:47 - GET /Estadias/backend/api/index.php/notifications/all
Cuerpo: 
2026-06-25 20:26:07 - GET /Estadias/backend/api/index.php/reservations/pending
Cuerpo: 
2026-06-25 20:26:08 - GET /Estadias/backend/api/index.php/spaces
Cuerpo: 
2026-06-25 20:26:08 - POST /Estadias/backend/api/index.php/notifications/check_expiring
Cuerpo: 
2026-06-25 20:26:08 - GET /Estadias/backend/api/index.php/notifications/all
Cuerpo: 
2026-06-25 20:27:07 - POST /Estadias/backend/api/index.php/notifications/check_expiring
Cuerpo: 
2026-06-25 20:27:08 - GET /Estadias/backend/api/index.php/notifications/all
Cuerpo: 
2026-06-25 20:27:50 - POST /Estadias/backend/api/index.php/notifications/check_expiring
Cuerpo: 
2026-06-25 20:27:51 - GET /Estadias/backend/api/index.php/notifications/all
Cuerpo: 
2026-06-25 20:27:55 - POST /Estadias/backend/api/index.php/notifications/check_expiring
Cuerpo: 
2026-06-25 20:27:55 - GET /Estadias/backend/api/index.php/calendar/events
Cuerpo: 
2026-06-25 20:27:56 - GET /Estadias/backend/api/index.php/notifications/all
Cuerpo: 
2026-06-25 20:27:59 - POST /Estadias/backend/api/index.php/notifications/check_expiring
Cuerpo: 
2026-06-25 20:28:00 - GET /Estadias/backend/api/index.php/notifications/all
Cuerpo: 
2026-06-25 20:29:00 - POST /Estadias/backend/api/index.php/notifications/check_expiring
Cuerpo: 
2026-06-25 20:29:00 - GET /Estadias/backend/api/index.php/notifications/all
Cuerpo: 
2026-06-25 20:30:00 - POST /Estadias/backend/api/index.php/notifications/check_expiring
Cuerpo: 
2026-06-25 20:30:00 - GET /Estadias/backend/api/index.php/notifications/all
Cuerpo: 
2026-06-25 20:30:59 - POST /Estadias/backend/api/index.php/notifications/check_expiring
Cuerpo: 
2026-06-25 20:31:03 - GET /Estadias/backend/api/index.php/notifications/all
Cuerpo: 
2026-06-25 20:31:04 - POST /Estadias/backend/api/index.php/notifications/check_expiring
Cuerpo: 
2026-06-25 20:31:04 - GET /Estadias/backend/api/index.php/notifications/all
Cuerpo: 
2026-06-25 20:31:05 - GET /Estadias/backend/api/index.php/reservations/pending
Cuerpo: 
2026-06-25 20:31:05 - GET /Estadias/backend/api/index.php/spaces
Cuerpo: 
2026-06-25 20:31:06 - POST /Estadias/backend/api/index.php/notifications/check_expiring
Cuerpo: 
2026-06-25 20:31:06 - GET /Estadias/backend/api/index.php/notifications/all
Cuerpo: 
2026-06-25 20:32:06 - POST /Estadias/backend/api/index.php/notifications/check_expiring
Cuerpo: 
2026-06-25 20:32:06 - GET /Estadias/backend/api/index.php/notifications/all
Cuerpo: 
2026-06-25 20:33:06 - POST /Estadias/backend/api/index.php/notifications/check_expiring
Cuerpo: 
2026-06-25 20:33:06 - GET /Estadias/backend/api/index.php/notifications/all
Cuerpo: 
2026-06-25 20:34:06 - POST /Estadias/backend/api/index.php/notifications/check_expiring
Cuerpo: 
2026-06-25 20:34:06 - GET /Estadias/backend/api/index.php/notifications/all
Cuerpo: 
2026-06-25 20:35:06 - POST /Estadias/backend/api/index.php/notifications/check_expiring
Cuerpo: 
2026-06-25 20:35:06 - GET /Estadias/backend/api/index.php/notifications/all
Cuerpo: 
2026-06-25 20:36:06 - POST /Estadias/backend/api/index.php/notifications/check_expiring
Cuerpo: 
2026-06-25 20:36:06 - GET /Estadias/backend/api/index.php/notifications/all
Cuerpo: 
2026-06-25 20:37:06 - POST /Estadias/backend/api/index.php/notifications/check_expiring
Cuerpo: 
2026-06-25 20:37:06 - GET /Estadias/backend/api/index.php/notifications/all
Cuerpo: 
2026-06-25 20:38:08 - POST /Estadias/backend/api/index.php/notifications/check_expiring
Cuerpo: 
2026-06-25 20:38:09 - GET /Estadias/backend/api/index.php/notifications/all
Cuerpo: 
2026-06-25 20:39:06 - POST /Estadias/backend/api/index.php/notifications/check_expiring
Cuerpo: 
2026-06-25 20:39:06 - GET /Estadias/backend/api/index.php/notifications/all
Cuerpo: 
2026-06-25 20:40:20 - POST /Estadias/backend/api/index.php/notifications/check_expiring
Cuerpo: 
2026-06-25 20:40:20 - GET /Estadias/backend/api/index.php/notifications/all
Cuerpo: 
2026-06-25 20:41:17 - POST /Estadias/backend/api/index.php/notifications/check_expiring
Cuerpo: 
2026-06-25 20:41:17 - GET /Estadias/backend/api/index.php/notifications/all
Cuerpo: 
2026-06-25 20:48:11 - POST /Estadias/backend/api/index.php/notifications/check_expiring
Cuerpo: 
2026-06-25 20:48:11 - GET /Estadias/backend/api/index.php/notifications/all
Cuerpo: 
2026-06-25 20:49:11 - POST /Estadias/backend/api/index.php/notifications/check_expiring
Cuerpo: 
2026-06-25 20:49:11 - GET /Estadias/backend/api/index.php/notifications/all
Cuerpo: 
2026-06-25 20:50:11 - POST /Estadias/backend/api/index.php/notifications/check_expiring
Cuerpo: 
2026-06-25 20:50:11 - GET /Estadias/backend/api/index.php/notifications/all
Cuerpo: 
2026-06-25 20:50:24 - GET /Estadias/backend/api/index.php/reservations/pending
Cuerpo: 
2026-06-25 20:51:11 - POST /Estadias/backend/api/index.php/notifications/check_expiring
Cuerpo: 
2026-06-25 20:51:11 - POST /Estadias/backend/api/index.php/notifications/check_expiring
Cuerpo: 
2026-06-25 20:51:12 - GET /Estadias/backend/api/index.php/spaces
Cuerpo: 
2026-06-25 20:51:12 - GET /Estadias/backend/api/index.php/reservations/pending
Cuerpo: 
2026-06-25 20:51:13 - GET /Estadias/backend/api/index.php/notifications/all
Cuerpo: 
2026-06-25 20:51:14 - GET /Estadias/backend/api/index.php/reservations/approved
Cuerpo: 
2026-06-25 20:51:14 - GET /Estadias/backend/api/index.php/spaces
Cuerpo: 
2026-06-25 20:51:15 - GET /Estadias/backend/api/index.php/spaces
Cuerpo: 
2026-06-25 20:51:15 - GET /Estadias/backend/api/index.php/reservations/cancelled
Cuerpo: 
2026-06-25 20:51:26 - GET /Estadias/backend/api/index.php/reservations/approved
Cuerpo: 
2026-06-25 20:51:27 - GET /Estadias/backend/api/index.php/spaces
Cuerpo: 
2026-06-25 20:51:28 - GET /Estadias/backend/api/index.php/reservations/cancelled
Cuerpo: 
2026-06-25 20:51:29 - GET /Estadias/backend/api/index.php/spaces
Cuerpo: 
2026-06-25 20:52:12 - POST /Estadias/backend/api/index.php/notifications/check_expiring
Cuerpo: 
2026-06-25 20:52:12 - GET /Estadias/backend/api/index.php/notifications/all
Cuerpo: 
2026-06-25 20:52:52 - GET /Estadias/backend/api/index.php/reservations/cancelled
Cuerpo: 
2026-06-25 20:53:12 - POST /Estadias/backend/api/index.php/notifications/check_expiring
Cuerpo: 
2026-06-25 20:53:12 - GET /Estadias/backend/api/index.php/notifications/all
Cuerpo: 
2026-06-25 20:53:21 - POST /Estadias/backend/api/index.php/notifications/check_expiring
Cuerpo: 
2026-06-25 20:53:21 - GET /Estadias/backend/api/index.php/reservations/pending
Cuerpo: 
2026-06-25 20:53:22 - GET /Estadias/backend/api/index.php/spaces
Cuerpo: 
2026-06-25 20:53:23 - GET /Estadias/backend/api/index.php/notifications/all
Cuerpo: 
2026-06-25 20:53:23 - GET /Estadias/backend/api/index.php/reservations/cancelled
Cuerpo: 
2026-06-25 20:53:23 - GET /Estadias/backend/api/index.php/spaces
Cuerpo: 
2026-06-25 20:53:32 - GET /Estadias/backend/api/index.php/reservations/pending
Cuerpo: 
2026-06-25 20:53:32 - GET /Estadias/backend/api/index.php/spaces
Cuerpo: 
2026-06-25 20:54:22 - POST /Estadias/backend/api/index.php/notifications/check_expiring
Cuerpo: 
2026-06-25 20:54:22 - GET /Estadias/backend/api/index.php/notifications/all
Cuerpo: 
2026-06-25 20:54:45 - POST /Estadias/backend/api/index.php/notifications/check_expiring
Cuerpo: 
2026-06-25 20:54:46 - GET /Estadias/backend/api/index.php/calendar/events
Cuerpo: 
2026-06-25 20:54:46 - GET /Estadias/backend/api/index.php/notifications/all
Cuerpo: 
2026-06-25 20:54:59 - GET /Estadias/backend/api/index.php/reservations?esp_id=37&date=2026-06-25
Cuerpo: 
2026-06-25 20:55:04 - POST /Estadias/backend/api/index.php/reservations
Cuerpo: {"esp_id":37,"hora_ent":"08:00:00","hora_sal":"10:00:00","num_alumnos":10,"motivo":"","vis_id":null,"fecha_uso":"2026-06-25"}
2026-06-25 20:55:07 - GET /Estadias/backend/api/index.php/calendar/events
Cuerpo: 
2026-06-25 20:55:43 - POST /Estadias/backend/api/index.php/notifications/check_expiring
Cuerpo: 
2026-06-25 20:55:43 - GET /Estadias/backend/api/index.php/notifications/all
Cuerpo: 
2026-06-25 20:55:46 - POST /Estadias/backend/api/index.php/notifications/check_expiring
Cuerpo: 
2026-06-25 20:55:46 - GET /Estadias/backend/api/index.php/spaces
Cuerpo: 
2026-06-25 20:55:47 - GET /Estadias/backend/api/index.php/reservations/pending
Cuerpo: 
2026-06-25 20:55:47 - GET /Estadias/backend/api/index.php/notifications/all
Cuerpo: 
2026-06-25 20:55:51 - GET /Estadias/backend/api/index.php/spaces
Cuerpo: 
2026-06-25 20:55:51 - GET /Estadias/backend/api/index.php/reservations/approved
Cuerpo: 
2026-06-25 20:56:37 - POST /Estadias/backend/api/index.php/notifications/check_expiring
Cuerpo: 
2026-06-25 20:56:38 - GET /Estadias/backend/api/index.php/calendar/events
Cuerpo: 
2026-06-25 20:56:38 - GET /Estadias/backend/api/index.php/notifications/all
Cuerpo: 
2026-06-25 20:56:44 - GET /Estadias/backend/api/index.php/reservations?esp_id=37&date=2026-06-25
Cuerpo: 
2026-06-25 20:57:37 - POST /Estadias/backend/api/index.php/notifications/check_expiring
Cuerpo: 
2026-06-25 20:57:38 - GET /Estadias/backend/api/index.php/notifications/all
Cuerpo: 
2026-06-25 20:57:43 - GET /Estadias/backend/api/index.php/reservations?esp_id=37&date=2026-06-26
Cuerpo: 
2026-06-25 20:58:38 - POST /Estadias/backend/api/index.php/notifications/check_expiring
Cuerpo: 
2026-06-25 20:58:38 - GET /Estadias/backend/api/index.php/notifications/all
Cuerpo: 
2026-06-25 20:59:00 - POST /Estadias/backend/api/index.php/notifications/check_expiring
Cuerpo: 
2026-06-25 20:59:01 - GET /Estadias/backend/api/index.php/notifications/all
Cuerpo: 
2026-06-25 20:59:08 - POST /Estadias/backend/api/index.php/notifications/check_expiring
Cuerpo: 
2026-06-25 20:59:09 - GET /Estadias/backend/api/index.php/notifications/all
Cuerpo: 
2026-06-25 20:59:23 - POST /Estadias/backend/api/index.php/notifications/check_expiring
Cuerpo: 
2026-06-25 20:59:24 - GET /Estadias/backend/api/index.php/notifications/all
Cuerpo: 
2026-06-25 20:59:41 - POST /Estadias/backend/api/index.php/notifications/check_expiring
Cuerpo: 
2026-06-25 20:59:42 - GET /Estadias/backend/api/index.php/notifications/all
Cuerpo: 
2026-06-25 21:00:41 - POST /Estadias/backend/api/index.php/notifications/check_expiring
Cuerpo: 
2026-06-25 21:00:42 - GET /Estadias/backend/api/index.php/notifications/all
Cuerpo: 
2026-06-25 21:00:44 - POST /Estadias/backend/api/index.php/notifications/read
Cuerpo: {"not_id":120}
2026-06-25 21:00:45 - POST /Estadias/backend/api/index.php/notifications/check_expiring
Cuerpo: 
2026-06-25 21:00:46 - GET /Estadias/backend/api/index.php/reservations/pending
Cuerpo: 
2026-06-25 21:00:46 - GET /Estadias/backend/api/index.php/spaces
Cuerpo: 
2026-06-25 21:00:47 - GET /Estadias/backend/api/index.php/notifications/all
Cuerpo: 
2026-06-25 21:00:49 - POST /Estadias/backend/api/index.php/reservations/79/approve
Cuerpo: {}
2026-06-25 21:00:56 - GET /Estadias/backend/api/index.php/reservations/approved
Cuerpo: 
2026-06-25 21:00:57 - GET /Estadias/backend/api/index.php/spaces
Cuerpo: 
2026-06-25 21:00:57 - GET /Estadias/backend/api/index.php/reservations/pending
Cuerpo: 
2026-06-25 21:00:57 - GET /Estadias/backend/api/index.php/spaces
Cuerpo: 
2026-06-25 21:00:59 - GET /Estadias/backend/api/index.php/reservations/pending
Cuerpo: 
2026-06-25 21:01:07 - POST /Estadias/backend/api/index.php/reservations/78/reject
Cuerpo: {"reason":"no me caes bien :)"}
2026-06-25 21:01:13 - GET /Estadias/backend/api/index.php/reservations/pending
Cuerpo: 
2026-06-25 21:01:24 - POST /Estadias/backend/api/index.php/reservations/77/reject
Cuerpo: {"reason":"Mejor vete con kevin......"}
2026-06-25 21:01:29 - GET /Estadias/backend/api/index.php/reservations/pending
Cuerpo: 
2026-06-25 21:01:39 - POST /Estadias/backend/api/index.php/reservations/76/reject
Cuerpo: {"reason":"No tienes otra cosa que hacer?"}
2026-06-25 21:01:44 - GET /Estadias/backend/api/index.php/reservations/pending
Cuerpo: 
2026-06-25 21:01:45 - POST /Estadias/backend/api/index.php/notifications/check_expiring
Cuerpo: 
2026-06-25 21:01:46 - GET /Estadias/backend/api/index.php/notifications/all
Cuerpo: 
2026-06-25 21:02:01 - POST /Estadias/backend/api/index.php/reservations/75/reject
Cuerpo: {"reason":"Ya basta de encontrar errores en el sistema :("}
2026-06-25 21:02:06 - GET /Estadias/backend/api/index.php/reservations/pending
Cuerpo: 
2026-06-25 21:02:12 - GET /Estadias/backend/api/index.php/reservations/approved
Cuerpo: 
2026-06-25 21:02:13 - GET /Estadias/backend/api/index.php/spaces
Cuerpo: 
2026-06-25 21:02:15 - GET /Estadias/backend/api/index.php/spaces
Cuerpo: 
2026-06-25 21:02:16 - GET /Estadias/backend/api/index.php/reservations/cancelled
Cuerpo: 
2026-06-25 21:02:18 - GET /Estadias/backend/api/index.php/reservations/pending
Cuerpo: 
2026-06-25 21:02:19 - GET /Estadias/backend/api/index.php/spaces
Cuerpo: 
2026-06-25 21:02:25 - POST /Estadias/backend/api/index.php/notifications/check_expiring
Cuerpo: 
2026-06-25 21:02:26 - GET /Estadias/backend/api/index.php/notifications/all
Cuerpo: 
2026-06-25 21:03:25 - POST /Estadias/backend/api/index.php/notifications/check_expiring
Cuerpo: 
2026-06-25 21:03:26 - GET /Estadias/backend/api/index.php/notifications/all
Cuerpo: 
2026-06-25 21:04:25 - POST /Estadias/backend/api/index.php/notifications/check_expiring
Cuerpo: 
2026-06-25 21:04:26 - GET /Estadias/backend/api/index.php/notifications/all
Cuerpo: 
2026-06-25 21:05:25 - POST /Estadias/backend/api/index.php/notifications/check_expiring
Cuerpo: 
2026-06-25 21:05:26 - GET /Estadias/backend/api/index.php/notifications/all
Cuerpo: 
2026-06-25 21:06:25 - POST /Estadias/backend/api/index.php/notifications/check_expiring
Cuerpo: 
2026-06-25 21:06:26 - GET /Estadias/backend/api/index.php/notifications/all
Cuerpo: 
2026-06-25 21:07:25 - POST /Estadias/backend/api/index.php/notifications/check_expiring
Cuerpo: 
2026-06-25 21:07:26 - GET /Estadias/backend/api/index.php/notifications/all
Cuerpo: 
2026-06-25 21:08:25 - POST /Estadias/backend/api/index.php/notifications/check_expiring
Cuerpo: 
2026-06-25 21:08:26 - GET /Estadias/backend/api/index.php/notifications/all
Cuerpo: 
2026-06-25 21:09:25 - POST /Estadias/backend/api/index.php/notifications/check_expiring
Cuerpo: 
2026-06-25 21:09:26 - GET /Estadias/backend/api/index.php/notifications/all
Cuerpo: 
2026-06-25 21:10:25 - POST /Estadias/backend/api/index.php/notifications/check_expiring
Cuerpo: 
2026-06-25 21:10:26 - GET /Estadias/backend/api/index.php/notifications/all
Cuerpo: 
2026-06-25 21:11:25 - POST /Estadias/backend/api/index.php/notifications/check_expiring
Cuerpo: 
2026-06-25 21:11:26 - GET /Estadias/backend/api/index.php/notifications/all
Cuerpo: 
2026-06-25 21:12:25 - POST /Estadias/backend/api/index.php/notifications/check_expiring
Cuerpo: 
2026-06-25 21:12:26 - GET /Estadias/backend/api/index.php/notifications/all
Cuerpo: 
2026-06-25 21:13:25 - POST /Estadias/backend/api/index.php/notifications/check_expiring
Cuerpo: 
2026-06-25 21:13:26 - GET /Estadias/backend/api/index.php/notifications/all
Cuerpo: 
2026-06-25 21:14:25 - POST /Estadias/backend/api/index.php/notifications/check_expiring
Cuerpo: 
2026-06-25 21:14:26 - GET /Estadias/backend/api/index.php/notifications/all
Cuerpo: 
2026-06-25 21:15:25 - POST /Estadias/backend/api/index.php/notifications/check_expiring
Cuerpo: 
2026-06-25 21:15:26 - GET /Estadias/backend/api/index.php/notifications/all
Cuerpo: 
2026-06-25 21:16:25 - POST /Estadias/backend/api/index.php/notifications/check_expiring
Cuerpo: 
2026-06-25 21:16:26 - GET /Estadias/backend/api/index.php/notifications/all
Cuerpo: 
2026-06-25 21:16:35 - POST /Estadias/backend/api/index.php/notifications/check_expiring
Cuerpo: 
2026-06-25 21:16:35 - GET /Estadias/backend/api/index.php/reservations/pending
Cuerpo: 
2026-06-25 21:16:36 - GET /Estadias/backend/api/index.php/spaces
Cuerpo: 
2026-06-25 21:16:36 - GET /Estadias/backend/api/index.php/notifications/all
Cuerpo: 
2026-06-25 21:17:36 - POST /Estadias/backend/api/index.php/notifications/check_expiring
Cuerpo: 
2026-06-25 21:17:36 - GET /Estadias/backend/api/index.php/notifications/all
Cuerpo: 
2026-06-25 21:18:36 - POST /Estadias/backend/api/index.php/notifications/check_expiring
Cuerpo: 
2026-06-25 21:18:36 - GET /Estadias/backend/api/index.php/notifications/all
Cuerpo: 
2026-06-25 21:19:20 - POST /Estadias/backend/api/index.php/notifications/check_expiring
Cuerpo: 
2026-06-25 21:19:20 - GET /Estadias/backend/api/index.php/reservations/pending
Cuerpo: 
2026-06-25 21:19:21 - GET /Estadias/backend/api/index.php/spaces
Cuerpo: 
2026-06-25 21:19:21 - GET /Estadias/backend/api/index.php/notifications/all
Cuerpo: 
2026-06-25 21:19:48 - POST /Estadias/backend/api/index.php/reservations/81/reject
Cuerpo: {"reason":"Uso indebido del espacio"}
2026-06-25 21:19:53 - GET /Estadias/backend/api/index.php/reservations/pending
Cuerpo: 
2026-06-25 21:20:20 - POST /Estadias/backend/api/index.php/notifications/check_expiring
Cuerpo: 
2026-06-25 21:20:20 - GET /Estadias/backend/api/index.php/notifications/all
Cuerpo: 
2026-06-25 21:21:20 - POST /Estadias/backend/api/index.php/notifications/check_expiring
Cuerpo: 
2026-06-25 21:21:20 - GET /Estadias/backend/api/index.php/notifications/all
Cuerpo: 
2026-06-25 21:22:20 - POST /Estadias/backend/api/index.php/notifications/check_expiring
Cuerpo: 
2026-06-25 21:22:20 - GET /Estadias/backend/api/index.php/notifications/all
Cuerpo: 
2026-06-25 21:22:34 - POST /Estadias/backend/api/index.php/notifications/check_expiring
Cuerpo: 
2026-06-25 21:22:35 - GET /Estadias/backend/api/index.php/notifications/all
Cuerpo: 
2026-06-25 21:23:34 - POST /Estadias/backend/api/index.php/notifications/check_expiring
Cuerpo: 
2026-06-25 21:23:35 - GET /Estadias/backend/api/index.php/notifications/all
Cuerpo: 
2026-06-25 21:24:35 - POST /Estadias/backend/api/index.php/notifications/check_expiring
Cuerpo: 
2026-06-25 21:24:35 - GET /Estadias/backend/api/index.php/notifications/all
Cuerpo: 
2026-06-25 21:25:35 - POST /Estadias/backend/api/index.php/notifications/check_expiring
Cuerpo: 
2026-06-25 21:25:35 - GET /Estadias/backend/api/index.php/notifications/all
Cuerpo: 
2026-06-25 21:26:35 - POST /Estadias/backend/api/index.php/notifications/check_expiring
Cuerpo: 
2026-06-25 21:26:35 - GET /Estadias/backend/api/index.php/notifications/all
Cuerpo: 
2026-06-25 21:27:35 - POST /Estadias/backend/api/index.php/notifications/check_expiring
Cuerpo: 
2026-06-25 21:27:35 - GET /Estadias/backend/api/index.php/notifications/all
Cuerpo: 
2026-06-25 21:27:44 - POST /Estadias/backend/api/index.php/notifications/check_expiring
Cuerpo: 
2026-06-25 21:27:45 - GET /Estadias/backend/api/index.php/notifications/all
Cuerpo: 
2026-06-25 21:28:44 - POST /Estadias/backend/api/index.php/notifications/check_expiring
Cuerpo: 
2026-06-25 21:28:45 - GET /Estadias/backend/api/index.php/notifications/all
Cuerpo: 
2026-06-25 21:29:44 - POST /Estadias/backend/api/index.php/notifications/check_expiring
Cuerpo: 
2026-06-25 21:29:45 - GET /Estadias/backend/api/index.php/notifications/all
Cuerpo: 
2026-06-25 21:30:44 - POST /Estadias/backend/api/index.php/notifications/check_expiring
Cuerpo: 
2026-06-25 21:30:45 - GET /Estadias/backend/api/index.php/notifications/all
Cuerpo: 
2026-06-25 21:31:44 - POST /Estadias/backend/api/index.php/notifications/check_expiring
Cuerpo: 
2026-06-25 21:31:45 - GET /Estadias/backend/api/index.php/notifications/all
Cuerpo: 
2026-06-25 21:32:44 - POST /Estadias/backend/api/index.php/notifications/check_expiring
Cuerpo: 
2026-06-25 21:32:45 - GET /Estadias/backend/api/index.php/notifications/all
Cuerpo: 
2026-06-25 21:33:44 - POST /Estadias/backend/api/index.php/notifications/check_expiring
Cuerpo: 
2026-06-25 21:33:45 - GET /Estadias/backend/api/index.php/notifications/all
Cuerpo: 
2026-06-25 21:34:44 - POST /Estadias/backend/api/index.php/notifications/check_expiring
Cuerpo: 
2026-06-25 21:34:45 - GET /Estadias/backend/api/index.php/notifications/all
Cuerpo: 
2026-06-25 21:35:44 - POST /Estadias/backend/api/index.php/notifications/check_expiring
Cuerpo: 
2026-06-25 21:35:45 - GET /Estadias/backend/api/index.php/notifications/all
Cuerpo: 
2026-06-25 21:36:44 - POST /Estadias/backend/api/index.php/notifications/check_expiring
Cuerpo: 
2026-06-25 21:36:45 - GET /Estadias/backend/api/index.php/notifications/all
Cuerpo: 
2026-06-25 21:37:45 - POST /Estadias/backend/api/index.php/notifications/check_expiring
Cuerpo: 
2026-06-25 21:37:45 - GET /Estadias/backend/api/index.php/notifications/all
Cuerpo: 
2026-06-25 21:38:23 - POST /Estadias/backend/api/index.php/notifications/check_expiring
Cuerpo: 
2026-06-25 21:38:24 - GET /Estadias/backend/api/index.php/notifications/all
Cuerpo: 
2026-06-25 21:39:23 - POST /Estadias/backend/api/index.php/notifications/check_expiring
Cuerpo: 
2026-06-25 21:39:24 - GET /Estadias/backend/api/index.php/notifications/all
Cuerpo: 
2026-06-25 21:40:23 - POST /Estadias/backend/api/index.php/notifications/check_expiring
Cuerpo: 
2026-06-25 21:40:24 - GET /Estadias/backend/api/index.php/notifications/all
Cuerpo: 
2026-06-25 21:41:24 - POST /Estadias/backend/api/index.php/notifications/check_expiring
Cuerpo: 
2026-06-25 21:41:24 - GET /Estadias/backend/api/index.php/notifications/all
Cuerpo: 
2026-06-25 21:42:24 - POST /Estadias/backend/api/index.php/notifications/check_expiring
Cuerpo: 
2026-06-25 21:42:24 - GET /Estadias/backend/api/index.php/notifications/all
Cuerpo: 
2026-06-25 21:43:24 - POST /Estadias/backend/api/index.php/notifications/check_expiring
Cuerpo: 
2026-06-25 21:43:24 - GET /Estadias/backend/api/index.php/notifications/all
Cuerpo: 
2026-06-25 21:44:24 - POST /Estadias/backend/api/index.php/notifications/check_expiring
Cuerpo: 
2026-06-25 21:44:24 - GET /Estadias/backend/api/index.php/notifications/all
Cuerpo: 
2026-06-25 21:46:20 - POST /Estadias/backend/api/index.php/notifications/check_expiring
Cuerpo: 
2026-06-25 21:46:20 - GET /Estadias/backend/api/index.php/notifications/all
Cuerpo: 
2026-06-25 21:47:20 - POST /Estadias/backend/api/index.php/notifications/check_expiring
Cuerpo: 
2026-06-25 21:47:20 - GET /Estadias/backend/api/index.php/notifications/all
Cuerpo: 
2026-06-25 21:48:20 - POST /Estadias/backend/api/index.php/notifications/check_expiring
Cuerpo: 
2026-06-25 21:48:20 - GET /Estadias/backend/api/index.php/notifications/all
Cuerpo: 
2026-06-25 21:49:20 - POST /Estadias/backend/api/index.php/notifications/check_expiring
Cuerpo: 
2026-06-25 21:49:20 - GET /Estadias/backend/api/index.php/notifications/all
Cuerpo: 
2026-06-25 21:50:20 - POST /Estadias/backend/api/index.php/notifications/check_expiring
Cuerpo: 
2026-06-25 21:50:20 - GET /Estadias/backend/api/index.php/notifications/all
Cuerpo: 
2026-06-25 21:51:20 - POST /Estadias/backend/api/index.php/notifications/check_expiring
Cuerpo: 
2026-06-25 21:51:20 - GET /Estadias/backend/api/index.php/notifications/all
Cuerpo: 
2026-06-25 21:52:20 - POST /Estadias/backend/api/index.php/notifications/check_expiring
Cuerpo: 
2026-06-25 21:52:20 - GET /Estadias/backend/api/index.php/notifications/all
Cuerpo: 
2026-06-25 21:53:20 - POST /Estadias/backend/api/index.php/notifications/check_expiring
Cuerpo: 
2026-06-25 21:53:20 - GET /Estadias/backend/api/index.php/notifications/all
Cuerpo: 
2026-06-25 21:54:20 - POST /Estadias/backend/api/index.php/notifications/check_expiring
Cuerpo: 
2026-06-25 21:54:20 - GET /Estadias/backend/api/index.php/notifications/all
Cuerpo: 
2026-06-25 21:55:20 - POST /Estadias/backend/api/index.php/notifications/check_expiring
Cuerpo: 
2026-06-25 21:55:20 - GET /Estadias/backend/api/index.php/notifications/all
Cuerpo: 
2026-06-25 21:56:16 - POST /Estadias/backend/api/index.php/notifications/check_expiring
Cuerpo: 
2026-06-25 21:56:16 - GET /Estadias/backend/api/index.php/notifications/all
Cuerpo: 
2026-06-25 21:56:19 - POST /Estadias/backend/api/index.php/notifications/check_expiring
Cuerpo: 
2026-06-25 21:56:20 - GET /Estadias/backend/api/index.php/notifications/all
Cuerpo: 
2026-06-25 21:56:21 - POST /Estadias/backend/api/index.php/notifications/check_expiring
Cuerpo: 
2026-06-25 21:56:22 - GET /Estadias/backend/api/index.php/notifications/all
Cuerpo: 
2026-06-25 21:57:21 - POST /Estadias/backend/api/index.php/notifications/check_expiring
Cuerpo: 
2026-06-25 21:57:22 - GET /Estadias/backend/api/index.php/notifications/all
Cuerpo: 
2026-06-25 22:56:33 - POST /Estadias/backend/api/index.php/notifications/check_expiring
Cuerpo: 
2026-06-25 22:56:34 - GET /Estadias/backend/api/index.php/notifications/all
Cuerpo: 
2026-06-25 22:57:22 - POST /Estadias/backend/api/index.php/notifications/check_expiring
Cuerpo: 
2026-06-25 22:57:22 - GET /Estadias/backend/api/index.php/notifications/all
Cuerpo: 
2026-06-25 22:58:11 - POST /Estadias/backend/api/index.php/notifications/read
Cuerpo: {"not_id":136}
2026-06-25 22:58:12 - POST /Estadias/backend/api/index.php/notifications/check_expiring
Cuerpo: 
2026-06-25 22:58:13 - GET /Estadias/backend/api/index.php/spaces
Cuerpo: 
2026-06-25 22:58:13 - GET /Estadias/backend/api/index.php/reservations/pending
Cuerpo: 
2026-06-25 22:58:14 - GET /Estadias/backend/api/index.php/notifications/all
Cuerpo: 
2026-06-25 22:58:15 - POST /Estadias/backend/api/index.php/notifications/read
Cuerpo: {"not_id":112}
2026-06-25 22:58:16 - GET /Estadias/backend/api/index.php/spaces
Cuerpo: 
2026-06-25 22:58:17 - GET /Estadias/backend/api/index.php/reservations/pending
Cuerpo: 
2026-06-25 22:58:17 - POST /Estadias/backend/api/index.php/notifications/check_expiring
Cuerpo: 
2026-06-25 22:58:18 - GET /Estadias/backend/api/index.php/notifications/all
Cuerpo: 
2026-06-25 22:58:20 - POST /Estadias/backend/api/index.php/notifications/read
Cuerpo: {"not_id":104}
2026-06-25 22:58:21 - POST /Estadias/backend/api/index.php/notifications/check_expiring
Cuerpo: 
2026-06-25 22:58:21 - GET /Estadias/backend/api/index.php/reservations/pending
Cuerpo: 
2026-06-25 22:58:22 - GET /Estadias/backend/api/index.php/spaces
Cuerpo: 
2026-06-25 22:58:22 - GET /Estadias/backend/api/index.php/notifications/all
Cuerpo: 
2026-06-25 22:58:25 - POST /Estadias/backend/api/index.php/notifications/read
Cuerpo: {"not_id":96}
2026-06-25 22:58:26 - POST /Estadias/backend/api/index.php/notifications/check_expiring
Cuerpo: 
2026-06-25 22:58:26 - GET /Estadias/backend/api/index.php/reservations/pending
Cuerpo: 
2026-06-25 22:58:26 - GET /Estadias/backend/api/index.php/spaces
Cuerpo: 
2026-06-25 22:58:27 - GET /Estadias/backend/api/index.php/notifications/all
Cuerpo: 
2026-06-25 22:58:29 - POST /Estadias/backend/api/index.php/notifications/read
Cuerpo: {"not_id":88}
2026-06-25 22:58:30 - POST /Estadias/backend/api/index.php/notifications/check_expiring
Cuerpo: 
2026-06-25 22:58:30 - GET /Estadias/backend/api/index.php/reservations/pending
Cuerpo: 
2026-06-25 22:58:31 - GET /Estadias/backend/api/index.php/spaces
Cuerpo: 
2026-06-25 22:58:31 - GET /Estadias/backend/api/index.php/notifications/all
Cuerpo: 
2026-06-25 22:58:33 - POST /Estadias/backend/api/index.php/notifications/read
Cuerpo: {"not_id":80}
2026-06-25 22:58:34 - POST /Estadias/backend/api/index.php/notifications/check_expiring
Cuerpo: 
2026-06-25 22:58:35 - GET /Estadias/backend/api/index.php/reservations/pending
Cuerpo: 
2026-06-25 22:58:35 - GET /Estadias/backend/api/index.php/spaces
Cuerpo: 
2026-06-25 22:58:36 - GET /Estadias/backend/api/index.php/notifications/all
Cuerpo: 
2026-06-25 22:58:38 - POST /Estadias/backend/api/index.php/notifications/read
Cuerpo: {"not_id":78}
2026-06-25 22:58:40 - POST /Estadias/backend/api/index.php/notifications/check_expiring
Cuerpo: 
2026-06-25 22:58:40 - GET /Estadias/backend/api/index.php/notifications/all
Cuerpo: 
2026-06-25 22:58:44 - POST /Estadias/backend/api/index.php/notifications/check_expiring
Cuerpo: 
2026-06-25 22:58:44 - GET /Estadias/backend/api/index.php/notifications/all
Cuerpo: 
2026-06-25 22:59:44 - POST /Estadias/backend/api/index.php/notifications/check_expiring
Cuerpo: 
2026-06-25 22:59:44 - GET /Estadias/backend/api/index.php/notifications/all
Cuerpo: 
2026-06-25 23:00:45 - POST /Estadias/backend/api/index.php/notifications/check_expiring
Cuerpo: 
2026-06-25 23:00:45 - GET /Estadias/backend/api/index.php/notifications/all
Cuerpo: 
2026-06-25 23:01:44 - POST /Estadias/backend/api/index.php/notifications/check_expiring
Cuerpo: 
2026-06-25 23:01:44 - GET /Estadias/backend/api/index.php/notifications/all
Cuerpo: 
2026-06-25 23:02:44 - POST /Estadias/backend/api/index.php/notifications/check_expiring
Cuerpo: 
2026-06-25 23:02:44 - GET /Estadias/backend/api/index.php/notifications/all
Cuerpo: 
2026-06-25 23:03:44 - POST /Estadias/backend/api/index.php/notifications/check_expiring
Cuerpo: 
2026-06-25 23:03:44 - GET /Estadias/backend/api/index.php/notifications/all
Cuerpo: 
2026-06-25 23:04:45 - POST /Estadias/backend/api/index.php/notifications/check_expiring
Cuerpo: 
2026-06-25 23:04:45 - GET /Estadias/backend/api/index.php/notifications/all
Cuerpo: 
2026-06-25 23:05:44 - POST /Estadias/backend/api/index.php/notifications/check_expiring
Cuerpo: 
2026-06-25 23:05:44 - GET /Estadias/backend/api/index.php/notifications/all
Cuerpo: 
2026-06-25 23:05:54 - POST /Estadias/backend/api/index.php/notifications/check_expiring
Cuerpo: 
2026-06-25 23:05:55 - GET /Estadias/backend/api/index.php/calendar/events
Cuerpo: 
2026-06-25 23:05:55 - GET /Estadias/backend/api/index.php/notifications/all
Cuerpo: 
2026-06-25 23:05:58 - POST /Estadias/backend/api/index.php/notifications/check_expiring
Cuerpo: 
2026-06-25 23:05:58 - GET /Estadias/backend/api/index.php/notifications/all
Cuerpo: 
2026-06-25 23:06:11 - POST /Estadias/backend/api/index.php/notifications/check_expiring
Cuerpo: 
2026-06-25 23:06:12 - GET /Estadias/backend/api/index.php/notifications/all
Cuerpo: 
2026-06-25 23:06:14 - POST /Estadias/backend/api/index.php/notifications/check_expiring
Cuerpo: 
2026-06-25 23:06:14 - GET /Estadias/backend/api/index.php/reservations/pending
Cuerpo: 
2026-06-25 23:06:15 - GET /Estadias/backend/api/index.php/spaces
Cuerpo: 
2026-06-25 23:06:15 - GET /Estadias/backend/api/index.php/notifications/all
Cuerpo: 
2026-06-25 23:06:16 - POST /Estadias/backend/api/index.php/notifications/check_expiring
Cuerpo: 
2026-06-25 23:06:17 - GET /Estadias/backend/api/index.php/notifications/all
Cuerpo: 
2026-06-25 23:06:18 - POST /Estadias/backend/api/index.php/notifications/check_expiring
Cuerpo: 
2026-06-25 23:06:19 - GET /Estadias/backend/api/index.php/notifications/all
Cuerpo: 
2026-06-25 23:06:23 - POST /Estadias/backend/api/index.php/notifications/check_expiring
Cuerpo: 
2026-06-25 23:06:23 - GET /Estadias/backend/api/index.php/notifications/all
Cuerpo: 
2026-06-25 23:06:27 - POST /Estadias/backend/api/index.php/notifications/check_expiring
Cuerpo: 
2026-06-25 23:06:27 - GET /Estadias/backend/api/index.php/notifications/all
Cuerpo: 
2026-06-25 23:06:31 - POST /Estadias/backend/api/index.php/notifications/check_expiring
Cuerpo: 
2026-06-25 23:06:31 - GET /Estadias/backend/api/index.php/notifications/all
Cuerpo: 
2026-06-25 23:06:37 - POST /Estadias/backend/api/index.php/notifications/check_expiring
Cuerpo: 
2026-06-25 23:06:37 - GET /Estadias/backend/api/index.php/notifications/all
Cuerpo: 
2026-06-25 23:07:04 - POST /Estadias/backend/api/index.php/notifications/check_expiring
Cuerpo: 
2026-06-25 23:07:04 - GET /Estadias/backend/api/index.php/notifications/all
Cuerpo: 
2026-06-25 23:08:04 - POST /Estadias/backend/api/index.php/notifications/check_expiring
Cuerpo: 
2026-06-25 23:08:04 - GET /Estadias/backend/api/index.php/notifications/all
Cuerpo: 
2026-06-25 23:09:04 - POST /Estadias/backend/api/index.php/notifications/check_expiring
Cuerpo: 
2026-06-25 23:09:04 - GET /Estadias/backend/api/index.php/notifications/all
Cuerpo: 
2026-06-25 23:10:04 - POST /Estadias/backend/api/index.php/notifications/check_expiring
Cuerpo: 
2026-06-25 23:10:04 - GET /Estadias/backend/api/index.php/notifications/all
Cuerpo: 
2026-06-25 23:11:04 - POST /Estadias/backend/api/index.php/notifications/check_expiring
Cuerpo: 
2026-06-25 23:11:04 - GET /Estadias/backend/api/index.php/notifications/all
Cuerpo: 
2026-06-25 23:12:04 - POST /Estadias/backend/api/index.php/notifications/check_expiring
Cuerpo: 
2026-06-25 23:12:04 - GET /Estadias/backend/api/index.php/notifications/all
Cuerpo: 
2026-06-25 23:13:05 - POST /Estadias/backend/api/index.php/notifications/check_expiring
Cuerpo: 
2026-06-25 23:13:05 - GET /Estadias/backend/api/index.php/notifications/all
Cuerpo: 
2026-06-25 23:14:05 - POST /Estadias/backend/api/index.php/notifications/check_expiring
Cuerpo: 
2026-06-25 23:14:05 - GET /Estadias/backend/api/index.php/notifications/all
Cuerpo: 
2026-06-25 23:15:20 - POST /Estadias/backend/api/index.php/notifications/check_expiring
Cuerpo: 
2026-06-25 23:15:20 - GET /Estadias/backend/api/index.php/notifications/all
Cuerpo: 
2026-06-25 23:16:20 - POST /Estadias/backend/api/index.php/notifications/check_expiring
Cuerpo: 
2026-06-25 23:16:21 - GET /Estadias/backend/api/index.php/notifications/all
Cuerpo: 
2026-06-25 23:17:20 - POST /Estadias/backend/api/index.php/notifications/check_expiring
Cuerpo: 
2026-06-25 23:17:20 - GET /Estadias/backend/api/index.php/notifications/all
Cuerpo: 
2026-06-25 23:18:20 - POST /Estadias/backend/api/index.php/notifications/check_expiring
Cuerpo: 
2026-06-25 23:18:20 - GET /Estadias/backend/api/index.php/notifications/all
Cuerpo: 
2026-06-25 23:19:20 - POST /Estadias/backend/api/index.php/notifications/check_expiring
Cuerpo: 
2026-06-25 23:19:20 - GET /Estadias/backend/api/index.php/notifications/all
Cuerpo: 
2026-06-25 23:20:20 - POST /Estadias/backend/api/index.php/notifications/check_expiring
Cuerpo: 
2026-06-25 23:20:20 - GET /Estadias/backend/api/index.php/notifications/all
Cuerpo: 
2026-06-25 23:21:20 - POST /Estadias/backend/api/index.php/notifications/check_expiring
Cuerpo: 
2026-06-25 23:21:20 - GET /Estadias/backend/api/index.php/notifications/all
Cuerpo: 
2026-06-25 23:22:20 - POST /Estadias/backend/api/index.php/notifications/check_expiring
Cuerpo: 
2026-06-25 23:22:20 - GET /Estadias/backend/api/index.php/notifications/all
Cuerpo: 
2026-06-25 23:23:20 - POST /Estadias/backend/api/index.php/notifications/check_expiring
Cuerpo: 
2026-06-25 23:23:20 - GET /Estadias/backend/api/index.php/notifications/all
Cuerpo: 
2026-06-25 23:24:20 - POST /Estadias/backend/api/index.php/notifications/check_expiring
Cuerpo: 
2026-06-25 23:24:20 - GET /Estadias/backend/api/index.php/notifications/all
Cuerpo: 
2026-06-25 23:25:20 - POST /Estadias/backend/api/index.php/notifications/check_expiring
Cuerpo: 
2026-06-25 23:25:20 - GET /Estadias/backend/api/index.php/notifications/all
Cuerpo: 
2026-06-25 23:26:20 - POST /Estadias/backend/api/index.php/notifications/check_expiring
Cuerpo: 
2026-06-25 23:26:20 - GET /Estadias/backend/api/index.php/notifications/all
Cuerpo: 
2026-06-25 23:27:20 - POST /Estadias/backend/api/index.php/notifications/check_expiring
Cuerpo: 
2026-06-25 23:27:20 - GET /Estadias/backend/api/index.php/notifications/all
Cuerpo: 
2026-06-25 23:28:20 - POST /Estadias/backend/api/index.php/notifications/check_expiring
Cuerpo: 
2026-06-25 23:28:20 - GET /Estadias/backend/api/index.php/notifications/all
Cuerpo: 
2026-06-25 23:28:31 - GET /Estadias/backend/api/index.php/reservations/pending
Cuerpo: 
2026-06-25 23:28:32 - GET /Estadias/backend/api/index.php/spaces
Cuerpo: 
2026-06-25 23:28:32 - POST /Estadias/backend/api/index.php/notifications/check_expiring
Cuerpo: 
2026-06-25 23:28:33 - GET /Estadias/backend/api/index.php/notifications/all
Cuerpo: 
2026-06-25 23:28:34 - POST /Estadias/backend/api/index.php/notifications/check_expiring
Cuerpo: 
2026-06-25 23:28:34 - GET /Estadias/backend/api/index.php/notifications/all
Cuerpo: 
2026-06-25 23:29:34 - POST /Estadias/backend/api/index.php/notifications/check_expiring
Cuerpo: 
2026-06-25 23:29:34 - GET /Estadias/backend/api/index.php/notifications/all
Cuerpo: 
2026-06-25 23:30:34 - POST /Estadias/backend/api/index.php/notifications/check_expiring
Cuerpo: 
2026-06-25 23:30:34 - GET /Estadias/backend/api/index.php/notifications/all
Cuerpo: 
2026-06-25 23:31:34 - POST /Estadias/backend/api/index.php/notifications/check_expiring
Cuerpo: 
2026-06-25 23:31:34 - GET /Estadias/backend/api/index.php/notifications/all
Cuerpo: 
2026-06-29 18:13:06 - POST /Estadias/backend/api/index.php/notifications/check_expiring
Cuerpo: 
2026-06-29 18:13:06 - GET /Estadias/backend/api/index.php/notifications/all
Cuerpo: 
2026-06-29 18:13:12 - POST /Estadias/backend/api/index.php/notifications/check_expiring
Cuerpo: 
2026-06-29 18:13:13 - GET /Estadias/backend/api/index.php/calendar/events
Cuerpo: 
2026-06-29 18:13:13 - GET /Estadias/backend/api/index.php/notifications/all
Cuerpo: 
2026-06-29 18:13:28 - POST /Estadias/backend/api/index.php/notifications/check_expiring
Cuerpo: 
2026-06-29 18:13:29 - GET /Estadias/backend/api/index.php/notifications/all
Cuerpo: 
2026-06-29 18:13:33 - POST /Estadias/backend/api/index.php/notifications/check_expiring
Cuerpo: 
2026-06-29 18:13:34 - GET /Estadias/backend/api/index.php/notifications/all
Cuerpo: 
2026-06-29 18:13:39 - GET /Estadias/backend/api/index.php/reservations/pending
Cuerpo: 
2026-06-29 18:13:39 - POST /Estadias/backend/api/index.php/notifications/check_expiring
Cuerpo: 
2026-06-29 18:13:40 - GET /Estadias/backend/api/index.php/spaces
Cuerpo: 
2026-06-29 18:13:40 - GET /Estadias/backend/api/index.php/notifications/all
Cuerpo: 
2026-06-29 18:13:53 - GET /Estadias/backend/api/index.php/spaces
Cuerpo: 
2026-06-29 18:13:54 - GET /Estadias/backend/api/index.php/reservations/approved
Cuerpo: 
2026-06-29 18:13:55 - GET /Estadias/backend/api/index.php/reservations/cancelled
Cuerpo: 
2026-06-29 18:13:56 - GET /Estadias/backend/api/index.php/spaces
Cuerpo: 
2026-06-29 18:14:01 - POST /Estadias/backend/api/index.php/notifications/check_expiring
Cuerpo: 
2026-06-29 18:14:01 - GET /Estadias/backend/api/index.php/notifications/all
Cuerpo: 
2026-06-29 18:14:06 - POST /Estadias/backend/api/index.php/notifications/check_expiring
Cuerpo: 
2026-06-29 18:14:07 - GET /Estadias/backend/api/index.php/notifications/all
Cuerpo: 
2026-06-29 18:14:18 - POST /Estadias/backend/api/index.php/notifications/check_expiring
Cuerpo: 
2026-06-29 18:14:19 - GET /Estadias/backend/api/index.php/notifications/all
Cuerpo: 
2026-06-29 18:14:26 - POST /Estadias/backend/api/index.php/notifications/check_expiring
Cuerpo: 
2026-06-29 18:14:26 - GET /Estadias/backend/api/index.php/notifications/all
Cuerpo: 
2026-06-29 18:14:29 - POST /Estadias/backend/api/index.php/hardware/recent-scans
Cuerpo: {"ant_id":"all"}
2026-06-29 18:14:30 - GET /Estadias/backend/api/index.php/hardware/antennas-status
Cuerpo: 
2026-06-29 18:14:30 - POST /Estadias/backend/api/index.php/hardware/recent-scans
Cuerpo: {"ant_id":"all"}
2026-06-29 18:14:31 - GET /Estadias/backend/api/index.php/hardware/antennas-status
Cuerpo: 
2026-06-29 18:14:32 - POST /Estadias/backend/api/index.php/hardware/recent-scans
Cuerpo: {"ant_id":"all"}
2026-06-29 18:14:32 - GET /Estadias/backend/api/index.php/hardware/antennas-status
Cuerpo: 
2026-06-29 18:14:34 - GET /Estadias/backend/api/index.php/hardware/antennas-status
Cuerpo: 
2026-06-29 18:14:34 - POST /Estadias/backend/api/index.php/hardware/recent-scans
Cuerpo: {"ant_id":"all"}
2026-06-29 18:14:36 - POST /Estadias/backend/api/index.php/hardware/recent-scans
Cuerpo: {"ant_id":"all"}
2026-06-29 18:14:36 - GET /Estadias/backend/api/index.php/hardware/antennas-status
Cuerpo: 
2026-06-29 18:14:39 - POST /Estadias/backend/api/index.php/hardware/recent-scans
Cuerpo: {"ant_id":"all"}
2026-06-29 18:14:40 - GET /Estadias/backend/api/index.php/hardware/antennas-status
Cuerpo: 
2026-06-29 18:14:41 - POST /Estadias/backend/api/index.php/hardware/recent-scans
Cuerpo: {"ant_id":"all"}
2026-06-29 18:14:43 - GET /Estadias/backend/api/index.php/hardware/antennas-status
Cuerpo: 
2026-06-29 18:14:43 - POST /Estadias/backend/api/index.php/hardware/recent-scans
Cuerpo: {"ant_id":"all"}
2026-06-29 18:14:44 - GET /Estadias/backend/api/index.php/hardware/antennas-status
Cuerpo: 
2026-06-29 18:14:44 - POST /Estadias/backend/api/index.php/hardware/recent-scans
Cuerpo: {"ant_id":"all"}
2026-06-29 18:14:45 - GET /Estadias/backend/api/index.php/hardware/antennas-status
Cuerpo: 
2026-06-29 18:14:46 - POST /Estadias/backend/api/index.php/hardware/recent-scans
Cuerpo: {"ant_id":"all"}
2026-06-29 18:14:46 - GET /Estadias/backend/api/index.php/hardware/antennas-status
Cuerpo: 
2026-06-29 18:14:48 - POST /Estadias/backend/api/index.php/hardware/recent-scans
Cuerpo: {"ant_id":"all"}
2026-06-29 18:14:49 - GET /Estadias/backend/api/index.php/hardware/antennas-status
Cuerpo: 
2026-06-29 18:14:50 - GET /Estadias/backend/api/index.php/hardware/antennas-status
Cuerpo: 
2026-06-29 18:14:50 - POST /Estadias/backend/api/index.php/hardware/recent-scans
Cuerpo: {"ant_id":"all"}
2026-06-29 18:14:52 - GET /Estadias/backend/api/index.php/hardware/antennas-status
Cuerpo: 
2026-06-29 18:14:52 - POST /Estadias/backend/api/index.php/hardware/recent-scans
Cuerpo: {"ant_id":"all"}
2026-06-29 18:14:54 - GET /Estadias/backend/api/index.php/hardware/antennas-status
Cuerpo: 
2026-06-29 18:14:54 - POST /Estadias/backend/api/index.php/hardware/recent-scans
Cuerpo: {"ant_id":"all"}
2026-06-29 18:14:56 - GET /Estadias/backend/api/index.php/hardware/antennas-status
Cuerpo: 
2026-06-29 18:14:56 - POST /Estadias/backend/api/index.php/hardware/recent-scans
Cuerpo: {"ant_id":"all"}
2026-06-29 18:14:58 - POST /Estadias/backend/api/index.php/hardware/recent-scans
Cuerpo: {"ant_id":"all"}
2026-06-29 18:14:58 - GET /Estadias/backend/api/index.php/hardware/antennas-status
Cuerpo: 
2026-06-29 18:15:00 - GET /Estadias/backend/api/index.php/hardware/antennas-status
Cuerpo: 
2026-06-29 18:15:00 - POST /Estadias/backend/api/index.php/hardware/recent-scans
Cuerpo: {"ant_id":"all"}
2026-06-29 18:30:05 - GET /Estadias/backend/api/index.php/hardware/antennas-status
Cuerpo: 
2026-06-29 18:30:05 - POST /Estadias/backend/api/index.php/hardware/recent-scans
Cuerpo: {"ant_id":"all"}
2026-06-29 18:30:05 - POST /Estadias/backend/api/index.php/notifications/check_expiring
Cuerpo: 
2026-06-29 18:30:05 - GET /Estadias/backend/api/index.php/notifications/all
Cuerpo: 
2026-06-29 18:57:41 - POST /Estadias/backend/api/index.php/hardware/recent-scans
Cuerpo: {"ant_id":"all"}
2026-06-29 18:57:41 - GET /Estadias/backend/api/index.php/hardware/antennas-status
Cuerpo: 
2026-06-29 18:57:41 - POST /Estadias/backend/api/index.php/notifications/check_expiring
Cuerpo: 
2026-06-29 18:57:41 - GET /Estadias/backend/api/index.php/notifications/all
Cuerpo: 
2026-06-29 19:27:13 - GET /Estadias/backend/api/index.php/hardware/antennas-status
Cuerpo: 
2026-06-29 19:27:14 - POST /Estadias/backend/api/index.php/hardware/recent-scans
Cuerpo: {"ant_id":"all"}
2026-06-29 19:27:15 - POST /Estadias/backend/api/index.php/notifications/check_expiring
Cuerpo: 
2026-06-29 19:27:15 - GET /Estadias/backend/api/index.php/notifications/all
Cuerpo: 
2026-06-29 19:27:30 - GET /Estadias/backend/api/index.php/hardware/antennas-status
Cuerpo: 
2026-06-29 19:27:31 - POST /Estadias/backend/api/index.php/hardware/recent-scans
Cuerpo: {"ant_id":"all"}
2026-06-29 19:27:31 - POST /Estadias/backend/api/index.php/notifications/check_expiring
Cuerpo: 
2026-06-29 19:27:32 - GET /Estadias/backend/api/index.php/notifications/all
Cuerpo: 
2026-06-29 19:27:34 - POST /Estadias/backend/api/index.php/hardware/recent-scans
Cuerpo: {"ant_id":"all"}
2026-06-29 19:27:36 - GET /Estadias/backend/api/index.php/hardware/antennas-status
Cuerpo: 
2026-06-29 19:27:37 - POST /Estadias/backend/api/index.php/hardware/recent-scans
Cuerpo: {"ant_id":"all"}
2026-06-29 19:27:38 - GET /Estadias/backend/api/index.php/hardware/antennas-status
Cuerpo: 
2026-06-29 19:56:02 - POST /Estadias/backend/api/index.php/hardware/ping
Cuerpo: {"ant_id":1}
2026-06-29 19:56:08 - POST /Estadias/backend/api/index.php/hardware/rfid-scan
Cuerpo: {"tag_id":"33564729", "bits":26, "lec_id":1}
2026-06-29 19:56:10 - POST /Estadias/backend/api/index.php/hardware/rfid-scan
Cuerpo: {"tag_id":"33564729", "bits":26, "lec_id":1}
2026-06-29 19:56:11 - POST /Estadias/backend/api/index.php/hardware/rfid-scan
Cuerpo: {"tag_id":"33564729", "bits":26, "lec_id":1}
2026-06-29 19:56:13 - POST /Estadias/backend/api/index.php/hardware/rfid-scan
Cuerpo: {"tag_id":"33564729", "bits":26, "lec_id":1}
2026-06-29 19:56:18 - POST /Estadias/backend/api/index.php/hardware/rfid-scan
Cuerpo: {"tag_id":"33564729", "bits":26, "lec_id":1}
2026-06-29 19:56:26 - GET /Estadias/backend/api/index.php/reservations/pending
Cuerpo: 
2026-06-29 19:56:27 - GET /Estadias/backend/api/index.php/spaces
Cuerpo: 
2026-06-29 19:56:27 - POST /Estadias/backend/api/index.php/notifications/check_expiring
Cuerpo: 
2026-06-29 19:56:27 - GET /Estadias/backend/api/index.php/notifications/all
Cuerpo: 
2026-06-29 19:56:28 - POST /Estadias/backend/api/index.php/hardware/rfid-scan
Cuerpo: {"tag_id":"33564729", "bits":26, "lec_id":1}
2026-06-29 19:56:30 - POST /Estadias/backend/api/index.php/notifications/check_expiring
Cuerpo: 
2026-06-29 19:56:30 - POST /Estadias/backend/api/index.php/hardware/rfid-scan
Cuerpo: {"tag_id":"33564729", "bits":26, "lec_id":1}
2026-06-29 19:56:30 - GET /Estadias/backend/api/index.php/notifications/all
Cuerpo: 
2026-06-29 19:56:32 - POST /Estadias/backend/api/index.php/hardware/recent-scans
Cuerpo: {"ant_id":"all"}
2026-06-29 19:56:33 - GET /Estadias/backend/api/index.php/hardware/antennas-status
Cuerpo: 
2026-06-29 19:56:34 - GET /Estadias/backend/api/index.php/hardware/antennas-status
Cuerpo: 
2026-06-29 19:56:34 - POST /Estadias/backend/api/index.php/hardware/recent-scans
Cuerpo: {"ant_id":"all"}
2026-06-29 19:56:35 - POST /Estadias/backend/api/index.php/hardware/recent-scans
Cuerpo: {"ant_id":"1"}
2026-06-29 19:56:36 - GET /Estadias/backend/api/index.php/hardware/antennas-status
Cuerpo: 
2026-06-29 19:56:36 - POST /Estadias/backend/api/index.php/hardware/recent-scans
Cuerpo: {"ant_id":"1"}
2026-06-29 19:56:37 - GET /Estadias/backend/api/index.php/hardware/antennas-status
Cuerpo: 
2026-06-29 19:56:37 - GET /Estadias/backend/api/index.php/hardware/antennas-status
Cuerpo: 
2026-06-29 19:56:38 - POST /Estadias/backend/api/index.php/hardware/recent-scans
Cuerpo: {"ant_id":"all"}
2026-06-29 19:56:38 - POST /Estadias/backend/api/index.php/hardware/rfid-scan
Cuerpo: {"tag_id":"33564729", "bits":26, "lec_id":1}
2026-06-29 19:56:38 - POST /Estadias/backend/api/index.php/hardware/recent-scans
Cuerpo: {"ant_id":"all"}
2026-06-29 19:56:39 - GET /Estadias/backend/api/index.php/hardware/antennas-status
Cuerpo: 
2026-06-29 19:56:40 - GET /Estadias/backend/api/index.php/hardware/antennas-status
Cuerpo: 
2026-06-29 19:56:40 - POST /Estadias/backend/api/index.php/hardware/recent-scans
Cuerpo: {"ant_id":"all"}
2026-06-29 19:56:42 - POST /Estadias/backend/api/index.php/hardware/recent-scans
Cuerpo: {"ant_id":"all"}
2026-06-29 19:56:42 - GET /Estadias/backend/api/index.php/hardware/antennas-status
Cuerpo: 
2026-06-29 19:56:44 - POST /Estadias/backend/api/index.php/hardware/recent-scans
Cuerpo: {"ant_id":"all"}
2026-06-29 19:56:44 - GET /Estadias/backend/api/index.php/hardware/antennas-status
Cuerpo: 
2026-06-29 19:56:46 - GET /Estadias/backend/api/index.php/hardware/antennas-status
Cuerpo: 
2026-06-29 19:56:46 - POST /Estadias/backend/api/index.php/hardware/recent-scans
Cuerpo: {"ant_id":"all"}
2026-06-29 19:56:48 - POST /Estadias/backend/api/index.php/hardware/recent-scans
Cuerpo: {"ant_id":"all"}
2026-06-29 19:56:48 - GET /Estadias/backend/api/index.php/hardware/antennas-status
Cuerpo: 
2026-06-29 19:56:50 - GET /Estadias/backend/api/index.php/hardware/antennas-status
Cuerpo: 
2026-06-29 19:56:50 - POST /Estadias/backend/api/index.php/hardware/recent-scans
Cuerpo: {"ant_id":"all"}
2026-06-29 19:56:52 - POST /Estadias/backend/api/index.php/hardware/recent-scans
Cuerpo: {"ant_id":"all"}
2026-06-29 19:56:52 - GET /Estadias/backend/api/index.php/hardware/antennas-status
Cuerpo: 
2026-06-29 19:56:54 - POST /Estadias/backend/api/index.php/hardware/recent-scans
Cuerpo: {"ant_id":"all"}
2026-06-29 19:56:54 - GET /Estadias/backend/api/index.php/hardware/antennas-status
Cuerpo: 
2026-06-29 19:56:56 - GET /Estadias/backend/api/index.php/hardware/antennas-status
Cuerpo: 
2026-06-29 19:56:56 - POST /Estadias/backend/api/index.php/hardware/recent-scans
Cuerpo: {"ant_id":"all"}
2026-06-29 19:56:58 - POST /Estadias/backend/api/index.php/hardware/recent-scans
Cuerpo: {"ant_id":"all"}
2026-06-29 19:56:58 - GET /Estadias/backend/api/index.php/hardware/antennas-status
Cuerpo: 
2026-06-29 19:56:59 - POST /Estadias/backend/api/index.php/hardware/ping
Cuerpo: {"ant_id":1}
2026-06-29 19:57:00 - POST /Estadias/backend/api/index.php/hardware/recent-scans
Cuerpo: {"ant_id":"all"}
2026-06-29 19:57:00 - GET /Estadias/backend/api/index.php/hardware/antennas-status
Cuerpo: 
2026-06-29 19:57:02 - GET /Estadias/backend/api/index.php/hardware/antennas-status
Cuerpo: 
2026-06-29 19:57:02 - POST /Estadias/backend/api/index.php/hardware/recent-scans
Cuerpo: {"ant_id":"all"}
2026-06-29 19:57:04 - POST /Estadias/backend/api/index.php/hardware/recent-scans
Cuerpo: {"ant_id":"all"}
2026-06-29 19:57:04 - GET /Estadias/backend/api/index.php/hardware/antennas-status
Cuerpo: 
2026-06-29 19:57:06 - POST /Estadias/backend/api/index.php/hardware/recent-scans
Cuerpo: {"ant_id":"all"}
2026-06-29 19:57:06 - GET /Estadias/backend/api/index.php/hardware/antennas-status
Cuerpo: 
2026-06-29 19:57:08 - GET /Estadias/backend/api/index.php/hardware/antennas-status
Cuerpo: 
2026-06-29 19:57:08 - POST /Estadias/backend/api/index.php/hardware/recent-scans
Cuerpo: {"ant_id":"all"}
2026-06-29 19:57:10 - POST /Estadias/backend/api/index.php/hardware/recent-scans
Cuerpo: {"ant_id":"all"}
2026-06-29 19:57:10 - GET /Estadias/backend/api/index.php/hardware/antennas-status
Cuerpo: 
2026-06-29 19:57:12 - POST /Estadias/backend/api/index.php/hardware/recent-scans
Cuerpo: {"ant_id":"all"}
2026-06-29 19:57:12 - GET /Estadias/backend/api/index.php/hardware/antennas-status
Cuerpo: 
2026-06-29 19:57:14 - POST /Estadias/backend/api/index.php/hardware/recent-scans
Cuerpo: {"ant_id":"all"}
2026-06-29 19:57:14 - GET /Estadias/backend/api/index.php/hardware/antennas-status
Cuerpo: 
2026-06-29 19:57:16 - GET /Estadias/backend/api/index.php/hardware/antennas-status
Cuerpo: 
2026-06-29 19:57:16 - POST /Estadias/backend/api/index.php/hardware/recent-scans
Cuerpo: {"ant_id":"all"}
2026-06-29 19:57:18 - GET /Estadias/backend/api/index.php/hardware/antennas-status
Cuerpo: 
2026-06-29 19:57:18 - POST /Estadias/backend/api/index.php/hardware/recent-scans
Cuerpo: {"ant_id":"all"}
2026-06-29 19:57:20 - GET /Estadias/backend/api/index.php/hardware/antennas-status
Cuerpo: 
2026-06-29 19:57:20 - POST /Estadias/backend/api/index.php/hardware/recent-scans
Cuerpo: {"ant_id":"all"}
2026-06-29 19:57:22 - POST /Estadias/backend/api/index.php/hardware/recent-scans
Cuerpo: {"ant_id":"all"}
2026-06-29 19:57:22 - GET /Estadias/backend/api/index.php/hardware/antennas-status
Cuerpo: 
2026-06-29 19:57:24 - POST /Estadias/backend/api/index.php/hardware/recent-scans
Cuerpo: {"ant_id":"all"}
2026-06-29 19:57:24 - GET /Estadias/backend/api/index.php/hardware/antennas-status
Cuerpo: 
2026-06-29 19:57:26 - GET /Estadias/backend/api/index.php/hardware/antennas-status
Cuerpo: 
2026-06-29 19:57:26 - POST /Estadias/backend/api/index.php/hardware/recent-scans
Cuerpo: {"ant_id":"all"}
2026-06-29 19:57:26 - POST /Estadias/backend/api/index.php/hardware/rfid-scan
Cuerpo: {"tag_id":"33564729", "bits":26, "lec_id":1}
2026-06-29 19:57:28 - GET /Estadias/backend/api/index.php/hardware/antennas-status
Cuerpo: 
2026-06-29 19:57:28 - POST /Estadias/backend/api/index.php/hardware/recent-scans
Cuerpo: {"ant_id":"all"}
2026-06-29 19:57:29 - POST /Estadias/backend/api/index.php/hardware/rfid-scan
Cuerpo: {"tag_id":"33564729", "bits":26, "lec_id":1}
2026-06-29 19:57:30 - POST /Estadias/backend/api/index.php/hardware/recent-scans
Cuerpo: {"ant_id":"all"}
2026-06-29 19:57:30 - GET /Estadias/backend/api/index.php/hardware/antennas-status
Cuerpo: 
2026-06-29 19:57:30 - POST /Estadias/backend/api/index.php/notifications/check_expiring
Cuerpo: 
2026-06-29 19:57:31 - POST /Estadias/backend/api/index.php/hardware/rfid-scan
Cuerpo: {"tag_id":"33564729", "bits":26, "lec_id":1}
2026-06-29 19:57:31 - GET /Estadias/backend/api/index.php/notifications/all
Cuerpo: 
2026-06-29 19:57:32 - POST /Estadias/backend/api/index.php/hardware/recent-scans
Cuerpo: {"ant_id":"all"}
2026-06-29 19:57:32 - POST /Estadias/backend/api/index.php/hardware/rfid-scan
Cuerpo: {"tag_id":"33564729", "bits":26, "lec_id":1}
2026-06-29 19:57:32 - GET /Estadias/backend/api/index.php/hardware/antennas-status
Cuerpo: 
2026-06-29 19:57:34 - GET /Estadias/backend/api/index.php/hardware/antennas-status
Cuerpo: 
2026-06-29 19:57:34 - POST /Estadias/backend/api/index.php/hardware/recent-scans
Cuerpo: {"ant_id":"all"}
2026-06-29 19:57:35 - POST /Estadias/backend/api/index.php/hardware/rfid-scan
Cuerpo: {"tag_id":"33564729", "bits":26, "lec_id":1}
2026-06-29 19:57:36 - POST /Estadias/backend/api/index.php/hardware/recent-scans
Cuerpo: {"ant_id":"all"}
2026-06-29 19:57:36 - POST /Estadias/backend/api/index.php/hardware/rfid-scan
Cuerpo: {"tag_id":"33564729", "bits":26, "lec_id":1}
2026-06-29 19:57:37 - GET /Estadias/backend/api/index.php/hardware/antennas-status
Cuerpo: 
2026-06-29 19:57:38 - POST /Estadias/backend/api/index.php/hardware/recent-scans
Cuerpo: {"ant_id":"all"}
2026-06-29 19:57:38 - POST /Estadias/backend/api/index.php/hardware/rfid-scan
Cuerpo: {"tag_id":"33564729", "bits":26, "lec_id":1}
2026-06-29 19:57:38 - GET /Estadias/backend/api/index.php/hardware/antennas-status
Cuerpo: 
2026-06-29 19:57:40 - POST /Estadias/backend/api/index.php/hardware/recent-scans
Cuerpo: {"ant_id":"all"}
2026-06-29 19:57:40 - GET /Estadias/backend/api/index.php/hardware/antennas-status
Cuerpo: 
2026-06-29 19:57:42 - POST /Estadias/backend/api/index.php/hardware/recent-scans
Cuerpo: {"ant_id":"all"}
2026-06-29 19:57:44 - GET /Estadias/backend/api/index.php/hardware/antennas-status
Cuerpo: 
2026-06-29 19:57:44 - POST /Estadias/backend/api/index.php/hardware/recent-scans
Cuerpo: {"ant_id":"all"}
2026-06-29 19:57:45 - GET /Estadias/backend/api/index.php/hardware/antennas-status
Cuerpo: 
2026-06-29 19:57:46 - POST /Estadias/backend/api/index.php/hardware/recent-scans
Cuerpo: {"ant_id":"all"}
2026-06-29 19:57:46 - GET /Estadias/backend/api/index.php/hardware/antennas-status
Cuerpo: 
2026-06-29 19:57:48 - POST /Estadias/backend/api/index.php/hardware/recent-scans
Cuerpo: {"ant_id":"all"}
2026-06-29 19:57:48 - GET /Estadias/backend/api/index.php/hardware/antennas-status
Cuerpo: 
2026-06-29 19:57:49 - POST /Estadias/backend/api/index.php/hardware/rfid-scan
Cuerpo: {"tag_id":"33564729", "bits":26, "lec_id":1}
2026-06-29 19:57:50 - POST /Estadias/backend/api/index.php/hardware/recent-scans
Cuerpo: {"ant_id":"all"}
2026-06-29 19:57:50 - GET /Estadias/backend/api/index.php/hardware/antennas-status
Cuerpo: 
2026-06-29 19:57:51 - POST /Estadias/backend/api/index.php/hardware/rfid-scan
Cuerpo: {"tag_id":"33564729", "bits":26, "lec_id":1}
2026-06-29 19:57:52 - POST /Estadias/backend/api/index.php/hardware/recent-scans
Cuerpo: {"ant_id":"all"}
2026-06-29 19:57:52 - GET /Estadias/backend/api/index.php/hardware/antennas-status
Cuerpo: 
2026-06-29 19:57:54 - POST /Estadias/backend/api/index.php/hardware/recent-scans
Cuerpo: {"ant_id":"all"}
2026-06-29 19:57:54 - GET /Estadias/backend/api/index.php/hardware/antennas-status
Cuerpo: 
2026-06-29 19:57:56 - POST /Estadias/backend/api/index.php/hardware/recent-scans
Cuerpo: {"ant_id":"all"}
2026-06-29 19:57:56 - GET /Estadias/backend/api/index.php/hardware/antennas-status
Cuerpo: 
2026-06-29 19:57:58 - GET /Estadias/backend/api/index.php/hardware/antennas-status
Cuerpo: 
2026-06-29 19:57:58 - POST /Estadias/backend/api/index.php/hardware/recent-scans
Cuerpo: {"ant_id":"all"}
2026-06-29 19:57:59 - POST /Estadias/backend/api/index.php/hardware/rfid-scan
Cuerpo: {"tag_id":"33564729", "bits":26, "lec_id":1}
2026-06-29 19:58:00 - POST /Estadias/backend/api/index.php/notifications/check_expiring
Cuerpo: 
2026-06-29 19:58:00 - POST /Estadias/backend/api/index.php/hardware/ping
Cuerpo: {"ant_id":1}
2026-06-29 19:58:00 - GET /Estadias/backend/api/index.php/notifications/all
Cuerpo: 
2026-06-29 19:58:02 - POST /Estadias/backend/api/index.php/notifications/check_expiring
Cuerpo: 
2026-06-29 19:58:02 - GET /Estadias/backend/api/index.php/notifications/all
Cuerpo: 
2026-06-29 19:58:05 - POST /Estadias/backend/api/index.php/hardware/recent-scans
Cuerpo: {"ant_id":"all"}
2026-06-29 19:58:06 - GET /Estadias/backend/api/index.php/hardware/antennas-status
Cuerpo: 
2026-06-29 19:58:06 - POST /Estadias/backend/api/index.php/hardware/recent-scans
Cuerpo: {"ant_id":"all"}
2026-06-29 19:58:08 - GET /Estadias/backend/api/index.php/hardware/antennas-status
Cuerpo: 
2026-06-29 19:58:08 - POST /Estadias/backend/api/index.php/hardware/recent-scans
Cuerpo: {"ant_id":"all"}
2026-06-29 19:58:09 - GET /Estadias/backend/api/index.php/hardware/antennas-status
Cuerpo: 
2026-06-29 19:58:10 - GET /Estadias/backend/api/index.php/hardware/antennas-status
Cuerpo: 
2026-06-29 19:58:10 - POST /Estadias/backend/api/index.php/hardware/recent-scans
Cuerpo: {"ant_id":"all"}
2026-06-29 19:58:12 - POST /Estadias/backend/api/index.php/hardware/rfid-scan
Cuerpo: {"tag_id":"33564729", "bits":26, "lec_id":1}
2026-06-29 19:58:12 - GET /Estadias/backend/api/index.php/hardware/antennas-status
Cuerpo: 
2026-06-29 19:58:12 - POST /Estadias/backend/api/index.php/hardware/recent-scans
Cuerpo: {"ant_id":"all"}
2026-06-29 19:58:14 - GET /Estadias/backend/api/index.php/hardware/antennas-status
Cuerpo: 
2026-06-29 19:58:14 - POST /Estadias/backend/api/index.php/hardware/recent-scans
Cuerpo: {"ant_id":"all"}
2026-06-29 19:58:15 - POST /Estadias/backend/api/index.php/hardware/recent-scans
Cuerpo: {"ant_id":"1"}
2026-06-29 19:58:15 - GET /Estadias/backend/api/index.php/hardware/antennas-status
Cuerpo: 
2026-06-29 19:58:16 - GET /Estadias/backend/api/index.php/hardware/antennas-status
Cuerpo: 
2026-06-29 19:58:17 - POST /Estadias/backend/api/index.php/hardware/recent-scans
Cuerpo: {"ant_id":"1"}
2026-06-29 19:58:17 - POST /Estadias/backend/api/index.php/hardware/recent-scans
Cuerpo: {"ant_id":"all"}
2026-06-29 19:58:18 - GET /Estadias/backend/api/index.php/hardware/antennas-status
Cuerpo: 
2026-06-29 19:58:27 - POST /Estadias/backend/api/index.php/hardware/recent-scans
Cuerpo: {"ant_id":"all"}
2026-06-29 19:58:27 - GET /Estadias/backend/api/index.php/hardware/antennas-status
Cuerpo: 
2026-06-29 19:58:28 - POST /Estadias/backend/api/index.php/hardware/recent-scans
Cuerpo: {"ant_id":"all"}
2026-06-29 19:58:30 - GET /Estadias/backend/api/index.php/hardware/antennas-status
Cuerpo: 
2026-06-29 19:58:30 - POST /Estadias/backend/api/index.php/hardware/recent-scans
Cuerpo: {"ant_id":"all"}
2026-06-29 19:58:30 - POST /Estadias/backend/api/index.php/hardware/rfid-scan
Cuerpo: {"tag_id":"33564729", "bits":26, "lec_id":1}
2026-06-29 19:58:31 - GET /Estadias/backend/api/index.php/hardware/antennas-status
Cuerpo: 
2026-06-29 19:58:32 - POST /Estadias/backend/api/index.php/hardware/recent-scans
Cuerpo: {"ant_id":"all"}
2026-06-29 19:58:32 - GET /Estadias/backend/api/index.php/hardware/antennas-status
Cuerpo: 
2026-06-29 19:58:34 - POST /Estadias/backend/api/index.php/hardware/recent-scans
Cuerpo: {"ant_id":"all"}
2026-06-29 19:58:34 - GET /Estadias/backend/api/index.php/hardware/antennas-status
Cuerpo: 
2026-06-29 19:58:36 - GET /Estadias/backend/api/index.php/hardware/antennas-status
Cuerpo: 
2026-06-29 19:58:37 - POST /Estadias/backend/api/index.php/hardware/recent-scans
Cuerpo: {"ant_id":"all"}
2026-06-29 19:58:38 - GET /Estadias/backend/api/index.php/hardware/antennas-status
Cuerpo: 
2026-06-29 19:58:38 - POST /Estadias/backend/api/index.php/hardware/recent-scans
Cuerpo: {"ant_id":"all"}
2026-06-29 19:58:40 - GET /Estadias/backend/api/index.php/hardware/antennas-status
Cuerpo: 
2026-06-29 19:58:41 - POST /Estadias/backend/api/index.php/hardware/recent-scans
Cuerpo: {"ant_id":"all"}
2026-06-29 19:58:42 - GET /Estadias/backend/api/index.php/hardware/antennas-status
Cuerpo: 
2026-06-29 19:58:42 - POST /Estadias/backend/api/index.php/hardware/recent-scans
Cuerpo: {"ant_id":"all"}
2026-06-29 19:58:44 - GET /Estadias/backend/api/index.php/hardware/antennas-status
Cuerpo: 
2026-06-29 19:58:44 - POST /Estadias/backend/api/index.php/hardware/recent-scans
Cuerpo: {"ant_id":"all"}
2026-06-29 19:58:46 - GET /Estadias/backend/api/index.php/hardware/antennas-status
Cuerpo: 
2026-06-29 19:58:46 - POST /Estadias/backend/api/index.php/hardware/recent-scans
Cuerpo: {"ant_id":"all"}
2026-06-29 19:58:48 - GET /Estadias/backend/api/index.php/hardware/antennas-status
Cuerpo: 
2026-06-29 19:58:48 - POST /Estadias/backend/api/index.php/hardware/recent-scans
Cuerpo: {"ant_id":"all"}
2026-06-29 19:58:50 - POST /Estadias/backend/api/index.php/hardware/recent-scans
Cuerpo: {"ant_id":"all"}
2026-06-29 19:58:51 - GET /Estadias/backend/api/index.php/hardware/antennas-status
Cuerpo: 
2026-06-29 19:58:52 - POST /Estadias/backend/api/index.php/hardware/recent-scans
Cuerpo: {"ant_id":"all"}
2026-06-29 19:58:53 - GET /Estadias/backend/api/index.php/hardware/antennas-status
Cuerpo: 
2026-06-29 19:58:54 - GET /Estadias/backend/api/index.php/hardware/antennas-status
Cuerpo: 
2026-06-29 19:58:55 - POST /Estadias/backend/api/index.php/hardware/recent-scans
Cuerpo: {"ant_id":"all"}
2026-06-29 19:58:56 - POST /Estadias/backend/api/index.php/hardware/recent-scans
Cuerpo: {"ant_id":"all"}
2026-06-29 19:58:57 - GET /Estadias/backend/api/index.php/hardware/antennas-status
Cuerpo: 
2026-06-29 19:58:58 - GET /Estadias/backend/api/index.php/hardware/antennas-status
Cuerpo: 
2026-06-29 19:58:59 - POST /Estadias/backend/api/index.php/hardware/recent-scans
Cuerpo: {"ant_id":"all"}
2026-06-29 19:59:00 - GET /Estadias/backend/api/index.php/hardware/antennas-status
Cuerpo: 
2026-06-29 19:59:01 - POST /Estadias/backend/api/index.php/hardware/recent-scans
Cuerpo: {"ant_id":"all"}
2026-06-29 19:59:01 - POST /Estadias/backend/api/index.php/hardware/ping
Cuerpo: {"ant_id":1}
2026-06-29 19:59:02 - POST /Estadias/backend/api/index.php/hardware/recent-scans
Cuerpo: {"ant_id":"all"}
2026-06-29 19:59:03 - POST /Estadias/backend/api/index.php/notifications/check_expiring
Cuerpo: 
2026-06-29 19:59:03 - GET /Estadias/backend/api/index.php/hardware/antennas-status
Cuerpo: 
2026-06-29 19:59:04 - GET /Estadias/backend/api/index.php/notifications/all
Cuerpo: 
2026-06-29 19:59:05 - POST /Estadias/backend/api/index.php/hardware/recent-scans
Cuerpo: {"ant_id":"all"}
2026-06-29 19:59:06 - GET /Estadias/backend/api/index.php/hardware/antennas-status
Cuerpo: 
2026-06-29 19:59:06 - POST /Estadias/backend/api/index.php/hardware/recent-scans
Cuerpo: {"ant_id":"all"}
2026-06-29 19:59:07 - GET /Estadias/backend/api/index.php/hardware/antennas-status
Cuerpo: 
2026-06-29 19:59:08 - POST /Estadias/backend/api/index.php/hardware/recent-scans
Cuerpo: {"ant_id":"all"}
2026-06-29 19:59:09 - GET /Estadias/backend/api/index.php/hardware/antennas-status
Cuerpo: 
2026-06-29 19:59:10 - GET /Estadias/backend/api/index.php/hardware/antennas-status
Cuerpo: 
2026-06-29 19:59:11 - POST /Estadias/backend/api/index.php/hardware/recent-scans
Cuerpo: {"ant_id":"all"}
2026-06-29 19:59:12 - POST /Estadias/backend/api/index.php/hardware/recent-scans
Cuerpo: {"ant_id":"all"}
2026-06-29 19:59:13 - GET /Estadias/backend/api/index.php/hardware/antennas-status
Cuerpo: 
2026-06-29 19:59:14 - POST /Estadias/backend/api/index.php/hardware/recent-scans
Cuerpo: {"ant_id":"all"}
2026-06-29 19:59:15 - GET /Estadias/backend/api/index.php/hardware/antennas-status
Cuerpo: 
2026-06-29 19:59:16 - POST /Estadias/backend/api/index.php/hardware/recent-scans
Cuerpo: {"ant_id":"all"}
2026-06-29 19:59:17 - GET /Estadias/backend/api/index.php/hardware/antennas-status
Cuerpo: 
2026-06-29 19:59:18 - GET /Estadias/backend/api/index.php/hardware/antennas-status
Cuerpo: 
2026-06-29 19:59:19 - POST /Estadias/backend/api/index.php/hardware/recent-scans
Cuerpo: {"ant_id":"all"}
2026-06-29 19:59:20 - POST /Estadias/backend/api/index.php/hardware/recent-scans
Cuerpo: {"ant_id":"all"}
2026-06-29 19:59:21 - GET /Estadias/backend/api/index.php/hardware/antennas-status
Cuerpo: 
2026-06-29 19:59:22 - POST /Estadias/backend/api/index.php/hardware/recent-scans
Cuerpo: {"ant_id":"all"}
2026-06-29 19:59:23 - GET /Estadias/backend/api/index.php/hardware/antennas-status
Cuerpo: 
2026-06-29 19:59:24 - POST /Estadias/backend/api/index.php/hardware/recent-scans
Cuerpo: {"ant_id":"all"}
2026-06-29 19:59:25 - GET /Estadias/backend/api/index.php/hardware/antennas-status
Cuerpo: 
2026-06-29 19:59:26 - GET /Estadias/backend/api/index.php/hardware/antennas-status
Cuerpo: 
2026-06-29 19:59:27 - POST /Estadias/backend/api/index.php/hardware/recent-scans
Cuerpo: {"ant_id":"all"}
2026-06-29 19:59:28 - POST /Estadias/backend/api/index.php/hardware/recent-scans
Cuerpo: {"ant_id":"all"}
2026-06-29 19:59:29 - GET /Estadias/backend/api/index.php/hardware/antennas-status
Cuerpo: 
2026-06-29 19:59:30 - POST /Estadias/backend/api/index.php/hardware/recent-scans
Cuerpo: {"ant_id":"all"}
2026-06-29 19:59:31 - GET /Estadias/backend/api/index.php/hardware/antennas-status
Cuerpo: 
2026-06-29 19:59:32 - POST /Estadias/backend/api/index.php/hardware/recent-scans
Cuerpo: {"ant_id":"all"}
2026-06-29 19:59:34 - GET /Estadias/backend/api/index.php/hardware/antennas-status
Cuerpo: 
2026-06-29 19:59:35 - POST /Estadias/backend/api/index.php/hardware/recent-scans
Cuerpo: {"ant_id":"all"}
2026-06-29 19:59:35 - GET /Estadias/backend/api/index.php/hardware/antennas-status
Cuerpo: 
2026-06-29 19:59:36 - POST /Estadias/backend/api/index.php/hardware/recent-scans
Cuerpo: {"ant_id":"all"}
2026-06-29 19:59:37 - GET /Estadias/backend/api/index.php/hardware/antennas-status
Cuerpo: 
2026-06-29 19:59:38 - POST /Estadias/backend/api/index.php/hardware/recent-scans
Cuerpo: {"ant_id":"all"}
2026-06-29 19:59:39 - GET /Estadias/backend/api/index.php/hardware/antennas-status
Cuerpo: 
2026-06-29 19:59:40 - POST /Estadias/backend/api/index.php/hardware/recent-scans
Cuerpo: {"ant_id":"all"}
2026-06-29 19:59:41 - GET /Estadias/backend/api/index.php/hardware/antennas-status
Cuerpo: 
2026-06-29 19:59:42 - POST /Estadias/backend/api/index.php/hardware/recent-scans
Cuerpo: {"ant_id":"all"}
2026-06-29 19:59:43 - GET /Estadias/backend/api/index.php/hardware/antennas-status
Cuerpo: 
2026-06-29 19:59:44 - POST /Estadias/backend/api/index.php/hardware/recent-scans
Cuerpo: {"ant_id":"all"}
2026-06-29 19:59:45 - GET /Estadias/backend/api/index.php/hardware/antennas-status
Cuerpo: 
2026-06-29 19:59:46 - GET /Estadias/backend/api/index.php/hardware/antennas-status
Cuerpo: 
2026-06-29 19:59:47 - POST /Estadias/backend/api/index.php/hardware/recent-scans
Cuerpo: {"ant_id":"all"}
2026-06-29 19:59:48 - POST /Estadias/backend/api/index.php/hardware/recent-scans
Cuerpo: {"ant_id":"all"}
2026-06-29 19:59:49 - GET /Estadias/backend/api/index.php/hardware/antennas-status
Cuerpo: 
2026-06-29 19:59:50 - GET /Estadias/backend/api/index.php/hardware/antennas-status
Cuerpo: 
2026-06-29 19:59:51 - POST /Estadias/backend/api/index.php/hardware/recent-scans
Cuerpo: {"ant_id":"all"}
2026-06-29 20:00:00 - POST /Estadias/backend/api/index.php/hardware/ping
Cuerpo: {"ant_id":1}
2026-06-29 20:00:02 - POST /Estadias/backend/api/index.php/notifications/check_expiring
Cuerpo: 
2026-06-29 20:00:03 - GET /Estadias/backend/api/index.php/notifications/all
Cuerpo: 
2026-06-29 20:00:22 - POST /Estadias/backend/api/index.php/hardware/recent-scans
Cuerpo: {"ant_id":"all"}
2026-06-29 20:00:23 - GET /Estadias/backend/api/index.php/hardware/antennas-status
Cuerpo: 
2026-06-29 20:01:00 - POST /Estadias/backend/api/index.php/hardware/ping
Cuerpo: {"ant_id":1}
2026-06-29 20:01:02 - POST /Estadias/backend/api/index.php/notifications/check_expiring
Cuerpo: 
2026-06-29 20:01:03 - GET /Estadias/backend/api/index.php/notifications/all
Cuerpo: 
2026-06-29 20:01:22 - POST /Estadias/backend/api/index.php/hardware/recent-scans
Cuerpo: {"ant_id":"all"}
2026-06-29 20:01:23 - GET /Estadias/backend/api/index.php/hardware/antennas-status
Cuerpo: 
2026-06-29 20:02:00 - POST /Estadias/backend/api/index.php/hardware/ping
Cuerpo: {"ant_id":1}
2026-06-29 20:02:02 - POST /Estadias/backend/api/index.php/notifications/check_expiring
Cuerpo: 
2026-06-29 20:02:03 - GET /Estadias/backend/api/index.php/notifications/all
Cuerpo: 
2026-06-29 20:02:22 - POST /Estadias/backend/api/index.php/hardware/recent-scans
Cuerpo: {"ant_id":"all"}
2026-06-29 20:02:23 - GET /Estadias/backend/api/index.php/hardware/antennas-status
Cuerpo: 
2026-06-29 20:03:00 - POST /Estadias/backend/api/index.php/hardware/ping
Cuerpo: {"ant_id":1}
2026-06-29 20:03:02 - POST /Estadias/backend/api/index.php/notifications/check_expiring
Cuerpo: 
2026-06-29 20:03:03 - GET /Estadias/backend/api/index.php/notifications/all
Cuerpo: 
2026-06-29 20:03:22 - POST /Estadias/backend/api/index.php/hardware/recent-scans
Cuerpo: {"ant_id":"all"}
2026-06-29 20:03:23 - GET /Estadias/backend/api/index.php/hardware/antennas-status
Cuerpo: 
2026-06-29 20:04:00 - POST /Estadias/backend/api/index.php/hardware/ping
Cuerpo: {"ant_id":1}
2026-06-29 20:04:02 - POST /Estadias/backend/api/index.php/notifications/check_expiring
Cuerpo: 
2026-06-29 20:04:03 - GET /Estadias/backend/api/index.php/notifications/all
Cuerpo: 
2026-06-29 20:04:22 - POST /Estadias/backend/api/index.php/hardware/recent-scans
Cuerpo: {"ant_id":"all"}
2026-06-29 20:04:24 - GET /Estadias/backend/api/index.php/hardware/antennas-status
Cuerpo: 
2026-06-29 20:05:00 - POST /Estadias/backend/api/index.php/hardware/ping
Cuerpo: {"ant_id":1}
2026-06-29 20:05:22 - POST /Estadias/backend/api/index.php/hardware/recent-scans
Cuerpo: {"ant_id":"all"}
2026-06-29 20:05:23 - GET /Estadias/backend/api/index.php/hardware/antennas-status
Cuerpo: 
2026-06-29 20:05:23 - POST /Estadias/backend/api/index.php/notifications/check_expiring
Cuerpo: 
2026-06-29 20:05:25 - GET /Estadias/backend/api/index.php/notifications/all
Cuerpo: 
2026-06-29 20:06:00 - POST /Estadias/backend/api/index.php/hardware/ping
Cuerpo: {"ant_id":1}
2026-06-29 20:06:22 - POST /Estadias/backend/api/index.php/hardware/recent-scans
Cuerpo: {"ant_id":"all"}
2026-06-29 20:06:23 - GET /Estadias/backend/api/index.php/hardware/antennas-status
Cuerpo: 
2026-06-29 20:06:23 - POST /Estadias/backend/api/index.php/notifications/check_expiring
Cuerpo: 
2026-06-29 20:06:24 - GET /Estadias/backend/api/index.php/notifications/all
Cuerpo: 
2026-06-29 20:07:00 - POST /Estadias/backend/api/index.php/hardware/ping
Cuerpo: {"ant_id":1}
2026-06-29 20:07:22 - POST /Estadias/backend/api/index.php/hardware/recent-scans
Cuerpo: {"ant_id":"all"}
2026-06-29 20:07:23 - GET /Estadias/backend/api/index.php/hardware/antennas-status
Cuerpo: 
2026-06-29 20:07:23 - POST /Estadias/backend/api/index.php/notifications/check_expiring
Cuerpo: 
2026-06-29 20:07:24 - GET /Estadias/backend/api/index.php/notifications/all
Cuerpo: 
2026-06-29 20:08:00 - POST /Estadias/backend/api/index.php/hardware/ping
Cuerpo: {"ant_id":1}
2026-06-29 20:08:22 - POST /Estadias/backend/api/index.php/hardware/recent-scans
Cuerpo: {"ant_id":"all"}
2026-06-29 20:08:23 - GET /Estadias/backend/api/index.php/hardware/antennas-status
Cuerpo: 
2026-06-29 20:08:23 - POST /Estadias/backend/api/index.php/notifications/check_expiring
Cuerpo: 
2026-06-29 20:08:24 - GET /Estadias/backend/api/index.php/notifications/all
Cuerpo: 
2026-06-29 20:09:00 - POST /Estadias/backend/api/index.php/hardware/ping
Cuerpo: {"ant_id":1}
2026-06-29 20:09:22 - POST /Estadias/backend/api/index.php/hardware/recent-scans
Cuerpo: {"ant_id":"all"}
2026-06-29 20:09:23 - GET /Estadias/backend/api/index.php/hardware/antennas-status
Cuerpo: 
2026-06-29 20:09:23 - POST /Estadias/backend/api/index.php/notifications/check_expiring
Cuerpo: 
2026-06-29 20:09:24 - GET /Estadias/backend/api/index.php/notifications/all
Cuerpo: 
2026-06-29 20:10:00 - POST /Estadias/backend/api/index.php/hardware/ping
Cuerpo: {"ant_id":1}
2026-06-29 20:10:22 - POST /Estadias/backend/api/index.php/hardware/recent-scans
Cuerpo: {"ant_id":"all"}
2026-06-29 20:10:23 - GET /Estadias/backend/api/index.php/hardware/antennas-status
Cuerpo: 
2026-06-29 20:10:24 - POST /Estadias/backend/api/index.php/notifications/check_expiring
Cuerpo: 
2026-06-29 20:10:25 - GET /Estadias/backend/api/index.php/notifications/all
Cuerpo: 
2026-06-29 20:11:00 - POST /Estadias/backend/api/index.php/hardware/ping
Cuerpo: {"ant_id":1}
2026-06-29 20:11:22 - POST /Estadias/backend/api/index.php/hardware/recent-scans
Cuerpo: {"ant_id":"all"}
2026-06-29 20:11:23 - GET /Estadias/backend/api/index.php/hardware/antennas-status
Cuerpo: 
2026-06-29 20:11:24 - POST /Estadias/backend/api/index.php/notifications/check_expiring
Cuerpo: 
2026-06-29 20:11:24 - GET /Estadias/backend/api/index.php/notifications/all
Cuerpo: 
2026-06-29 20:12:00 - POST /Estadias/backend/api/index.php/hardware/ping
Cuerpo: {"ant_id":1}
2026-06-29 20:12:22 - POST /Estadias/backend/api/index.php/hardware/recent-scans
Cuerpo: {"ant_id":"all"}
2026-06-29 20:12:23 - GET /Estadias/backend/api/index.php/hardware/antennas-status
Cuerpo: 
2026-06-29 20:12:23 - POST /Estadias/backend/api/index.php/notifications/check_expiring
Cuerpo: 
2026-06-29 20:12:24 - GET /Estadias/backend/api/index.php/notifications/all
Cuerpo: 
2026-06-29 20:13:00 - POST /Estadias/backend/api/index.php/hardware/ping
Cuerpo: {"ant_id":1}
2026-06-29 20:13:22 - POST /Estadias/backend/api/index.php/hardware/recent-scans
Cuerpo: {"ant_id":"all"}
2026-06-29 20:13:23 - GET /Estadias/backend/api/index.php/hardware/antennas-status
Cuerpo: 
2026-06-29 20:13:23 - POST /Estadias/backend/api/index.php/notifications/check_expiring
Cuerpo: 
2026-06-29 20:13:24 - GET /Estadias/backend/api/index.php/notifications/all
Cuerpo: 
2026-06-29 20:14:00 - POST /Estadias/backend/api/index.php/hardware/ping
Cuerpo: {"ant_id":1}
2026-06-29 20:14:22 - POST /Estadias/backend/api/index.php/hardware/recent-scans
Cuerpo: {"ant_id":"all"}
2026-06-29 20:14:23 - GET /Estadias/backend/api/index.php/hardware/antennas-status
Cuerpo: 
2026-06-29 20:14:24 - POST /Estadias/backend/api/index.php/notifications/check_expiring
Cuerpo: 
2026-06-29 20:14:24 - GET /Estadias/backend/api/index.php/notifications/all
Cuerpo: 
2026-06-29 20:15:00 - POST /Estadias/backend/api/index.php/hardware/ping
Cuerpo: {"ant_id":1}
2026-06-29 20:15:22 - POST /Estadias/backend/api/index.php/hardware/recent-scans
Cuerpo: {"ant_id":"all"}
2026-06-29 20:15:23 - GET /Estadias/backend/api/index.php/hardware/antennas-status
Cuerpo: 
2026-06-29 20:15:23 - POST /Estadias/backend/api/index.php/notifications/check_expiring
Cuerpo: 
2026-06-29 20:15:24 - GET /Estadias/backend/api/index.php/notifications/all
Cuerpo: 
2026-06-29 20:16:00 - POST /Estadias/backend/api/index.php/hardware/ping
Cuerpo: {"ant_id":1}
2026-06-29 20:16:22 - GET /Estadias/backend/api/index.php/hardware/antennas-status
Cuerpo: 
2026-06-29 20:16:23 - POST /Estadias/backend/api/index.php/hardware/recent-scans
Cuerpo: {"ant_id":"all"}
2026-06-29 20:16:23 - POST /Estadias/backend/api/index.php/notifications/check_expiring
Cuerpo: 
2026-06-29 20:16:24 - GET /Estadias/backend/api/index.php/notifications/all
Cuerpo: 
2026-06-29 20:17:00 - POST /Estadias/backend/api/index.php/hardware/ping
Cuerpo: {"ant_id":1}
2026-06-29 20:17:22 - POST /Estadias/backend/api/index.php/hardware/recent-scans
Cuerpo: {"ant_id":"all"}
2026-06-29 20:17:23 - POST /Estadias/backend/api/index.php/notifications/check_expiring
Cuerpo: 
2026-06-29 20:17:23 - GET /Estadias/backend/api/index.php/hardware/antennas-status
Cuerpo: 
2026-06-29 20:17:24 - GET /Estadias/backend/api/index.php/notifications/all
Cuerpo: 
2026-06-29 20:18:00 - POST /Estadias/backend/api/index.php/hardware/ping
Cuerpo: {"ant_id":1}
2026-06-29 20:18:22 - POST /Estadias/backend/api/index.php/hardware/recent-scans
Cuerpo: {"ant_id":"all"}
2026-06-29 20:18:23 - GET /Estadias/backend/api/index.php/hardware/antennas-status
Cuerpo: 
2026-06-29 20:18:23 - POST /Estadias/backend/api/index.php/notifications/check_expiring
Cuerpo: 
2026-06-29 20:18:24 - GET /Estadias/backend/api/index.php/notifications/all
Cuerpo: 
2026-06-29 20:19:00 - POST /Estadias/backend/api/index.php/hardware/ping
Cuerpo: {"ant_id":1}
2026-06-29 20:19:22 - POST /Estadias/backend/api/index.php/hardware/recent-scans
Cuerpo: {"ant_id":"all"}
2026-06-29 20:19:23 - GET /Estadias/backend/api/index.php/hardware/antennas-status
Cuerpo: 
2026-06-29 20:19:24 - POST /Estadias/backend/api/index.php/notifications/check_expiring
Cuerpo: 
2026-06-29 20:19:25 - GET /Estadias/backend/api/index.php/notifications/all
Cuerpo: 
2026-06-29 20:20:00 - POST /Estadias/backend/api/index.php/hardware/ping
Cuerpo: {"ant_id":1}
2026-06-29 20:20:22 - POST /Estadias/backend/api/index.php/hardware/recent-scans
Cuerpo: {"ant_id":"all"}
2026-06-29 20:20:23 - GET /Estadias/backend/api/index.php/hardware/antennas-status
Cuerpo: 
2026-06-29 20:20:23 - POST /Estadias/backend/api/index.php/notifications/check_expiring
Cuerpo: 
2026-06-29 20:20:24 - GET /Estadias/backend/api/index.php/notifications/all
Cuerpo: 
2026-06-29 20:21:00 - POST /Estadias/backend/api/index.php/hardware/ping
Cuerpo: {"ant_id":1}
2026-06-29 20:21:22 - POST /Estadias/backend/api/index.php/hardware/recent-scans
Cuerpo: {"ant_id":"all"}
2026-06-29 20:21:23 - GET /Estadias/backend/api/index.php/hardware/antennas-status
Cuerpo: 
2026-06-29 20:21:25 - POST /Estadias/backend/api/index.php/notifications/check_expiring
Cuerpo: 
2026-06-29 20:21:26 - GET /Estadias/backend/api/index.php/notifications/all
Cuerpo: 
2026-06-29 20:22:00 - POST /Estadias/backend/api/index.php/hardware/ping
Cuerpo: {"ant_id":1}
2026-06-29 20:22:22 - POST /Estadias/backend/api/index.php/hardware/recent-scans
Cuerpo: {"ant_id":"all"}
2026-06-29 20:22:23 - GET /Estadias/backend/api/index.php/hardware/antennas-status
Cuerpo: 
2026-06-29 20:22:24 - POST /Estadias/backend/api/index.php/notifications/check_expiring
Cuerpo: 
2026-06-29 20:22:25 - GET /Estadias/backend/api/index.php/notifications/all
Cuerpo: 
2026-06-29 20:23:00 - POST /Estadias/backend/api/index.php/hardware/ping
Cuerpo: {"ant_id":1}
2026-06-29 20:23:22 - POST /Estadias/backend/api/index.php/hardware/recent-scans
Cuerpo: {"ant_id":"all"}
2026-06-29 20:23:23 - GET /Estadias/backend/api/index.php/hardware/antennas-status
Cuerpo: 
2026-06-29 20:23:23 - POST /Estadias/backend/api/index.php/notifications/check_expiring
Cuerpo: 
2026-06-29 20:23:24 - GET /Estadias/backend/api/index.php/notifications/all
Cuerpo: 
2026-06-29 20:24:00 - POST /Estadias/backend/api/index.php/hardware/ping
Cuerpo: {"ant_id":1}
2026-06-29 20:24:22 - POST /Estadias/backend/api/index.php/hardware/recent-scans
Cuerpo: {"ant_id":"all"}
2026-06-29 20:24:23 - POST /Estadias/backend/api/index.php/notifications/check_expiring
Cuerpo: 
2026-06-29 20:24:23 - GET /Estadias/backend/api/index.php/hardware/antennas-status
Cuerpo: 
2026-06-29 20:24:24 - GET /Estadias/backend/api/index.php/notifications/all
Cuerpo: 
2026-06-29 20:25:00 - POST /Estadias/backend/api/index.php/hardware/ping
Cuerpo: {"ant_id":1}
2026-06-29 20:25:22 - POST /Estadias/backend/api/index.php/hardware/recent-scans
Cuerpo: {"ant_id":"all"}
2026-06-29 20:25:23 - GET /Estadias/backend/api/index.php/hardware/antennas-status
Cuerpo: 
2026-06-29 20:25:24 - POST /Estadias/backend/api/index.php/notifications/check_expiring
Cuerpo: 
2026-06-29 20:25:25 - GET /Estadias/backend/api/index.php/notifications/all
Cuerpo: 
2026-06-29 20:26:00 - POST /Estadias/backend/api/index.php/hardware/ping
Cuerpo: {"ant_id":1}
2026-06-29 20:26:22 - POST /Estadias/backend/api/index.php/hardware/recent-scans
Cuerpo: {"ant_id":"all"}
2026-06-29 20:26:23 - GET /Estadias/backend/api/index.php/hardware/antennas-status
Cuerpo: 
2026-06-29 20:26:24 - POST /Estadias/backend/api/index.php/notifications/check_expiring
Cuerpo: 
2026-06-29 20:26:25 - GET /Estadias/backend/api/index.php/notifications/all
Cuerpo: 
2026-06-29 20:26:25 - POST /Estadias/backend/api/index.php/hardware/recent-scans
Cuerpo: {"ant_id":"all"}
2026-06-29 20:26:27 - GET /Estadias/backend/api/index.php/hardware/antennas-status
Cuerpo: 
2026-06-29 20:26:27 - POST /Estadias/backend/api/index.php/hardware/recent-scans
Cuerpo: {"ant_id":"all"}
2026-06-29 20:26:28 - GET /Estadias/backend/api/index.php/hardware/antennas-status
Cuerpo: 
2026-06-29 20:26:30 - POST /Estadias/backend/api/index.php/hardware/recent-scans
Cuerpo: {"ant_id":"all"}
2026-06-29 20:26:31 - GET /Estadias/backend/api/index.php/hardware/antennas-status
Cuerpo: 
2026-06-29 20:26:32 - POST /Estadias/backend/api/index.php/notifications/check_expiring
Cuerpo: 
2026-06-29 20:26:32 - POST /Estadias/backend/api/index.php/hardware/recent-scans
Cuerpo: {"ant_id":"all"}
2026-06-29 20:26:33 - GET /Estadias/backend/api/index.php/hardware/antennas-status
Cuerpo: 
2026-06-29 20:26:34 - POST /Estadias/backend/api/index.php/hardware/recent-scans
Cuerpo: {"ant_id":"all"}
2026-06-29 20:26:35 - GET /Estadias/backend/api/index.php/notifications/all
Cuerpo: 
2026-06-29 20:26:36 - GET /Estadias/backend/api/index.php/hardware/antennas-status
Cuerpo: 
2026-06-29 20:26:36 - POST /Estadias/backend/api/index.php/hardware/recent-scans
Cuerpo: {"ant_id":"all"}
2026-06-29 20:26:37 - POST /Estadias/backend/api/index.php/hardware/recent-scans
Cuerpo: {"ant_id":"all"}
2026-06-29 20:26:38 - GET /Estadias/backend/api/index.php/hardware/antennas-status
Cuerpo: 
2026-06-29 20:26:38 - POST /Estadias/backend/api/index.php/hardware/recent-scans
Cuerpo: {"ant_id":"all"}
2026-06-29 20:26:39 - GET /Estadias/backend/api/index.php/hardware/antennas-status
Cuerpo: 
2026-06-29 20:26:39 - GET /Estadias/backend/api/index.php/hardware/antennas-status
Cuerpo: 
2026-06-29 20:26:40 - POST /Estadias/backend/api/index.php/hardware/recent-scans
Cuerpo: {"ant_id":"all"}
2026-06-29 20:26:43 - GET /Estadias/backend/api/index.php/hardware/antennas-status
Cuerpo: 
2026-06-29 20:26:43 - POST /Estadias/backend/api/index.php/hardware/recent-scans
Cuerpo: {"ant_id":"all"}
2026-06-29 20:26:44 - GET /Estadias/backend/api/index.php/hardware/antennas-status
Cuerpo: 
2026-06-29 20:26:44 - POST /Estadias/backend/api/index.php/hardware/recent-scans
Cuerpo: {"ant_id":"all"}
2026-06-29 20:26:45 - GET /Estadias/backend/api/index.php/hardware/antennas-status
Cuerpo: 
2026-06-29 20:26:46 - POST /Estadias/backend/api/index.php/hardware/recent-scans
Cuerpo: {"ant_id":"all"}
2026-06-29 20:26:47 - GET /Estadias/backend/api/index.php/hardware/antennas-status
Cuerpo: 
2026-06-30 17:21:49 - GET /Estadias/SIGRAT/backend/api/index.php/notifications/all
Cuerpo: 
2026-06-30 17:21:49 - POST /Estadias/SIGRAT/backend/api/index.php/notifications/check_expiring
Cuerpo: 
2026-06-30 17:21:50 - GET /Estadias/SIGRAT/backend/api/index.php/notifications/all
Cuerpo: 
2026-06-30 17:21:53 - POST /Estadias/SIGRAT/backend/api/index.php/notifications/check_expiring
Cuerpo: 
2026-06-30 17:21:53 - GET /Estadias/SIGRAT/backend/api/index.php/notifications/all
Cuerpo: 
2026-06-30 17:22:00 - POST /Estadias/SIGRAT/backend/api/index.php/notifications/check_expiring
Cuerpo: 
2026-06-30 17:22:01 - GET /Estadias/SIGRAT/backend/api/index.php/notifications/all
Cuerpo: 
2026-06-30 17:23:00 - POST /Estadias/SIGRAT/backend/api/index.php/notifications/check_expiring
Cuerpo: 
2026-06-30 17:23:01 - GET /Estadias/SIGRAT/backend/api/index.php/notifications/all
Cuerpo: 
2026-06-30 17:24:00 - POST /Estadias/SIGRAT/backend/api/index.php/notifications/check_expiring
Cuerpo: 
2026-06-30 17:24:01 - GET /Estadias/SIGRAT/backend/api/index.php/notifications/all
Cuerpo: 
2026-06-30 17:25:00 - POST /Estadias/SIGRAT/backend/api/index.php/notifications/check_expiring
Cuerpo: 
2026-06-30 17:25:01 - GET /Estadias/SIGRAT/backend/api/index.php/notifications/all
Cuerpo: 
2026-06-30 17:26:00 - POST /Estadias/SIGRAT/backend/api/index.php/notifications/check_expiring
Cuerpo: 
2026-06-30 17:26:01 - GET /Estadias/SIGRAT/backend/api/index.php/notifications/all
Cuerpo: 
2026-06-30 17:27:01 - POST /Estadias/SIGRAT/backend/api/index.php/notifications/check_expiring
Cuerpo: 
2026-06-30 17:27:02 - GET /Estadias/SIGRAT/backend/api/index.php/notifications/all
Cuerpo: 
2026-06-30 17:28:01 - POST /Estadias/SIGRAT/backend/api/index.php/notifications/check_expiring
Cuerpo: 
2026-06-30 17:28:02 - GET /Estadias/SIGRAT/backend/api/index.php/notifications/all
Cuerpo: 
2026-06-30 17:29:01 - POST /Estadias/SIGRAT/backend/api/index.php/notifications/check_expiring
Cuerpo: 
2026-06-30 17:29:02 - GET /Estadias/SIGRAT/backend/api/index.php/notifications/all
Cuerpo: 
2026-06-30 17:29:40 - POST /Estadias/SIGRAT/backend/api/index.php/notifications/check_expiring
Cuerpo: 
2026-06-30 17:29:41 - GET /Estadias/SIGRAT/backend/api/index.php/notifications/all
Cuerpo: 
2026-06-30 17:30:40 - POST /Estadias/SIGRAT/backend/api/index.php/notifications/check_expiring
Cuerpo: 
2026-06-30 17:30:41 - GET /Estadias/SIGRAT/backend/api/index.php/notifications/all
Cuerpo: 
2026-06-30 17:31:40 - POST /Estadias/SIGRAT/backend/api/index.php/notifications/check_expiring
Cuerpo: 
2026-06-30 17:31:41 - GET /Estadias/SIGRAT/backend/api/index.php/notifications/all
Cuerpo: 
2026-06-30 17:32:40 - POST /Estadias/SIGRAT/backend/api/index.php/notifications/check_expiring
Cuerpo: 
2026-06-30 17:32:41 - GET /Estadias/SIGRAT/backend/api/index.php/notifications/all
Cuerpo: 
2026-06-30 17:33:40 - POST /Estadias/SIGRAT/backend/api/index.php/notifications/check_expiring
Cuerpo: 
2026-06-30 17:33:41 - GET /Estadias/SIGRAT/backend/api/index.php/notifications/all
Cuerpo: 
2026-06-30 17:33:59 - POST /Estadias/SIGRAT/backend/api/index.php/notifications/check_expiring
Cuerpo: 
2026-06-30 17:33:59 - GET /Estadias/SIGRAT/backend/api/index.php/notifications/all
Cuerpo: 
2026-06-30 17:34:38 - GET /Estadias/SIGRAT/backend/api/index.php/spaces
Cuerpo: 
2026-06-30 17:34:38 - GET /Estadias/SIGRAT/backend/api/index.php/reservations/pending
Cuerpo: 
2026-06-30 17:34:39 - POST /Estadias/SIGRAT/backend/api/index.php/notifications/check_expiring
Cuerpo: 
2026-06-30 17:34:39 - GET /Estadias/SIGRAT/backend/api/index.php/notifications/all
Cuerpo: 
2026-06-30 17:35:38 - POST /Estadias/SIGRAT/backend/api/index.php/notifications/check_expiring
Cuerpo: 
2026-06-30 17:35:39 - GET /Estadias/SIGRAT/backend/api/index.php/notifications/all
Cuerpo: 
2026-06-30 17:36:38 - POST /Estadias/SIGRAT/backend/api/index.php/notifications/check_expiring
Cuerpo: 
2026-06-30 17:36:39 - GET /Estadias/SIGRAT/backend/api/index.php/notifications/all
Cuerpo: 
2026-06-30 17:37:38 - POST /Estadias/SIGRAT/backend/api/index.php/notifications/check_expiring
Cuerpo: 
2026-06-30 17:37:39 - GET /Estadias/SIGRAT/backend/api/index.php/notifications/all
Cuerpo: 
2026-06-30 17:38:38 - POST /Estadias/SIGRAT/backend/api/index.php/notifications/check_expiring
Cuerpo: 
2026-06-30 17:38:39 - GET /Estadias/SIGRAT/backend/api/index.php/notifications/all
Cuerpo: 
2026-06-30 17:39:38 - POST /Estadias/SIGRAT/backend/api/index.php/notifications/check_expiring
Cuerpo: 
2026-06-30 17:39:39 - GET /Estadias/SIGRAT/backend/api/index.php/notifications/all
Cuerpo: 
2026-06-30 17:40:38 - POST /Estadias/SIGRAT/backend/api/index.php/notifications/check_expiring
Cuerpo: 
2026-06-30 17:40:39 - GET /Estadias/SIGRAT/backend/api/index.php/notifications/all
Cuerpo: 
2026-06-30 17:41:38 - POST /Estadias/SIGRAT/backend/api/index.php/notifications/check_expiring
Cuerpo: 
2026-06-30 17:41:39 - GET /Estadias/SIGRAT/backend/api/index.php/notifications/all
Cuerpo: 
2026-06-30 17:42:39 - POST /Estadias/SIGRAT/backend/api/index.php/notifications/check_expiring
Cuerpo: 
2026-06-30 17:42:40 - GET /Estadias/SIGRAT/backend/api/index.php/notifications/all
Cuerpo: 
2026-06-30 17:43:40 - POST /Estadias/SIGRAT/backend/api/index.php/notifications/check_expiring
Cuerpo: 
2026-06-30 17:43:41 - GET /Estadias/SIGRAT/backend/api/index.php/notifications/all
Cuerpo: 
2026-06-30 17:44:41 - POST /Estadias/SIGRAT/backend/api/index.php/notifications/check_expiring
Cuerpo: 
2026-06-30 17:44:42 - GET /Estadias/SIGRAT/backend/api/index.php/notifications/all
Cuerpo: 
2026-06-30 17:45:42 - POST /Estadias/SIGRAT/backend/api/index.php/notifications/check_expiring
Cuerpo: 
2026-06-30 17:45:43 - GET /Estadias/SIGRAT/backend/api/index.php/notifications/all
Cuerpo: 
2026-06-30 17:46:43 - POST /Estadias/SIGRAT/backend/api/index.php/notifications/check_expiring
Cuerpo: 
2026-06-30 17:46:44 - GET /Estadias/SIGRAT/backend/api/index.php/notifications/all
Cuerpo: 
2026-06-30 17:47:44 - POST /Estadias/SIGRAT/backend/api/index.php/notifications/check_expiring
Cuerpo: 
2026-06-30 17:47:45 - GET /Estadias/SIGRAT/backend/api/index.php/notifications/all
Cuerpo: 
2026-06-30 17:48:45 - POST /Estadias/SIGRAT/backend/api/index.php/notifications/check_expiring
Cuerpo: 
2026-06-30 17:48:46 - GET /Estadias/SIGRAT/backend/api/index.php/notifications/all
Cuerpo: 
2026-06-30 17:49:46 - POST /Estadias/SIGRAT/backend/api/index.php/notifications/check_expiring
Cuerpo: 
2026-06-30 17:49:47 - GET /Estadias/SIGRAT/backend/api/index.php/notifications/all
Cuerpo: 
2026-06-30 17:50:47 - POST /Estadias/SIGRAT/backend/api/index.php/notifications/check_expiring
Cuerpo: 
2026-06-30 17:50:48 - GET /Estadias/SIGRAT/backend/api/index.php/notifications/all
Cuerpo: 
2026-06-30 17:51:23 - POST /Estadias/SIGRAT/backend/api/index.php/notifications/check_expiring
Cuerpo: 
2026-06-30 17:51:23 - GET /Estadias/SIGRAT/backend/api/index.php/notifications/all
Cuerpo: 
2026-06-30 17:52:23 - POST /Estadias/SIGRAT/backend/api/index.php/notifications/check_expiring
Cuerpo: 
2026-06-30 17:52:24 - GET /Estadias/SIGRAT/backend/api/index.php/notifications/all
Cuerpo: 
2026-06-30 17:53:23 - POST /Estadias/SIGRAT/backend/api/index.php/notifications/check_expiring
Cuerpo: 
2026-06-30 17:53:23 - GET /Estadias/SIGRAT/backend/api/index.php/notifications/all
Cuerpo: 
2026-06-30 17:53:30 - POST /Estadias/SIGRAT/backend/api/index.php/notifications/check_expiring
Cuerpo: 
2026-06-30 17:53:30 - GET /Estadias/SIGRAT/backend/api/index.php/calendar/events
Cuerpo: 
2026-06-30 17:53:31 - GET /Estadias/SIGRAT/backend/api/index.php/notifications/all
Cuerpo: 
2026-06-30 17:54:30 - POST /Estadias/SIGRAT/backend/api/index.php/notifications/check_expiring
Cuerpo: 
2026-06-30 17:54:31 - GET /Estadias/SIGRAT/backend/api/index.php/notifications/all
Cuerpo: 
2026-06-30 17:55:30 - POST /Estadias/SIGRAT/backend/api/index.php/notifications/check_expiring
Cuerpo: 
2026-06-30 17:55:31 - GET /Estadias/SIGRAT/backend/api/index.php/notifications/all
Cuerpo: 
2026-06-30 17:56:30 - POST /Estadias/SIGRAT/backend/api/index.php/notifications/check_expiring
Cuerpo: 
2026-06-30 17:56:31 - GET /Estadias/SIGRAT/backend/api/index.php/notifications/all
Cuerpo: 
2026-06-30 17:56:58 - POST /Estadias/SIGRAT/backend/api/index.php/notifications/check_expiring
Cuerpo: 
2026-06-30 17:56:59 - GET /Estadias/SIGRAT/backend/api/index.php/calendar/events
Cuerpo: 
2026-06-30 17:56:59 - GET /Estadias/SIGRAT/backend/api/index.php/notifications/all
Cuerpo: 
2026-06-30 17:57:58 - POST /Estadias/SIGRAT/backend/api/index.php/notifications/check_expiring
Cuerpo: 
2026-06-30 17:57:59 - GET /Estadias/SIGRAT/backend/api/index.php/notifications/all
Cuerpo: 
2026-06-30 17:58:34 - POST /Estadias/SIGRAT/backend/api/index.php/notifications/check_expiring
Cuerpo: 
2026-06-30 17:58:34 - GET /Estadias/SIGRAT/backend/api/index.php/calendar/events
Cuerpo: 
2026-06-30 17:58:35 - GET /Estadias/SIGRAT/backend/api/index.php/notifications/all
Cuerpo: 
2026-06-30 17:58:50 - POST /Estadias/SIGRAT/backend/api/index.php/notifications/check_expiring
Cuerpo: 
2026-06-30 17:58:51 - GET /Estadias/SIGRAT/backend/api/index.php/notifications/all
Cuerpo: 
2026-06-30 17:59:07 - POST /Estadias/SIGRAT/backend/api/index.php/notifications/check_expiring
Cuerpo: 
2026-06-30 17:59:08 - GET /Estadias/SIGRAT/backend/api/index.php/notifications/all
Cuerpo: 
2026-06-30 18:00:07 - POST /Estadias/SIGRAT/backend/api/index.php/notifications/check_expiring
Cuerpo: 
2026-06-30 18:00:08 - GET /Estadias/SIGRAT/backend/api/index.php/notifications/all
Cuerpo: 
2026-06-30 18:00:34 - POST /Estadias/SIGRAT/backend/api/index.php/notifications/check_expiring
Cuerpo: 
2026-06-30 18:00:34 - GET /Estadias/SIGRAT/backend/api/index.php/calendar/events
Cuerpo: 
2026-06-30 18:00:35 - GET /Estadias/SIGRAT/backend/api/index.php/notifications/all
Cuerpo: 
2026-06-30 18:00:45 - POST /Estadias/SIGRAT/backend/api/index.php/notifications/check_expiring
Cuerpo: 
2026-06-30 18:00:46 - GET /Estadias/SIGRAT/backend/api/index.php/notifications/all
Cuerpo: 
2026-06-30 18:01:05 - GET /Estadias/SIGRAT/backend/api/index.php/calendar/events
Cuerpo: 
2026-06-30 18:01:05 - POST /Estadias/SIGRAT/backend/api/index.php/notifications/check_expiring
Cuerpo: 
2026-06-30 18:01:06 - GET /Estadias/SIGRAT/backend/api/index.php/notifications/all
Cuerpo: 
2026-06-30 18:01:17 - POST /Estadias/SIGRAT/backend/api/index.php/notifications/check_expiring
Cuerpo: 
2026-06-30 18:01:17 - GET /Estadias/SIGRAT/backend/api/index.php/notifications/all
Cuerpo: 
2026-06-30 18:01:40 - POST /Estadias/SIGRAT/backend/api/index.php/notifications/check_expiring
Cuerpo: 
2026-06-30 18:01:40 - GET /Estadias/SIGRAT/backend/api/index.php/notifications/all
Cuerpo: 
2026-06-30 18:01:56 - GET /Estadias/SIGRAT/backend/api/index.php/reservations/pending
Cuerpo: 
2026-06-30 18:01:56 - GET /Estadias/SIGRAT/backend/api/index.php/spaces
Cuerpo: 
2026-06-30 18:01:57 - POST /Estadias/SIGRAT/backend/api/index.php/notifications/check_expiring
Cuerpo: 
2026-06-30 18:01:57 - GET /Estadias/SIGRAT/backend/api/index.php/notifications/all
Cuerpo: 
2026-06-30 18:02:02 - POST /Estadias/SIGRAT/backend/api/index.php/notifications/check_expiring
Cuerpo: 
2026-06-30 18:02:03 - GET /Estadias/SIGRAT/backend/api/index.php/notifications/all
Cuerpo: 
2026-06-30 18:02:10 - POST /Estadias/SIGRAT/backend/api/index.php/notifications/check_expiring
Cuerpo: 
2026-06-30 18:02:11 - GET /Estadias/SIGRAT/backend/api/index.php/notifications/all
Cuerpo: 
2026-06-30 18:02:34 - POST /Estadias/SIGRAT/backend/api/index.php/notifications/check_expiring
Cuerpo: 
2026-06-30 18:02:34 - GET /Estadias/SIGRAT/backend/api/index.php/notifications/all
Cuerpo: 
2026-06-30 18:02:39 - POST /Estadias/SIGRAT/backend/api/index.php/notifications/check_expiring
Cuerpo: 
2026-06-30 18:02:39 - GET /Estadias/SIGRAT/backend/api/index.php/notifications/all
Cuerpo: 
2026-06-30 18:02:47 - POST /Estadias/SIGRAT/backend/api/index.php/notifications/check_expiring
Cuerpo: 
2026-06-30 18:02:48 - GET /Estadias/SIGRAT/backend/api/index.php/notifications/all
Cuerpo: 
2026-06-30 18:03:48 - POST /Estadias/SIGRAT/backend/api/index.php/notifications/check_expiring
Cuerpo: 
2026-06-30 18:03:49 - GET /Estadias/SIGRAT/backend/api/index.php/notifications/all
Cuerpo: 
2026-06-30 18:04:48 - POST /Estadias/SIGRAT/backend/api/index.php/notifications/check_expiring
Cuerpo: 
2026-06-30 18:04:49 - GET /Estadias/SIGRAT/backend/api/index.php/notifications/all
Cuerpo: 
2026-06-30 18:05:48 - POST /Estadias/SIGRAT/backend/api/index.php/notifications/check_expiring
Cuerpo: 
2026-06-30 18:05:49 - GET /Estadias/SIGRAT/backend/api/index.php/notifications/all
Cuerpo: 
2026-06-30 18:06:48 - POST /Estadias/SIGRAT/backend/api/index.php/notifications/check_expiring
Cuerpo: 
2026-06-30 18:06:49 - GET /Estadias/SIGRAT/backend/api/index.php/notifications/all
Cuerpo: 
2026-06-30 18:07:48 - POST /Estadias/SIGRAT/backend/api/index.php/notifications/check_expiring
Cuerpo: 
2026-06-30 18:07:49 - GET /Estadias/SIGRAT/backend/api/index.php/notifications/all
Cuerpo: 
2026-06-30 18:08:43 - POST /Estadias/SIGRAT/backend/api/index.php/notifications/check_expiring
Cuerpo: 
2026-06-30 18:08:44 - GET /Estadias/SIGRAT/backend/api/index.php/notifications/all
Cuerpo: 
2026-06-30 18:08:49 - POST /Estadias/SIGRAT/backend/api/index.php/notifications/check_expiring
Cuerpo: 
2026-06-30 18:08:50 - GET /Estadias/SIGRAT/backend/api/index.php/notifications/all
Cuerpo: 
2026-06-30 18:09:10 - POST /Estadias/SIGRAT/backend/api/index.php/notifications/check_expiring
Cuerpo: 
2026-06-30 18:09:11 - GET /Estadias/SIGRAT/backend/api/index.php/notifications/all
Cuerpo: 
2026-06-30 18:09:15 - GET /Estadias/SIGRAT/backend/api/index.php/reservations/pending
Cuerpo: 
2026-06-30 18:09:15 - GET /Estadias/SIGRAT/backend/api/index.php/spaces
Cuerpo: 
2026-06-30 18:09:16 - POST /Estadias/SIGRAT/backend/api/index.php/notifications/check_expiring
Cuerpo: 
2026-06-30 18:09:16 - GET /Estadias/SIGRAT/backend/api/index.php/notifications/all
Cuerpo: 
2026-06-30 18:09:19 - POST /Estadias/SIGRAT/backend/api/index.php/notifications/check_expiring
Cuerpo: 
2026-06-30 18:09:20 - GET /Estadias/SIGRAT/backend/api/index.php/notifications/all
Cuerpo: 
2026-06-30 18:09:24 - POST /Estadias/SIGRAT/backend/api/index.php/notifications/check_expiring
Cuerpo: 
2026-06-30 18:09:25 - GET /Estadias/SIGRAT/backend/api/index.php/notifications/all
Cuerpo: 
2026-06-30 18:09:43 - POST /Estadias/SIGRAT/backend/api/index.php/notifications/check_expiring
Cuerpo: 
2026-06-30 18:09:43 - GET /Estadias/SIGRAT/backend/api/index.php/notifications/all
Cuerpo: 
2026-06-30 18:09:55 - POST /Estadias/SIGRAT/backend/api/index.php/notifications/check_expiring
Cuerpo: 
2026-06-30 18:09:56 - GET /Estadias/SIGRAT/backend/api/index.php/notifications/all
Cuerpo: 
2026-06-30 18:10:11 - POST /Estadias/SIGRAT/backend/api/index.php/notifications/check_expiring
Cuerpo: 
2026-06-30 18:10:12 - GET /Estadias/SIGRAT/backend/api/index.php/notifications/all
Cuerpo: 
2026-06-30 18:10:39 - POST /Estadias/SIGRAT/backend/api/index.php/notifications/check_expiring
Cuerpo: 
2026-06-30 18:10:39 - GET /Estadias/SIGRAT/backend/api/index.php/notifications/all
Cuerpo: 
2026-06-30 18:11:39 - POST /Estadias/SIGRAT/backend/api/index.php/notifications/check_expiring
Cuerpo: 
2026-06-30 18:11:40 - GET /Estadias/SIGRAT/backend/api/index.php/notifications/all
Cuerpo: 
2026-06-30 18:12:39 - POST /Estadias/SIGRAT/backend/api/index.php/notifications/check_expiring
Cuerpo: 
2026-06-30 18:12:40 - GET /Estadias/SIGRAT/backend/api/index.php/notifications/all
Cuerpo: 
2026-06-30 18:13:39 - POST /Estadias/SIGRAT/backend/api/index.php/notifications/check_expiring
Cuerpo: 
2026-06-30 18:13:41 - GET /Estadias/SIGRAT/backend/api/index.php/notifications/all
Cuerpo: 
2026-06-30 18:14:39 - POST /Estadias/SIGRAT/backend/api/index.php/notifications/check_expiring
Cuerpo: 
2026-06-30 18:14:40 - GET /Estadias/SIGRAT/backend/api/index.php/notifications/all
Cuerpo: 
2026-06-30 18:14:59 - POST /Estadias/SIGRAT/backend/api/index.php/notifications/check_expiring
Cuerpo: 
2026-06-30 18:14:59 - GET /Estadias/SIGRAT/backend/api/index.php/notifications/all
Cuerpo: 
2026-06-30 18:15:01 - POST /Estadias/SIGRAT/backend/api/index.php/notifications/check_expiring
Cuerpo: 
2026-06-30 18:15:02 - GET /Estadias/SIGRAT/backend/api/index.php/notifications/all
Cuerpo: 
2026-06-30 18:16:01 - POST /Estadias/SIGRAT/backend/api/index.php/notifications/check_expiring
Cuerpo: 
2026-06-30 18:16:02 - GET /Estadias/SIGRAT/backend/api/index.php/notifications/all
Cuerpo: 
2026-06-30 18:17:01 - POST /Estadias/SIGRAT/backend/api/index.php/notifications/check_expiring
Cuerpo: 
2026-06-30 18:17:02 - GET /Estadias/SIGRAT/backend/api/index.php/notifications/all
Cuerpo: 
2026-06-30 18:18:01 - POST /Estadias/SIGRAT/backend/api/index.php/notifications/check_expiring
Cuerpo: 
2026-06-30 18:18:02 - GET /Estadias/SIGRAT/backend/api/index.php/notifications/all
Cuerpo: 
2026-06-30 18:19:01 - POST /Estadias/SIGRAT/backend/api/index.php/notifications/check_expiring
Cuerpo: 
2026-06-30 18:19:02 - GET /Estadias/SIGRAT/backend/api/index.php/notifications/all
Cuerpo: 
2026-06-30 18:20:01 - POST /Estadias/SIGRAT/backend/api/index.php/notifications/check_expiring
Cuerpo: 
2026-06-30 18:20:02 - GET /Estadias/SIGRAT/backend/api/index.php/notifications/all
Cuerpo: 
2026-06-30 18:20:38 - POST /Estadias/SIGRAT/backend/api/index.php/notifications/check_expiring
Cuerpo: 
2026-06-30 18:20:38 - GET /Estadias/SIGRAT/backend/api/index.php/notifications/all
Cuerpo: 
2026-06-30 18:21:38 - POST /Estadias/SIGRAT/backend/api/index.php/notifications/check_expiring
Cuerpo: 
2026-06-30 18:21:39 - GET /Estadias/SIGRAT/backend/api/index.php/notifications/all
Cuerpo: 
2026-06-30 18:22:38 - POST /Estadias/SIGRAT/backend/api/index.php/notifications/check_expiring
Cuerpo: 
2026-06-30 18:22:39 - GET /Estadias/SIGRAT/backend/api/index.php/notifications/all
Cuerpo: 
2026-06-30 18:23:38 - POST /Estadias/SIGRAT/backend/api/index.php/notifications/check_expiring
Cuerpo: 
2026-06-30 18:23:39 - GET /Estadias/SIGRAT/backend/api/index.php/notifications/all
Cuerpo: 
2026-06-30 18:24:38 - POST /Estadias/SIGRAT/backend/api/index.php/notifications/check_expiring
Cuerpo: 
2026-06-30 18:24:39 - GET /Estadias/SIGRAT/backend/api/index.php/notifications/all
Cuerpo: 
2026-06-30 18:25:14 - POST /Estadias/SIGRAT/backend/api/index.php/notifications/check_expiring
Cuerpo: 
2026-06-30 18:25:15 - GET /Estadias/SIGRAT/backend/api/index.php/notifications/all
Cuerpo: 
2026-06-30 18:26:15 - POST /Estadias/SIGRAT/backend/api/index.php/notifications/check_expiring
Cuerpo: 
2026-06-30 18:26:16 - GET /Estadias/SIGRAT/backend/api/index.php/notifications/all
Cuerpo: 
2026-06-30 18:27:16 - POST /Estadias/SIGRAT/backend/api/index.php/notifications/check_expiring
Cuerpo: 
2026-06-30 18:27:17 - GET /Estadias/SIGRAT/backend/api/index.php/notifications/all
Cuerpo: 
2026-06-30 18:28:16 - POST /Estadias/SIGRAT/backend/api/index.php/notifications/check_expiring
Cuerpo: 
2026-06-30 18:28:17 - GET /Estadias/SIGRAT/backend/api/index.php/notifications/all
Cuerpo: 
2026-06-30 18:29:02 - POST /Estadias/SIGRAT/backend/api/index.php/notifications/check_expiring
Cuerpo: 
2026-06-30 18:29:03 - GET /Estadias/SIGRAT/backend/api/index.php/notifications/all
Cuerpo: 
2026-06-30 18:30:16 - POST /Estadias/SIGRAT/backend/api/index.php/notifications/check_expiring
Cuerpo: 
2026-06-30 18:30:17 - GET /Estadias/SIGRAT/backend/api/index.php/notifications/all
Cuerpo: 
2026-06-30 18:31:03 - POST /Estadias/SIGRAT/backend/api/index.php/notifications/check_expiring
Cuerpo: 
2026-06-30 18:31:04 - GET /Estadias/SIGRAT/backend/api/index.php/notifications/all
Cuerpo: 
2026-06-30 18:32:03 - POST /Estadias/SIGRAT/backend/api/index.php/notifications/check_expiring
Cuerpo: 
2026-06-30 18:32:04 - GET /Estadias/SIGRAT/backend/api/index.php/notifications/all
Cuerpo: 
2026-06-30 18:33:03 - POST /Estadias/SIGRAT/backend/api/index.php/notifications/check_expiring
Cuerpo: 
2026-06-30 18:33:04 - GET /Estadias/SIGRAT/backend/api/index.php/notifications/all
Cuerpo: 
2026-06-30 18:34:03 - POST /Estadias/SIGRAT/backend/api/index.php/notifications/check_expiring
Cuerpo: 
2026-06-30 18:34:04 - GET /Estadias/SIGRAT/backend/api/index.php/notifications/all
Cuerpo: 
2026-06-30 18:35:03 - POST /Estadias/SIGRAT/backend/api/index.php/notifications/check_expiring
Cuerpo: 
2026-06-30 18:35:04 - GET /Estadias/SIGRAT/backend/api/index.php/notifications/all
Cuerpo: 
2026-06-30 18:36:03 - POST /Estadias/SIGRAT/backend/api/index.php/notifications/check_expiring
Cuerpo: 
2026-06-30 18:36:04 - GET /Estadias/SIGRAT/backend/api/index.php/notifications/all
Cuerpo: 
2026-06-30 18:37:04 - POST /Estadias/SIGRAT/backend/api/index.php/notifications/check_expiring
Cuerpo: 
2026-06-30 18:37:05 - GET /Estadias/SIGRAT/backend/api/index.php/notifications/all
Cuerpo: 
2026-06-30 18:38:05 - POST /Estadias/SIGRAT/backend/api/index.php/notifications/check_expiring
Cuerpo: 
2026-06-30 18:38:06 - GET /Estadias/SIGRAT/backend/api/index.php/notifications/all
Cuerpo: 
2026-06-30 18:39:06 - POST /Estadias/SIGRAT/backend/api/index.php/notifications/check_expiring
Cuerpo: 
2026-06-30 18:39:07 - GET /Estadias/SIGRAT/backend/api/index.php/notifications/all
Cuerpo: 
2026-06-30 18:40:07 - POST /Estadias/SIGRAT/backend/api/index.php/notifications/check_expiring
Cuerpo: 
2026-06-30 18:40:08 - GET /Estadias/SIGRAT/backend/api/index.php/notifications/all
Cuerpo: 
2026-06-30 18:41:08 - POST /Estadias/SIGRAT/backend/api/index.php/notifications/check_expiring
Cuerpo: 
2026-06-30 18:41:09 - GET /Estadias/SIGRAT/backend/api/index.php/notifications/all
Cuerpo: 
2026-06-30 18:42:09 - POST /Estadias/SIGRAT/backend/api/index.php/notifications/check_expiring
Cuerpo: 
2026-06-30 18:42:10 - GET /Estadias/SIGRAT/backend/api/index.php/notifications/all
Cuerpo: 
2026-06-30 18:43:10 - POST /Estadias/SIGRAT/backend/api/index.php/notifications/check_expiring
Cuerpo: 
2026-06-30 18:43:11 - GET /Estadias/SIGRAT/backend/api/index.php/notifications/all
Cuerpo: 
2026-06-30 20:20:06 - POST /Estadias/SIGRAT/backend/api/index.php/notifications/check_expiring
Cuerpo: 
2026-06-30 20:20:07 - GET /Estadias/SIGRAT/backend/api/index.php/notifications/all
Cuerpo: 
2026-06-30 20:21:03 - POST /Estadias/SIGRAT/backend/api/index.php/notifications/check_expiring
Cuerpo: 
2026-06-30 20:21:04 - GET /Estadias/SIGRAT/backend/api/index.php/notifications/all
Cuerpo: 
2026-06-30 20:22:03 - POST /Estadias/SIGRAT/backend/api/index.php/notifications/check_expiring
Cuerpo: 
2026-06-30 20:22:04 - GET /Estadias/SIGRAT/backend/api/index.php/notifications/all
Cuerpo: 
2026-06-30 20:22:25 - POST /Estadias/SIGRAT/backend/api/index.php/notifications/check_expiring
Cuerpo: 
2026-06-30 20:22:25 - GET /Estadias/SIGRAT/backend/api/index.php/notifications/all
Cuerpo: 
2026-06-30 20:23:02 - POST /Estadias/SIGRAT/backend/api/index.php/notifications/check_expiring
Cuerpo: 
2026-06-30 20:23:03 - GET /Estadias/SIGRAT/backend/api/index.php/notifications/all
Cuerpo: 
2026-06-30 20:24:02 - POST /Estadias/SIGRAT/backend/api/index.php/notifications/check_expiring
Cuerpo: 
2026-06-30 20:24:03 - GET /Estadias/SIGRAT/backend/api/index.php/notifications/all
Cuerpo: 
2026-06-30 20:25:03 - POST /Estadias/SIGRAT/backend/api/index.php/notifications/check_expiring
Cuerpo: 
2026-06-30 20:25:04 - GET /Estadias/SIGRAT/backend/api/index.php/notifications/all
Cuerpo: 
2026-06-30 20:26:02 - POST /Estadias/SIGRAT/backend/api/index.php/notifications/check_expiring
Cuerpo: 
2026-06-30 20:26:03 - GET /Estadias/SIGRAT/backend/api/index.php/notifications/all
Cuerpo: 
2026-06-30 20:27:03 - POST /Estadias/SIGRAT/backend/api/index.php/notifications/check_expiring
Cuerpo: 
2026-06-30 20:27:04 - GET /Estadias/SIGRAT/backend/api/index.php/notifications/all
Cuerpo: 
2026-06-30 20:28:03 - POST /Estadias/SIGRAT/backend/api/index.php/notifications/check_expiring
Cuerpo: 
2026-06-30 20:28:04 - GET /Estadias/SIGRAT/backend/api/index.php/notifications/all
Cuerpo: 
2026-06-30 20:29:03 - POST /Estadias/SIGRAT/backend/api/index.php/notifications/check_expiring
Cuerpo: 
2026-06-30 20:29:04 - GET /Estadias/SIGRAT/backend/api/index.php/notifications/all
Cuerpo: 
2026-06-30 20:30:03 - POST /Estadias/SIGRAT/backend/api/index.php/notifications/check_expiring
Cuerpo: 
2026-06-30 20:30:04 - GET /Estadias/SIGRAT/backend/api/index.php/notifications/all
Cuerpo: 
2026-06-30 20:31:04 - POST /Estadias/SIGRAT/backend/api/index.php/notifications/check_expiring
Cuerpo: 
2026-06-30 20:31:05 - GET /Estadias/SIGRAT/backend/api/index.php/notifications/all
Cuerpo: 
2026-06-30 20:32:05 - POST /Estadias/SIGRAT/backend/api/index.php/notifications/check_expiring
Cuerpo: 
2026-06-30 20:32:06 - GET /Estadias/SIGRAT/backend/api/index.php/notifications/all
Cuerpo: 
2026-06-30 20:33:06 - POST /Estadias/SIGRAT/backend/api/index.php/notifications/check_expiring
Cuerpo: 
2026-06-30 20:33:10 - GET /Estadias/SIGRAT/backend/api/index.php/notifications/all
Cuerpo: 
2026-06-30 20:34:07 - POST /Estadias/SIGRAT/backend/api/index.php/notifications/check_expiring
Cuerpo: 
2026-06-30 20:34:08 - GET /Estadias/SIGRAT/backend/api/index.php/notifications/all
Cuerpo: 
2026-06-30 20:35:08 - POST /Estadias/SIGRAT/backend/api/index.php/notifications/check_expiring
Cuerpo: 
2026-06-30 20:35:09 - GET /Estadias/SIGRAT/backend/api/index.php/notifications/all
Cuerpo: 
2026-06-30 20:36:02 - POST /Estadias/SIGRAT/backend/api/index.php/notifications/check_expiring
Cuerpo: 
2026-06-30 20:36:03 - GET /Estadias/SIGRAT/backend/api/index.php/notifications/all
Cuerpo: 
2026-06-30 20:37:02 - POST /Estadias/SIGRAT/backend/api/index.php/notifications/check_expiring
Cuerpo: 
2026-06-30 20:37:03 - GET /Estadias/SIGRAT/backend/api/index.php/notifications/all
Cuerpo: 
2026-06-30 20:37:18 - POST /Estadias/SIGRAT/backend/api/index.php/notifications/check_expiring
Cuerpo: 
2026-06-30 20:37:19 - GET /Estadias/SIGRAT/backend/api/index.php/calendar/events
Cuerpo: 
2026-06-30 20:37:20 - GET /Estadias/SIGRAT/backend/api/index.php/notifications/all
Cuerpo: 
2026-06-30 20:38:18 - POST /Estadias/SIGRAT/backend/api/index.php/notifications/check_expiring
Cuerpo: 
2026-06-30 20:38:18 - GET /Estadias/SIGRAT/backend/api/index.php/notifications/all
Cuerpo: 
2026-06-30 20:39:18 - POST /Estadias/SIGRAT/backend/api/index.php/notifications/check_expiring
Cuerpo: 
2026-06-30 20:39:18 - GET /Estadias/SIGRAT/backend/api/index.php/notifications/all
Cuerpo: 
2026-06-30 20:40:18 - POST /Estadias/SIGRAT/backend/api/index.php/notifications/check_expiring
Cuerpo: 
2026-06-30 20:40:18 - GET /Estadias/SIGRAT/backend/api/index.php/notifications/all
Cuerpo: 
2026-06-30 20:41:18 - POST /Estadias/SIGRAT/backend/api/index.php/notifications/check_expiring
Cuerpo: 
2026-06-30 20:41:18 - GET /Estadias/SIGRAT/backend/api/index.php/notifications/all
Cuerpo: 
2026-06-30 20:42:18 - POST /Estadias/SIGRAT/backend/api/index.php/notifications/check_expiring
Cuerpo: 
2026-06-30 20:42:18 - GET /Estadias/SIGRAT/backend/api/index.php/notifications/all
Cuerpo: 
2026-06-30 20:43:18 - POST /Estadias/SIGRAT/backend/api/index.php/notifications/check_expiring
Cuerpo: 
2026-06-30 20:43:18 - GET /Estadias/SIGRAT/backend/api/index.php/notifications/all
Cuerpo: 
2026-06-30 20:44:18 - POST /Estadias/SIGRAT/backend/api/index.php/notifications/check_expiring
Cuerpo: 
2026-06-30 20:44:18 - GET /Estadias/SIGRAT/backend/api/index.php/notifications/all
Cuerpo: 
2026-06-30 20:45:18 - POST /Estadias/SIGRAT/backend/api/index.php/notifications/check_expiring
Cuerpo: 
2026-06-30 20:45:18 - GET /Estadias/SIGRAT/backend/api/index.php/notifications/all
Cuerpo: 
2026-06-30 20:46:18 - POST /Estadias/SIGRAT/backend/api/index.php/notifications/check_expiring
Cuerpo: 
2026-06-30 20:46:18 - GET /Estadias/SIGRAT/backend/api/index.php/notifications/all
Cuerpo: 
2026-06-30 20:47:18 - POST /Estadias/SIGRAT/backend/api/index.php/notifications/check_expiring
Cuerpo: 
2026-06-30 20:47:19 - GET /Estadias/SIGRAT/backend/api/index.php/notifications/all
Cuerpo: 
2026-06-30 20:47:50 - GET /Estadias/SIGRAT/backend/api/index.php/reservations/pending
Cuerpo: 
2026-06-30 20:47:50 - GET /Estadias/SIGRAT/backend/api/index.php/spaces
Cuerpo: 
2026-06-30 20:47:51 - POST /Estadias/SIGRAT/backend/api/index.php/notifications/check_expiring
Cuerpo: 
2026-06-30 20:47:51 - GET /Estadias/SIGRAT/backend/api/index.php/notifications/all
Cuerpo: 
2026-06-30 20:48:50 - POST /Estadias/SIGRAT/backend/api/index.php/notifications/check_expiring
Cuerpo: 
2026-06-30 20:48:50 - GET /Estadias/SIGRAT/backend/api/index.php/notifications/all
Cuerpo: 
2026-06-30 20:49:50 - POST /Estadias/SIGRAT/backend/api/index.php/notifications/check_expiring
Cuerpo: 
2026-06-30 20:49:51 - GET /Estadias/SIGRAT/backend/api/index.php/notifications/all
Cuerpo: 
2026-06-30 20:50:50 - POST /Estadias/SIGRAT/backend/api/index.php/notifications/check_expiring
Cuerpo: 
2026-06-30 20:50:50 - GET /Estadias/SIGRAT/backend/api/index.php/notifications/all
Cuerpo: 
2026-06-30 20:51:50 - POST /Estadias/SIGRAT/backend/api/index.php/notifications/check_expiring
Cuerpo: 
2026-06-30 20:51:50 - GET /Estadias/SIGRAT/backend/api/index.php/notifications/all
Cuerpo: 
2026-06-30 20:52:50 - POST /Estadias/SIGRAT/backend/api/index.php/notifications/check_expiring
Cuerpo: 
2026-06-30 20:52:50 - GET /Estadias/SIGRAT/backend/api/index.php/notifications/all
Cuerpo: 
2026-06-30 20:53:50 - POST /Estadias/SIGRAT/backend/api/index.php/notifications/check_expiring
Cuerpo: 
2026-06-30 20:53:50 - GET /Estadias/SIGRAT/backend/api/index.php/notifications/all
Cuerpo: 
2026-06-30 20:54:12 - POST /Estadias/SIGRAT/backend/api/index.php/notifications/check_expiring
Cuerpo: 
2026-06-30 20:54:13 - GET /Estadias/SIGRAT/backend/api/index.php/notifications/all
Cuerpo: 
2026-06-30 20:55:12 - POST /Estadias/SIGRAT/backend/api/index.php/notifications/check_expiring
Cuerpo: 
2026-06-30 20:55:13 - GET /Estadias/SIGRAT/backend/api/index.php/notifications/all
Cuerpo: 
2026-06-30 20:56:13 - POST /Estadias/SIGRAT/backend/api/index.php/notifications/check_expiring
Cuerpo: 
2026-06-30 20:56:14 - GET /Estadias/SIGRAT/backend/api/index.php/notifications/all
Cuerpo: 
2026-06-30 20:57:13 - POST /Estadias/SIGRAT/backend/api/index.php/notifications/check_expiring
Cuerpo: 
2026-06-30 20:57:14 - GET /Estadias/SIGRAT/backend/api/index.php/notifications/all
Cuerpo: 
2026-06-30 20:58:13 - POST /Estadias/SIGRAT/backend/api/index.php/notifications/check_expiring
Cuerpo: 
2026-06-30 20:58:14 - GET /Estadias/SIGRAT/backend/api/index.php/notifications/all
Cuerpo: 
2026-06-30 20:58:31 - POST /Estadias/SIGRAT/backend/api/index.php/notifications/check_expiring
Cuerpo: 
2026-06-30 20:58:31 - GET /Estadias/SIGRAT/backend/api/index.php/notifications/all
Cuerpo: 
2026-06-30 20:58:46 - POST /Estadias/SIGRAT/backend/api/index.php/notifications/check_expiring
Cuerpo: 
2026-06-30 20:58:46 - GET /Estadias/SIGRAT/backend/api/index.php/notifications/all
Cuerpo: 
2026-06-30 20:58:50 - POST /Estadias/SIGRAT/backend/api/index.php/notifications/check_expiring
Cuerpo: 
2026-06-30 20:58:50 - GET /Estadias/SIGRAT/backend/api/index.php/notifications/all
Cuerpo: 
2026-06-30 20:59:06 - POST /Estadias/SIGRAT/backend/api/index.php/notifications/check_expiring
Cuerpo: 
2026-06-30 20:59:07 - GET /Estadias/SIGRAT/backend/api/index.php/notifications/all
Cuerpo: 
2026-06-30 20:59:17 - GET /Estadias/SIGRAT/backend/api/index.php/dashboard?rango=mes
Cuerpo: 
2026-06-30 20:59:19 - GET /Estadias/SIGRAT/backend/api/index.php/dashboard?rango=semana
Cuerpo: 
2026-06-30 21:00:05 - POST /Estadias/SIGRAT/backend/api/index.php/notifications/check_expiring
Cuerpo: 
2026-06-30 21:00:06 - GET /Estadias/SIGRAT/backend/api/index.php/notifications/all
Cuerpo: 
2026-06-30 21:01:06 - POST /Estadias/SIGRAT/backend/api/index.php/notifications/check_expiring
Cuerpo: 
2026-06-30 21:01:07 - GET /Estadias/SIGRAT/backend/api/index.php/notifications/all
Cuerpo: 
2026-06-30 21:02:06 - POST /Estadias/SIGRAT/backend/api/index.php/notifications/check_expiring
Cuerpo: 
2026-06-30 21:02:07 - GET /Estadias/SIGRAT/backend/api/index.php/notifications/all
Cuerpo: 
2026-06-30 21:02:55 - POST /Estadias/SIGRAT/backend/api/index.php/notifications/check_expiring
Cuerpo: 
2026-06-30 21:02:56 - GET /Estadias/SIGRAT/backend/api/index.php/notifications/all
Cuerpo: 
2026-06-30 21:03:53 - POST /Estadias/SIGRAT/backend/api/index.php/notifications/check_expiring
Cuerpo: 
2026-06-30 21:03:54 - GET /Estadias/SIGRAT/backend/api/index.php/notifications/all
Cuerpo: 
2026-06-30 21:04:14 - POST /Estadias/SIGRAT/backend/api/index.php/notifications/check_expiring
Cuerpo: 
2026-06-30 21:04:15 - GET /Estadias/SIGRAT/backend/api/index.php/notifications/all
Cuerpo: 
2026-06-30 21:07:19 - POST /Estadias/SIGRAT/backend/api/index.php/notifications/check_expiring
Cuerpo: 
2026-06-30 21:07:20 - GET /Estadias/SIGRAT/backend/api/index.php/notifications/all
Cuerpo: 
2026-06-30 21:08:14 - POST /Estadias/SIGRAT/backend/api/index.php/notifications/check_expiring
Cuerpo: 
2026-06-30 21:08:15 - GET /Estadias/SIGRAT/backend/api/index.php/notifications/all
Cuerpo: 
2026-06-30 21:09:14 - POST /Estadias/SIGRAT/backend/api/index.php/notifications/check_expiring
Cuerpo: 
2026-06-30 21:09:15 - GET /Estadias/SIGRAT/backend/api/index.php/notifications/all
Cuerpo: 
2026-06-30 21:10:14 - POST /Estadias/SIGRAT/backend/api/index.php/notifications/check_expiring
Cuerpo: 
2026-06-30 21:10:15 - GET /Estadias/SIGRAT/backend/api/index.php/notifications/all
Cuerpo: 
2026-06-30 21:11:14 - POST /Estadias/SIGRAT/backend/api/index.php/notifications/check_expiring
Cuerpo: 
2026-06-30 21:11:15 - GET /Estadias/SIGRAT/backend/api/index.php/notifications/all
Cuerpo: 
2026-06-30 21:12:14 - POST /Estadias/SIGRAT/backend/api/index.php/notifications/check_expiring
Cuerpo: 
2026-06-30 21:12:15 - GET /Estadias/SIGRAT/backend/api/index.php/notifications/all
Cuerpo: 
2026-06-30 21:13:14 - POST /Estadias/SIGRAT/backend/api/index.php/notifications/check_expiring
Cuerpo: 
2026-06-30 21:13:15 - GET /Estadias/SIGRAT/backend/api/index.php/notifications/all
Cuerpo: 
2026-06-30 21:14:34 - POST /Estadias/SIGRAT/backend/api/index.php/notifications/check_expiring
Cuerpo: 
2026-06-30 21:14:35 - GET /Estadias/SIGRAT/backend/api/index.php/notifications/all
Cuerpo: 
2026-06-30 21:15:25 - POST /Estadias/SIGRAT/backend/api/index.php/notifications/check_expiring
Cuerpo: 
2026-06-30 21:15:25 - GET /Estadias/SIGRAT/backend/api/index.php/notifications/all
Cuerpo: 
2026-06-30 21:16:14 - POST /Estadias/SIGRAT/backend/api/index.php/notifications/check_expiring
Cuerpo: 
2026-06-30 21:16:15 - GET /Estadias/SIGRAT/backend/api/index.php/notifications/all
Cuerpo: 
2026-06-30 21:17:14 - POST /Estadias/SIGRAT/backend/api/index.php/notifications/check_expiring
Cuerpo: 
2026-06-30 21:17:15 - GET /Estadias/SIGRAT/backend/api/index.php/notifications/all
Cuerpo: 
2026-06-30 21:18:14 - POST /Estadias/SIGRAT/backend/api/index.php/notifications/check_expiring
Cuerpo: 
2026-06-30 21:18:15 - GET /Estadias/SIGRAT/backend/api/index.php/notifications/all
Cuerpo: 
2026-06-30 21:19:14 - POST /Estadias/SIGRAT/backend/api/index.php/notifications/check_expiring
Cuerpo: 
2026-06-30 21:19:15 - GET /Estadias/SIGRAT/backend/api/index.php/notifications/all
Cuerpo: 
2026-06-30 21:20:14 - POST /Estadias/SIGRAT/backend/api/index.php/notifications/check_expiring
Cuerpo: 
2026-06-30 21:20:15 - GET /Estadias/SIGRAT/backend/api/index.php/notifications/all
Cuerpo: 
2026-06-30 21:21:14 - POST /Estadias/SIGRAT/backend/api/index.php/notifications/check_expiring
Cuerpo: 
2026-06-30 21:21:15 - GET /Estadias/SIGRAT/backend/api/index.php/notifications/all
Cuerpo: 
2026-06-30 21:22:14 - POST /Estadias/SIGRAT/backend/api/index.php/notifications/check_expiring
Cuerpo: 
2026-06-30 21:22:15 - GET /Estadias/SIGRAT/backend/api/index.php/notifications/all
Cuerpo: 
2026-06-30 21:23:14 - POST /Estadias/SIGRAT/backend/api/index.php/notifications/check_expiring
Cuerpo: 
2026-06-30 21:23:15 - GET /Estadias/SIGRAT/backend/api/index.php/notifications/all
Cuerpo: 
2026-06-30 21:24:34 - POST /Estadias/SIGRAT/backend/api/index.php/notifications/check_expiring
Cuerpo: 
2026-06-30 21:24:35 - GET /Estadias/SIGRAT/backend/api/index.php/notifications/all
Cuerpo: 
2026-06-30 21:25:34 - POST /Estadias/SIGRAT/backend/api/index.php/notifications/check_expiring
Cuerpo: 
2026-06-30 21:25:36 - GET /Estadias/SIGRAT/backend/api/index.php/notifications/all
Cuerpo: 
2026-06-30 21:26:34 - POST /Estadias/SIGRAT/backend/api/index.php/notifications/check_expiring
Cuerpo: 
2026-06-30 21:26:35 - GET /Estadias/SIGRAT/backend/api/index.php/notifications/all
Cuerpo: 
2026-06-30 21:26:40 - POST /Estadias/SIGRAT/backend/api/index.php/notifications/check_expiring
Cuerpo: 
2026-06-30 21:26:41 - GET /Estadias/SIGRAT/backend/api/index.php/notifications/all
Cuerpo: 
2026-06-30 21:26:44 - POST /Estadias/SIGRAT/backend/api/index.php/notifications/check_expiring
Cuerpo: 
2026-06-30 21:26:45 - GET /Estadias/SIGRAT/backend/api/index.php/notifications/all
Cuerpo: 
2026-06-30 21:27:44 - POST /Estadias/SIGRAT/backend/api/index.php/notifications/check_expiring
Cuerpo: 
2026-06-30 21:27:45 - GET /Estadias/SIGRAT/backend/api/index.php/notifications/all
Cuerpo: 
2026-06-30 21:28:45 - POST /Estadias/SIGRAT/backend/api/index.php/notifications/check_expiring
Cuerpo: 
2026-06-30 21:28:46 - GET /Estadias/SIGRAT/backend/api/index.php/notifications/all
Cuerpo: 
2026-06-30 21:29:45 - POST /Estadias/SIGRAT/backend/api/index.php/notifications/check_expiring
Cuerpo: 
2026-06-30 21:29:46 - GET /Estadias/SIGRAT/backend/api/index.php/notifications/all
Cuerpo: 
2026-06-30 21:30:45 - POST /Estadias/SIGRAT/backend/api/index.php/notifications/check_expiring
Cuerpo: 
2026-06-30 21:30:46 - GET /Estadias/SIGRAT/backend/api/index.php/notifications/all
Cuerpo: 
2026-06-30 21:31:45 - POST /Estadias/SIGRAT/backend/api/index.php/notifications/check_expiring
Cuerpo: 
2026-06-30 21:31:46 - GET /Estadias/SIGRAT/backend/api/index.php/notifications/all
Cuerpo: 
2026-06-30 21:32:45 - POST /Estadias/SIGRAT/backend/api/index.php/notifications/check_expiring
Cuerpo: 
2026-06-30 21:32:46 - GET /Estadias/SIGRAT/backend/api/index.php/notifications/all
Cuerpo: 
2026-06-30 21:33:45 - POST /Estadias/SIGRAT/backend/api/index.php/notifications/check_expiring
Cuerpo: 
2026-06-30 21:33:46 - GET /Estadias/SIGRAT/backend/api/index.php/notifications/all
Cuerpo: 
2026-06-30 21:34:45 - POST /Estadias/SIGRAT/backend/api/index.php/notifications/check_expiring
Cuerpo: 
2026-06-30 21:34:46 - GET /Estadias/SIGRAT/backend/api/index.php/notifications/all
Cuerpo: 
2026-06-30 21:35:46 - POST /Estadias/SIGRAT/backend/api/index.php/notifications/check_expiring
Cuerpo: 
2026-06-30 21:35:47 - GET /Estadias/SIGRAT/backend/api/index.php/notifications/all
Cuerpo: 
2026-06-30 21:36:47 - POST /Estadias/SIGRAT/backend/api/index.php/notifications/check_expiring
Cuerpo: 
2026-06-30 21:36:48 - GET /Estadias/SIGRAT/backend/api/index.php/notifications/all
Cuerpo: 
2026-06-30 21:37:48 - POST /Estadias/SIGRAT/backend/api/index.php/notifications/check_expiring
Cuerpo: 
2026-06-30 21:37:49 - GET /Estadias/SIGRAT/backend/api/index.php/notifications/all
Cuerpo: 
2026-06-30 21:38:45 - POST /Estadias/SIGRAT/backend/api/index.php/notifications/check_expiring
Cuerpo: 
2026-06-30 21:38:46 - GET /Estadias/SIGRAT/backend/api/index.php/notifications/all
Cuerpo: 
2026-06-30 21:39:00 - POST /Estadias/SIGRAT/backend/api/index.php/notifications/check_expiring
Cuerpo: 
2026-06-30 21:39:01 - GET /Estadias/SIGRAT/backend/api/index.php/notifications/all
Cuerpo: 
2026-06-30 21:40:00 - POST /Estadias/SIGRAT/backend/api/index.php/notifications/check_expiring
Cuerpo: 
2026-06-30 21:40:03 - GET /Estadias/SIGRAT/backend/api/index.php/notifications/all
Cuerpo: 
2026-06-30 21:40:03 - POST /Estadias/SIGRAT/backend/api/index.php/notifications/check_expiring
Cuerpo: 
2026-06-30 21:40:04 - GET /Estadias/SIGRAT/backend/api/index.php/notifications/all
Cuerpo: 
2026-06-30 21:40:09 - POST /Estadias/SIGRAT/backend/api/index.php/notifications/check_expiring
Cuerpo: 
2026-06-30 21:40:10 - GET /Estadias/SIGRAT/backend/api/index.php/calendar/events
Cuerpo: 
2026-06-30 21:40:10 - GET /Estadias/SIGRAT/backend/api/index.php/notifications/all
Cuerpo: 
2026-06-30 21:40:16 - POST /Estadias/SIGRAT/backend/api/index.php/notifications/check_expiring
Cuerpo: 
2026-06-30 21:40:17 - GET /Estadias/SIGRAT/backend/api/index.php/notifications/all
Cuerpo: 
2026-06-30 21:40:21 - POST /Estadias/SIGRAT/backend/api/index.php/notifications/check_expiring
Cuerpo: 
2026-06-30 21:40:21 - GET /Estadias/SIGRAT/backend/api/index.php/notifications/all
Cuerpo: 
2026-06-30 21:40:24 - GET /Estadias/SIGRAT/backend/api/index.php/reservations/pending
Cuerpo: 
2026-06-30 21:40:24 - GET /Estadias/SIGRAT/backend/api/index.php/spaces
Cuerpo: 
2026-06-30 21:40:25 - POST /Estadias/SIGRAT/backend/api/index.php/notifications/check_expiring
Cuerpo: 
2026-06-30 21:40:25 - GET /Estadias/SIGRAT/backend/api/index.php/notifications/all
Cuerpo: 
2026-06-30 21:40:26 - POST /Estadias/SIGRAT/backend/api/index.php/notifications/check_expiring
Cuerpo: 
2026-06-30 21:40:27 - GET /Estadias/SIGRAT/backend/api/index.php/notifications/all
Cuerpo: 
2026-06-30 21:40:33 - POST /Estadias/SIGRAT/backend/api/index.php/notifications/check_expiring
Cuerpo: 
2026-06-30 21:40:33 - GET /Estadias/SIGRAT/backend/api/index.php/notifications/all
Cuerpo: 
2026-06-30 21:40:41 - POST /Estadias/SIGRAT/backend/api/index.php/notifications/check_expiring
Cuerpo: 
2026-06-30 21:40:41 - GET /Estadias/SIGRAT/backend/api/index.php/notifications/all
Cuerpo: 
2026-06-30 21:41:41 - POST /Estadias/SIGRAT/backend/api/index.php/notifications/check_expiring
Cuerpo: 
2026-06-30 21:41:42 - GET /Estadias/SIGRAT/backend/api/index.php/notifications/all
Cuerpo: 
2026-06-30 21:42:41 - POST /Estadias/SIGRAT/backend/api/index.php/notifications/check_expiring
Cuerpo: 
2026-06-30 21:42:42 - GET /Estadias/SIGRAT/backend/api/index.php/notifications/all
Cuerpo: 
2026-06-30 21:43:25 - POST /Estadias/SIGRAT/backend/api/index.php/notifications/check_expiring
Cuerpo: 
2026-06-30 21:43:26 - GET /Estadias/SIGRAT/backend/api/index.php/notifications/all
Cuerpo: 
2026-06-30 21:43:36 - POST /Estadias/SIGRAT/backend/api/index.php/notifications/check_expiring
Cuerpo: 
2026-06-30 21:43:37 - GET /Estadias/SIGRAT/backend/api/index.php/notifications/all
Cuerpo: 
2026-06-30 21:43:40 - GET /Estadias/SIGRAT/backend/api/index.php/reservations/pending
Cuerpo: 
2026-06-30 21:43:41 - GET /Estadias/SIGRAT/backend/api/index.php/spaces
Cuerpo: 
2026-06-30 21:43:41 - POST /Estadias/SIGRAT/backend/api/index.php/notifications/check_expiring
Cuerpo: 
2026-06-30 21:43:42 - GET /Estadias/SIGRAT/backend/api/index.php/notifications/all
Cuerpo: 
2026-06-30 21:43:45 - POST /Estadias/SIGRAT/backend/api/index.php/notifications/check_expiring
Cuerpo: 
2026-06-30 21:43:45 - GET /Estadias/SIGRAT/backend/api/index.php/notifications/all
Cuerpo: 
2026-06-30 21:43:48 - GET /Estadias/SIGRAT/backend/api/index.php/reservations/pending
Cuerpo: 
2026-06-30 21:43:49 - GET /Estadias/SIGRAT/backend/api/index.php/spaces
Cuerpo: 
2026-06-30 21:43:50 - POST /Estadias/SIGRAT/backend/api/index.php/notifications/check_expiring
Cuerpo: 
2026-06-30 21:43:51 - GET /Estadias/SIGRAT/backend/api/index.php/notifications/all
Cuerpo: 
2026-06-30 21:43:52 - POST /Estadias/SIGRAT/backend/api/index.php/notifications/check_expiring
Cuerpo: 
2026-06-30 21:43:52 - GET /Estadias/SIGRAT/backend/api/index.php/notifications/all
Cuerpo: 
2026-06-30 21:43:59 - POST /Estadias/SIGRAT/backend/api/index.php/notifications/check_expiring
Cuerpo: 
2026-06-30 21:44:00 - GET /Estadias/SIGRAT/backend/api/index.php/notifications/all
Cuerpo: 
2026-06-30 21:44:11 - POST /Estadias/SIGRAT/backend/api/index.php/notifications/check_expiring
Cuerpo: 
2026-06-30 21:44:11 - GET /Estadias/SIGRAT/backend/api/index.php/notifications/all
Cuerpo: 
2026-06-30 21:45:11 - POST /Estadias/SIGRAT/backend/api/index.php/notifications/check_expiring
Cuerpo: 
2026-06-30 21:45:12 - GET /Estadias/SIGRAT/backend/api/index.php/notifications/all
Cuerpo: 
2026-06-30 21:46:11 - POST /Estadias/SIGRAT/backend/api/index.php/notifications/check_expiring
Cuerpo: 
2026-06-30 21:46:12 - GET /Estadias/SIGRAT/backend/api/index.php/notifications/all
Cuerpo: 
2026-06-30 21:47:11 - POST /Estadias/SIGRAT/backend/api/index.php/notifications/check_expiring
Cuerpo: 
2026-06-30 21:47:12 - GET /Estadias/SIGRAT/backend/api/index.php/notifications/all
Cuerpo: 
2026-06-30 21:48:11 - POST /Estadias/SIGRAT/backend/api/index.php/notifications/check_expiring
Cuerpo: 
2026-06-30 21:48:12 - GET /Estadias/SIGRAT/backend/api/index.php/notifications/all
Cuerpo: 
2026-06-30 21:49:11 - POST /Estadias/SIGRAT/backend/api/index.php/notifications/check_expiring
Cuerpo: 
2026-06-30 21:49:12 - GET /Estadias/SIGRAT/backend/api/index.php/notifications/all
Cuerpo: 
2026-06-30 21:49:56 - POST /Estadias/SIGRAT/backend/api/index.php/notifications/check_expiring
Cuerpo: 
2026-06-30 21:49:56 - GET /Estadias/SIGRAT/backend/api/index.php/notifications/all
Cuerpo: 
2026-06-30 21:50:00 - POST /Estadias/SIGRAT/backend/api/index.php/notifications/check_expiring
Cuerpo: 
2026-06-30 21:50:00 - GET /Estadias/SIGRAT/backend/api/index.php/notifications/all
Cuerpo: 
2026-06-30 21:50:17 - POST /Estadias/SIGRAT/backend/api/index.php/notifications/check_expiring
Cuerpo: 
2026-06-30 21:50:17 - GET /Estadias/SIGRAT/backend/api/index.php/notifications/all
Cuerpo: 
2026-06-30 21:50:20 - POST /Estadias/SIGRAT/backend/api/index.php/notifications/check_expiring
Cuerpo: 
2026-06-30 21:50:26 - GET /Estadias/SIGRAT/backend/api/index.php/notifications/all
Cuerpo: 
2026-06-30 21:50:39 - POST /Estadias/SIGRAT/backend/api/index.php/notifications/check_expiring
Cuerpo: 
2026-06-30 21:50:40 - GET /Estadias/SIGRAT/backend/api/index.php/notifications/all
Cuerpo: 
2026-06-30 21:51:27 - POST /Estadias/SIGRAT/backend/api/index.php/notifications/check_expiring
Cuerpo: 
2026-06-30 21:51:27 - GET /Estadias/SIGRAT/backend/api/index.php/notifications/all
Cuerpo: 
2026-06-30 21:52:27 - POST /Estadias/SIGRAT/backend/api/index.php/notifications/check_expiring
Cuerpo: 
2026-06-30 21:52:28 - GET /Estadias/SIGRAT/backend/api/index.php/notifications/all
Cuerpo: 
2026-06-30 21:53:27 - POST /Estadias/SIGRAT/backend/api/index.php/notifications/check_expiring
Cuerpo: 
2026-06-30 21:53:28 - GET /Estadias/SIGRAT/backend/api/index.php/notifications/all
Cuerpo: 
2026-06-30 21:54:27 - POST /Estadias/SIGRAT/backend/api/index.php/notifications/check_expiring
Cuerpo: 
2026-06-30 21:54:28 - GET /Estadias/SIGRAT/backend/api/index.php/notifications/all
Cuerpo: 
2026-06-30 21:55:27 - POST /Estadias/SIGRAT/backend/api/index.php/notifications/check_expiring
Cuerpo: 
2026-06-30 21:55:28 - GET /Estadias/SIGRAT/backend/api/index.php/notifications/all
Cuerpo: 
2026-06-30 21:56:11 - POST /Estadias/SIGRAT/backend/api/index.php/notifications/check_expiring
Cuerpo: 
2026-06-30 21:56:12 - GET /Estadias/SIGRAT/backend/api/index.php/notifications/all
Cuerpo: 
2026-06-30 21:57:11 - POST /Estadias/SIGRAT/backend/api/index.php/notifications/check_expiring
Cuerpo: 
2026-06-30 21:57:12 - GET /Estadias/SIGRAT/backend/api/index.php/notifications/all
Cuerpo: 
2026-06-30 21:58:11 - POST /Estadias/SIGRAT/backend/api/index.php/notifications/check_expiring
Cuerpo: 
2026-06-30 21:58:12 - GET /Estadias/SIGRAT/backend/api/index.php/notifications/all
Cuerpo: 
2026-06-30 21:58:19 - POST /Estadias/SIGRAT/backend/api/index.php/notifications/check_expiring
Cuerpo: 
2026-06-30 21:58:20 - GET /Estadias/SIGRAT/backend/api/index.php/notifications/all
Cuerpo: 
2026-06-30 21:58:46 - POST /Estadias/SIGRAT/backend/api/index.php/notifications/check_expiring
Cuerpo: 
2026-06-30 21:58:47 - GET /Estadias/SIGRAT/backend/api/index.php/notifications/all
Cuerpo: 
2026-06-30 21:59:20 - POST /Estadias/SIGRAT/backend/api/index.php/notifications/check_expiring
Cuerpo: 
2026-06-30 21:59:21 - GET /Estadias/SIGRAT/backend/api/index.php/notifications/all
Cuerpo: 
2026-06-30 22:00:20 - POST /Estadias/SIGRAT/backend/api/index.php/notifications/check_expiring
Cuerpo: 
2026-06-30 22:00:21 - GET /Estadias/SIGRAT/backend/api/index.php/notifications/all
Cuerpo: 
2026-06-30 22:01:03 - POST /Estadias/SIGRAT/backend/api/index.php/notifications/check_expiring
Cuerpo: 
2026-06-30 22:01:03 - GET /Estadias/SIGRAT/backend/api/index.php/notifications/all
Cuerpo: 
2026-06-30 22:02:03 - POST /Estadias/SIGRAT/backend/api/index.php/notifications/check_expiring
Cuerpo: 
2026-06-30 22:02:04 - GET /Estadias/SIGRAT/backend/api/index.php/notifications/all
Cuerpo: 
2026-06-30 22:02:27 - POST /Estadias/SIGRAT/backend/api/index.php/notifications/check_expiring
Cuerpo: 
2026-06-30 22:02:27 - GET /Estadias/SIGRAT/backend/api/index.php/notifications/all
Cuerpo: 
2026-06-30 22:02:31 - POST /Estadias/SIGRAT/backend/api/index.php/notifications/check_expiring
Cuerpo: 
2026-06-30 22:02:32 - GET /Estadias/SIGRAT/backend/api/index.php/notifications/all
Cuerpo: 
2026-06-30 22:03:10 - POST /Estadias/SIGRAT/backend/api/index.php/notifications/check_expiring
Cuerpo: 
2026-06-30 22:03:10 - GET /Estadias/SIGRAT/backend/api/index.php/notifications/all
Cuerpo: 
2026-06-30 22:03:16 - POST /Estadias/SIGRAT/backend/api/index.php/notifications/check_expiring
Cuerpo: 
2026-06-30 22:03:17 - GET /Estadias/SIGRAT/backend/api/index.php/notifications/all
Cuerpo: 
2026-06-30 22:04:18 - POST /Estadias/SIGRAT/backend/api/index.php/notifications/check_expiring
Cuerpo: 
2026-06-30 22:04:18 - GET /Estadias/SIGRAT/backend/api/index.php/notifications/all
Cuerpo: 
2026-06-30 22:05:17 - POST /Estadias/SIGRAT/backend/api/index.php/notifications/check_expiring
Cuerpo: 
2026-06-30 22:05:18 - GET /Estadias/SIGRAT/backend/api/index.php/notifications/all
Cuerpo: 
2026-06-30 22:06:18 - POST /Estadias/SIGRAT/backend/api/index.php/notifications/check_expiring
Cuerpo: 
2026-06-30 22:06:18 - GET /Estadias/SIGRAT/backend/api/index.php/notifications/all
Cuerpo: 
2026-06-30 22:07:18 - POST /Estadias/SIGRAT/backend/api/index.php/notifications/check_expiring
Cuerpo: 
2026-06-30 22:07:18 - GET /Estadias/SIGRAT/backend/api/index.php/notifications/all
Cuerpo: 
2026-06-30 22:08:17 - POST /Estadias/SIGRAT/backend/api/index.php/notifications/check_expiring
Cuerpo: 
2026-06-30 22:08:18 - GET /Estadias/SIGRAT/backend/api/index.php/notifications/all
Cuerpo: 
2026-06-30 22:09:17 - POST /Estadias/SIGRAT/backend/api/index.php/notifications/check_expiring
Cuerpo: 
2026-06-30 22:09:18 - GET /Estadias/SIGRAT/backend/api/index.php/notifications/all
Cuerpo: 
2026-06-30 22:10:17 - POST /Estadias/SIGRAT/backend/api/index.php/notifications/check_expiring
Cuerpo: 
2026-06-30 22:10:17 - GET /Estadias/SIGRAT/backend/api/index.php/notifications/all
Cuerpo: 
2026-06-30 22:11:17 - POST /Estadias/SIGRAT/backend/api/index.php/notifications/check_expiring
Cuerpo: 
2026-06-30 22:11:18 - GET /Estadias/SIGRAT/backend/api/index.php/notifications/all
Cuerpo: 
2026-06-30 22:11:54 - POST /Estadias/SIGRAT/backend/api/index.php/notifications/check_expiring
Cuerpo: 
2026-06-30 22:11:54 - GET /Estadias/SIGRAT/backend/api/index.php/notifications/all
Cuerpo: 
2026-06-30 22:12:01 - POST /Estadias/SIGRAT/backend/api/index.php/notifications/check_expiring
Cuerpo: 
2026-06-30 22:12:02 - GET /Estadias/SIGRAT/backend/api/index.php/notifications/all
Cuerpo: 
2026-06-30 22:12:09 - POST /Estadias/SIGRAT/backend/api/index.php/notifications/check_expiring
Cuerpo: 
2026-06-30 22:12:09 - GET /Estadias/SIGRAT/backend/api/index.php/notifications/all
Cuerpo: 
2026-06-30 22:13:10 - POST /Estadias/SIGRAT/backend/api/index.php/notifications/check_expiring
Cuerpo: 
2026-06-30 22:13:10 - GET /Estadias/SIGRAT/backend/api/index.php/notifications/all
Cuerpo: 
2026-06-30 22:14:09 - POST /Estadias/SIGRAT/backend/api/index.php/notifications/check_expiring
Cuerpo: 
2026-06-30 22:14:10 - GET /Estadias/SIGRAT/backend/api/index.php/notifications/all
Cuerpo: 
2026-06-30 22:15:09 - POST /Estadias/SIGRAT/backend/api/index.php/notifications/check_expiring
Cuerpo: 
2026-06-30 22:15:10 - GET /Estadias/SIGRAT/backend/api/index.php/notifications/all
Cuerpo: 
2026-06-30 22:15:22 - POST /Estadias/SIGRAT/backend/api/index.php/notifications/check_expiring
Cuerpo: 
2026-06-30 22:15:23 - GET /Estadias/SIGRAT/backend/api/index.php/notifications/all
Cuerpo: 
2026-06-30 22:16:22 - POST /Estadias/SIGRAT/backend/api/index.php/notifications/check_expiring
Cuerpo: 
2026-06-30 22:16:23 - GET /Estadias/SIGRAT/backend/api/index.php/notifications/all
Cuerpo: 
2026-06-30 22:17:23 - POST /Estadias/SIGRAT/backend/api/index.php/notifications/check_expiring
Cuerpo: 
2026-06-30 22:17:23 - GET /Estadias/SIGRAT/backend/api/index.php/notifications/all
Cuerpo: 
2026-06-30 22:18:23 - POST /Estadias/SIGRAT/backend/api/index.php/notifications/check_expiring
Cuerpo: 
2026-06-30 22:18:23 - GET /Estadias/SIGRAT/backend/api/index.php/notifications/all
Cuerpo: 
2026-06-30 22:19:00 - POST /Estadias/SIGRAT/backend/api/index.php/notifications/check_expiring
Cuerpo: 
2026-06-30 22:19:01 - GET /Estadias/SIGRAT/backend/api/index.php/notifications/all
Cuerpo: 
2026-06-30 22:19:16 - POST /Estadias/SIGRAT/backend/api/index.php/notifications/check_expiring
Cuerpo: 
2026-06-30 22:19:18 - GET /Estadias/SIGRAT/backend/api/index.php/calendar/events
Cuerpo: 
2026-06-30 22:19:18 - GET /Estadias/SIGRAT/backend/api/index.php/notifications/all
Cuerpo: 
2026-06-30 22:19:51 - POST /Estadias/SIGRAT/backend/api/index.php/notifications/check_expiring
Cuerpo: 
2026-06-30 22:19:52 - GET /Estadias/SIGRAT/backend/api/index.php/notifications/all
Cuerpo: 
2026-06-30 22:20:27 - POST /Estadias/SIGRAT/backend/api/index.php/notifications/check_expiring
Cuerpo: 
2026-06-30 22:20:27 - GET /Estadias/SIGRAT/backend/api/index.php/notifications/all
Cuerpo: 
2026-06-30 22:20:29 - POST /Estadias/SIGRAT/backend/api/index.php/notifications/check_expiring
Cuerpo: 
2026-06-30 22:20:30 - GET /Estadias/SIGRAT/backend/api/index.php/notifications/all
Cuerpo: 
2026-06-30 22:20:34 - POST /Estadias/SIGRAT/backend/api/index.php/notifications/check_expiring
Cuerpo: 
2026-06-30 22:20:34 - GET /Estadias/SIGRAT/backend/api/index.php/notifications/all
Cuerpo: 
2026-06-30 22:21:34 - POST /Estadias/SIGRAT/backend/api/index.php/notifications/check_expiring
Cuerpo: 
2026-06-30 22:21:34 - GET /Estadias/SIGRAT/backend/api/index.php/notifications/all
Cuerpo: 
2026-06-30 22:21:52 - POST /Estadias/SIGRAT/backend/api/index.php/notifications/check_expiring
Cuerpo: 
2026-06-30 22:21:52 - GET /Estadias/SIGRAT/backend/api/index.php/notifications/all
Cuerpo: 
2026-06-30 22:22:33 - POST /Estadias/SIGRAT/backend/api/index.php/notifications/check_expiring
Cuerpo: 
2026-06-30 22:22:34 - GET /Estadias/SIGRAT/backend/api/index.php/notifications/all
Cuerpo: 
2026-06-30 22:23:32 - POST /Estadias/SIGRAT/backend/api/index.php/notifications/check_expiring
Cuerpo: 
2026-06-30 22:23:32 - GET /Estadias/SIGRAT/backend/api/index.php/notifications/all
Cuerpo: 
2026-06-30 22:24:33 - POST /Estadias/SIGRAT/backend/api/index.php/notifications/check_expiring
Cuerpo: 
2026-06-30 22:24:33 - GET /Estadias/SIGRAT/backend/api/index.php/notifications/all
Cuerpo: 
2026-06-30 22:25:19 - POST /Estadias/SIGRAT/backend/api/index.php/notifications/check_expiring
Cuerpo: 
2026-06-30 22:25:20 - GET /Estadias/SIGRAT/backend/api/index.php/notifications/all
Cuerpo: 
2026-06-30 22:25:21 - POST /Estadias/SIGRAT/backend/api/index.php/notifications/check_expiring
Cuerpo: 
2026-06-30 22:25:22 - GET /Estadias/SIGRAT/backend/api/index.php/notifications/all
Cuerpo: 
2026-06-30 22:25:45 - POST /Estadias/SIGRAT/backend/api/index.php/notifications/check_expiring
Cuerpo: 
2026-06-30 22:25:46 - GET /Estadias/SIGRAT/backend/api/index.php/notifications/all
Cuerpo: 
2026-06-30 22:26:09 - POST /Estadias/SIGRAT/backend/api/index.php/notifications/check_expiring
Cuerpo: 
2026-06-30 22:26:10 - GET /Estadias/SIGRAT/backend/api/index.php/notifications/all
Cuerpo: 
2026-06-30 22:26:14 - POST /Estadias/SIGRAT/backend/api/index.php/notifications/check_expiring
Cuerpo: 
2026-06-30 22:26:14 - GET /Estadias/SIGRAT/backend/api/index.php/notifications/all
Cuerpo: 
2026-06-30 22:26:19 - POST /Estadias/SIGRAT/backend/api/index.php/notifications/check_expiring
Cuerpo: 
2026-06-30 22:26:19 - GET /Estadias/SIGRAT/backend/api/index.php/notifications/all
Cuerpo: 
2026-06-30 22:27:19 - POST /Estadias/SIGRAT/backend/api/index.php/notifications/check_expiring
Cuerpo: 
2026-06-30 22:27:20 - GET /Estadias/SIGRAT/backend/api/index.php/notifications/all
Cuerpo: 
2026-06-30 22:31:02 - POST /Estadias/SIGRAT/backend/api/index.php/notifications/check_expiring
Cuerpo: 
2026-06-30 22:31:02 - GET /Estadias/SIGRAT/backend/api/index.php/notifications/all
Cuerpo: 
2026-06-30 22:31:05 - POST /Estadias/SIGRAT/backend/api/index.php/notifications/check_expiring
Cuerpo: 
2026-06-30 22:31:05 - GET /Estadias/SIGRAT/backend/api/index.php/notifications/all
Cuerpo: 
2026-06-30 22:31:36 - POST /Estadias/SIGRAT/backend/api/index.php/notifications/check_expiring
Cuerpo: 
2026-06-30 22:31:36 - GET /Estadias/SIGRAT/backend/api/index.php/notifications/all
Cuerpo: 
2026-06-30 22:32:37 - POST /Estadias/SIGRAT/backend/api/index.php/notifications/check_expiring
Cuerpo: 
2026-06-30 22:32:37 - GET /Estadias/SIGRAT/backend/api/index.php/notifications/all
Cuerpo: 
2026-06-30 22:32:47 - POST /Estadias/SIGRAT/backend/api/index.php/notifications/check_expiring
Cuerpo: 
2026-06-30 22:32:47 - GET /Estadias/SIGRAT/backend/api/index.php/notifications/all
Cuerpo: 
2026-06-30 22:32:50 - POST /Estadias/SIGRAT/backend/api/index.php/notifications/check_expiring
Cuerpo: 
2026-06-30 22:32:51 - GET /Estadias/SIGRAT/backend/api/index.php/notifications/all
Cuerpo: 
2026-06-30 22:32:58 - POST /Estadias/SIGRAT/backend/api/index.php/notifications/check_expiring
Cuerpo: 
2026-06-30 22:32:59 - GET /Estadias/SIGRAT/backend/api/index.php/notifications/all
Cuerpo: 
2026-06-30 22:33:40 - POST /Estadias/SIGRAT/backend/api/index.php/notifications/check_expiring
Cuerpo: 
2026-06-30 22:33:40 - GET /Estadias/SIGRAT/backend/api/index.php/notifications/all
Cuerpo: 
2026-06-30 22:34:40 - POST /Estadias/SIGRAT/backend/api/index.php/notifications/check_expiring
Cuerpo: 
2026-06-30 22:34:40 - GET /Estadias/SIGRAT/backend/api/index.php/notifications/all
Cuerpo: 
2026-06-30 23:01:09 - POST /Estadias/SIGRAT/backend/api/index.php/notifications/check_expiring
Cuerpo: 
2026-06-30 23:01:10 - GET /Estadias/SIGRAT/backend/api/index.php/notifications/all
Cuerpo: 
2026-06-30 23:01:21 - POST /Estadias/SIGRAT/backend/api/index.php/notifications/check_expiring
Cuerpo: 
2026-06-30 23:01:21 - GET /Estadias/SIGRAT/backend/api/index.php/notifications/all
Cuerpo: 
2026-06-30 23:02:27 - POST /Estadias/SIGRAT/backend/api/index.php/notifications/check_expiring
Cuerpo: 
2026-06-30 23:02:30 - GET /Estadias/SIGRAT/backend/api/index.php/notifications/all
Cuerpo: 
2026-06-30 23:03:21 - POST /Estadias/SIGRAT/backend/api/index.php/notifications/check_expiring
Cuerpo: 
2026-06-30 23:03:24 - GET /Estadias/SIGRAT/backend/api/index.php/notifications/all
Cuerpo: 
2026-06-30 23:04:21 - POST /Estadias/SIGRAT/backend/api/index.php/notifications/check_expiring
Cuerpo: 
2026-06-30 23:04:26 - GET /Estadias/SIGRAT/backend/api/index.php/notifications/all
Cuerpo: 
2026-06-30 23:05:21 - POST /Estadias/SIGRAT/backend/api/index.php/notifications/check_expiring
Cuerpo: 
2026-06-30 23:05:25 - GET /Estadias/SIGRAT/backend/api/index.php/notifications/all
Cuerpo: 
2026-06-30 23:06:21 - POST /Estadias/SIGRAT/backend/api/index.php/notifications/check_expiring
Cuerpo: 
2026-06-30 23:06:32 - GET /Estadias/SIGRAT/backend/api/index.php/notifications/all
Cuerpo: 
2026-06-30 23:07:21 - POST /Estadias/SIGRAT/backend/api/index.php/notifications/check_expiring
Cuerpo: 
2026-06-30 23:07:21 - GET /Estadias/SIGRAT/backend/api/index.php/notifications/all
Cuerpo: 
2026-06-30 23:08:34 - POST /Estadias/SIGRAT/backend/api/index.php/notifications/check_expiring
Cuerpo: 
2026-06-30 23:08:35 - GET /Estadias/SIGRAT/backend/api/index.php/notifications/all
Cuerpo: 
2026-06-30 23:09:35 - POST /Estadias/SIGRAT/backend/api/index.php/notifications/check_expiring
Cuerpo: 
2026-06-30 23:09:35 - GET /Estadias/SIGRAT/backend/api/index.php/notifications/all
Cuerpo: 
2026-06-30 23:11:31 - POST /Estadias/SIGRAT/backend/api/index.php/notifications/check_expiring
Cuerpo: 
2026-06-30 23:11:31 - GET /Estadias/SIGRAT/backend/api/index.php/notifications/all
Cuerpo: 
2026-06-30 23:12:34 - POST /Estadias/SIGRAT/backend/api/index.php/notifications/check_expiring
Cuerpo: 
2026-06-30 23:12:35 - GET /Estadias/SIGRAT/backend/api/index.php/notifications/all
Cuerpo: 
2026-06-30 23:13:34 - POST /Estadias/SIGRAT/backend/api/index.php/notifications/check_expiring
Cuerpo: 
2026-06-30 23:13:35 - GET /Estadias/SIGRAT/backend/api/index.php/notifications/all
Cuerpo: 
2026-06-30 23:14:35 - POST /Estadias/SIGRAT/backend/api/index.php/notifications/check_expiring
Cuerpo: 
2026-06-30 23:14:35 - GET /Estadias/SIGRAT/backend/api/index.php/notifications/all
Cuerpo: 
2026-06-30 23:15:34 - POST /Estadias/SIGRAT/backend/api/index.php/notifications/check_expiring
Cuerpo: 
2026-06-30 23:15:35 - GET /Estadias/SIGRAT/backend/api/index.php/notifications/all
Cuerpo: 
2026-06-30 23:16:34 - POST /Estadias/SIGRAT/backend/api/index.php/notifications/check_expiring
Cuerpo: 
2026-06-30 23:16:35 - GET /Estadias/SIGRAT/backend/api/index.php/notifications/all
Cuerpo: 
2026-06-30 23:17:35 - POST /Estadias/SIGRAT/backend/api/index.php/notifications/check_expiring
Cuerpo: 
2026-06-30 23:17:35 - GET /Estadias/SIGRAT/backend/api/index.php/notifications/all
Cuerpo: 
2026-06-30 23:18:34 - POST /Estadias/SIGRAT/backend/api/index.php/notifications/check_expiring
Cuerpo: 
2026-06-30 23:18:35 - GET /Estadias/SIGRAT/backend/api/index.php/notifications/all
Cuerpo: 
2026-06-30 23:19:34 - POST /Estadias/SIGRAT/backend/api/index.php/notifications/check_expiring
Cuerpo: 
2026-06-30 23:19:35 - GET /Estadias/SIGRAT/backend/api/index.php/notifications/all
Cuerpo: 
2026-06-30 23:20:34 - POST /Estadias/SIGRAT/backend/api/index.php/notifications/check_expiring
Cuerpo: 
2026-06-30 23:20:36 - GET /Estadias/SIGRAT/backend/api/index.php/notifications/all
Cuerpo: 
2026-06-30 23:21:35 - POST /Estadias/SIGRAT/backend/api/index.php/notifications/check_expiring
Cuerpo: 
2026-06-30 23:21:35 - GET /Estadias/SIGRAT/backend/api/index.php/notifications/all
Cuerpo: 
2026-06-30 23:22:34 - POST /Estadias/SIGRAT/backend/api/index.php/notifications/check_expiring
Cuerpo: 
2026-06-30 23:22:35 - GET /Estadias/SIGRAT/backend/api/index.php/notifications/all
Cuerpo: 
2026-06-30 23:23:35 - POST /Estadias/SIGRAT/backend/api/index.php/notifications/check_expiring
Cuerpo: 
2026-06-30 23:23:36 - GET /Estadias/SIGRAT/backend/api/index.php/notifications/all
Cuerpo: 
2026-06-30 23:24:34 - POST /Estadias/SIGRAT/backend/api/index.php/notifications/check_expiring
Cuerpo: 
2026-06-30 23:24:35 - GET /Estadias/SIGRAT/backend/api/index.php/notifications/all
Cuerpo: 
2026-06-30 23:25:35 - POST /Estadias/SIGRAT/backend/api/index.php/notifications/check_expiring
Cuerpo: 
2026-06-30 23:25:35 - GET /Estadias/SIGRAT/backend/api/index.php/notifications/all
Cuerpo: 
2026-06-30 23:26:34 - POST /Estadias/SIGRAT/backend/api/index.php/notifications/check_expiring
Cuerpo: 
2026-06-30 23:26:35 - GET /Estadias/SIGRAT/backend/api/index.php/notifications/all
Cuerpo: 
2026-06-30 23:27:35 - POST /Estadias/SIGRAT/backend/api/index.php/notifications/check_expiring
Cuerpo: 
2026-06-30 23:27:35 - GET /Estadias/SIGRAT/backend/api/index.php/notifications/all
Cuerpo: 
2026-06-30 23:28:34 - POST /Estadias/SIGRAT/backend/api/index.php/notifications/check_expiring
Cuerpo: 
2026-06-30 23:28:35 - GET /Estadias/SIGRAT/backend/api/index.php/notifications/all
Cuerpo: 
2026-06-30 23:29:35 - POST /Estadias/SIGRAT/backend/api/index.php/notifications/check_expiring
Cuerpo: 
2026-06-30 23:29:35 - GET /Estadias/SIGRAT/backend/api/index.php/notifications/all
Cuerpo: 
2026-06-30 23:30:35 - POST /Estadias/SIGRAT/backend/api/index.php/notifications/check_expiring
Cuerpo: 
2026-06-30 23:30:35 - GET /Estadias/SIGRAT/backend/api/index.php/notifications/all
Cuerpo: 
2026-07-01 17:08:12 - POST /Estadias/SIGRAT/backend/api/index.php/notifications/check_expiring
Cuerpo: 
2026-07-01 17:08:12 - GET /Estadias/SIGRAT/backend/api/index.php/notifications/all
Cuerpo: 
2026-07-01 17:08:16 - POST /Estadias/SIGRAT/backend/api/index.php/notifications/check_expiring
Cuerpo: 
2026-07-01 17:08:17 - GET /Estadias/SIGRAT/backend/api/index.php/notifications/all
Cuerpo: 
2026-07-01 17:08:31 - POST /Estadias/SIGRAT/backend/api/index.php/notifications/check_expiring
Cuerpo: 
2026-07-01 17:08:32 - GET /Estadias/SIGRAT/backend/api/index.php/notifications/all
Cuerpo: 
2026-07-01 17:09:32 - POST /Estadias/SIGRAT/backend/api/index.php/notifications/check_expiring
Cuerpo: 
2026-07-01 17:09:32 - GET /Estadias/SIGRAT/backend/api/index.php/notifications/all
Cuerpo: 
2026-07-01 17:10:32 - POST /Estadias/SIGRAT/backend/api/index.php/notifications/check_expiring
Cuerpo: 
2026-07-01 17:10:33 - GET /Estadias/SIGRAT/backend/api/index.php/notifications/all
Cuerpo: 
2026-07-01 17:11:32 - POST /Estadias/SIGRAT/backend/api/index.php/notifications/check_expiring
Cuerpo: 
2026-07-01 17:11:34 - GET /Estadias/SIGRAT/backend/api/index.php/notifications/all
Cuerpo: 
2026-07-01 17:11:41 - POST /Estadias/SIGRAT/backend/api/index.php/notifications/check_expiring
Cuerpo: 
2026-07-01 17:11:42 - GET /Estadias/SIGRAT/backend/api/index.php/notifications/all
Cuerpo: 
2026-07-01 17:12:41 - POST /Estadias/SIGRAT/backend/api/index.php/notifications/check_expiring
Cuerpo: 
2026-07-01 17:12:42 - GET /Estadias/SIGRAT/backend/api/index.php/notifications/all
Cuerpo: 
2026-07-01 17:13:41 - POST /Estadias/SIGRAT/backend/api/index.php/notifications/check_expiring
Cuerpo: 
2026-07-01 17:13:42 - GET /Estadias/SIGRAT/backend/api/index.php/notifications/all
Cuerpo: 
2026-07-01 17:14:41 - POST /Estadias/SIGRAT/backend/api/index.php/notifications/check_expiring
Cuerpo: 
2026-07-01 17:14:42 - GET /Estadias/SIGRAT/backend/api/index.php/notifications/all
Cuerpo: 
2026-07-01 17:14:43 - POST /Estadias/SIGRAT/backend/api/index.php/notifications/check_expiring
Cuerpo: 
2026-07-01 17:14:43 - GET /Estadias/SIGRAT/backend/api/index.php/calendar/events
Cuerpo: 
2026-07-01 17:14:44 - GET /Estadias/SIGRAT/backend/api/index.php/notifications/all
Cuerpo: 
2026-07-01 17:15:12 - POST /Estadias/SIGRAT/backend/api/index.php/notifications/check_expiring
Cuerpo: 
2026-07-01 17:15:13 - GET /Estadias/SIGRAT/backend/api/index.php/notifications/all
Cuerpo: 
2026-07-01 17:15:39 - POST /Estadias/SIGRAT/backend/api/index.php/notifications/check_expiring
Cuerpo: 
2026-07-01 17:15:40 - GET /Estadias/SIGRAT/backend/api/index.php/notifications/all
Cuerpo: 
2026-07-01 17:16:08 - POST /Estadias/SIGRAT/backend/api/index.php/notifications/check_expiring
Cuerpo: 
2026-07-01 17:16:08 - GET /Estadias/SIGRAT/backend/api/index.php/notifications/all
Cuerpo: 
2026-07-01 17:16:18 - GET /Estadias/SIGRAT/backend/api/index.php/reservations/pending
Cuerpo: 
2026-07-01 17:16:18 - GET /Estadias/SIGRAT/backend/api/index.php/spaces
Cuerpo: 
2026-07-01 17:16:19 - POST /Estadias/SIGRAT/backend/api/index.php/notifications/check_expiring
Cuerpo: 
2026-07-01 17:16:19 - GET /Estadias/SIGRAT/backend/api/index.php/notifications/all
Cuerpo: 
2026-07-01 17:16:24 - POST /Estadias/SIGRAT/backend/api/index.php/notifications/check_expiring
Cuerpo: 
2026-07-01 17:16:25 - GET /Estadias/SIGRAT/backend/api/index.php/notifications/all
Cuerpo: 
2026-07-01 17:16:28 - POST /Estadias/SIGRAT/backend/api/index.php/notifications/check_expiring
Cuerpo: 
2026-07-01 17:16:29 - GET /Estadias/SIGRAT/backend/api/index.php/notifications/all
Cuerpo: 
2026-07-01 17:16:33 - POST /Estadias/SIGRAT/backend/api/index.php/notifications/check_expiring
Cuerpo: 
2026-07-01 17:16:34 - GET /Estadias/SIGRAT/backend/api/index.php/notifications/all
Cuerpo: 
2026-07-01 17:16:56 - POST /Estadias/SIGRAT/backend/api/index.php/notifications/check_expiring
Cuerpo: 
2026-07-01 17:16:57 - GET /Estadias/SIGRAT/backend/api/index.php/notifications/all
Cuerpo: 
2026-07-01 17:17:00 - POST /Estadias/SIGRAT/backend/api/index.php/notifications/check_expiring
Cuerpo: 
2026-07-01 17:17:01 - GET /Estadias/SIGRAT/backend/api/index.php/notifications/all
Cuerpo: 
2026-07-01 17:18:00 - POST /Estadias/SIGRAT/backend/api/index.php/notifications/check_expiring
Cuerpo: 
2026-07-01 17:18:01 - GET /Estadias/SIGRAT/backend/api/index.php/notifications/all
Cuerpo: 
2026-07-01 17:18:10 - POST /Estadias/SIGRAT/backend/api/index.php/notifications/check_expiring
Cuerpo: 
2026-07-01 17:18:11 - GET /Estadias/SIGRAT/backend/api/index.php/notifications/all
Cuerpo: 
2026-07-01 17:18:34 - POST /Estadias/SIGRAT/backend/api/index.php/notifications/check_expiring
Cuerpo: 
2026-07-01 17:18:35 - GET /Estadias/SIGRAT/backend/api/index.php/notifications/all
Cuerpo: 
2026-07-01 17:18:52 - POST /Estadias/SIGRAT/backend/api/index.php/notifications/check_expiring
Cuerpo: 
2026-07-01 17:18:52 - GET /Estadias/SIGRAT/backend/api/index.php/notifications/all
Cuerpo: 
2026-07-01 17:19:52 - POST /Estadias/SIGRAT/backend/api/index.php/notifications/check_expiring
Cuerpo: 
2026-07-01 17:19:52 - GET /Estadias/SIGRAT/backend/api/index.php/notifications/all
Cuerpo: 
2026-07-01 17:20:16 - GET /Estadias/SIGRAT/backend/api/index.php/reservations/pending
Cuerpo: 
2026-07-01 17:20:17 - GET /Estadias/SIGRAT/backend/api/index.php/spaces
Cuerpo: 
2026-07-01 17:20:18 - POST /Estadias/SIGRAT/backend/api/index.php/notifications/check_expiring
Cuerpo: 
2026-07-01 17:20:18 - GET /Estadias/SIGRAT/backend/api/index.php/notifications/all
Cuerpo: 
2026-07-01 17:20:20 - GET /Estadias/SIGRAT/backend/api/index.php/reservations/approved
Cuerpo: 
2026-07-01 17:20:20 - GET /Estadias/SIGRAT/backend/api/index.php/spaces
Cuerpo: 
2026-07-01 17:20:40 - POST /Estadias/SIGRAT/backend/api/index.php/notifications/check_expiring
Cuerpo: 
2026-07-01 17:20:40 - GET /Estadias/SIGRAT/backend/api/index.php/notifications/all
Cuerpo: 
2026-07-01 17:21:40 - POST /Estadias/SIGRAT/backend/api/index.php/notifications/check_expiring
Cuerpo: 
2026-07-01 17:21:40 - GET /Estadias/SIGRAT/backend/api/index.php/notifications/all
Cuerpo: 
2026-07-01 17:22:40 - POST /Estadias/SIGRAT/backend/api/index.php/notifications/check_expiring
Cuerpo: 
2026-07-01 17:22:41 - GET /Estadias/SIGRAT/backend/api/index.php/notifications/all
Cuerpo: 
2026-07-01 17:23:40 - POST /Estadias/SIGRAT/backend/api/index.php/notifications/check_expiring
Cuerpo: 
2026-07-01 17:23:41 - GET /Estadias/SIGRAT/backend/api/index.php/notifications/all
Cuerpo: 
2026-07-01 17:24:17 - POST /Estadias/SIGRAT/backend/api/index.php/notifications/check_expiring
Cuerpo: 
2026-07-01 17:24:18 - GET /Estadias/SIGRAT/backend/api/index.php/notifications/all
Cuerpo: 
2026-07-01 17:25:18 - POST /Estadias/SIGRAT/backend/api/index.php/notifications/check_expiring
Cuerpo: 
2026-07-01 17:25:18 - GET /Estadias/SIGRAT/backend/api/index.php/notifications/all
Cuerpo: 
2026-07-01 17:26:18 - POST /Estadias/SIGRAT/backend/api/index.php/notifications/check_expiring
Cuerpo: 
2026-07-01 17:26:18 - GET /Estadias/SIGRAT/backend/api/index.php/notifications/all
Cuerpo: 
2026-07-01 17:27:18 - POST /Estadias/SIGRAT/backend/api/index.php/notifications/check_expiring
Cuerpo: 
2026-07-01 17:27:18 - GET /Estadias/SIGRAT/backend/api/index.php/notifications/all
Cuerpo: 
2026-07-01 17:28:18 - POST /Estadias/SIGRAT/backend/api/index.php/notifications/check_expiring
Cuerpo: 
2026-07-01 17:28:18 - GET /Estadias/SIGRAT/backend/api/index.php/notifications/all
Cuerpo: 
2026-07-01 17:29:18 - POST /Estadias/SIGRAT/backend/api/index.php/notifications/check_expiring
Cuerpo: 
2026-07-01 17:29:18 - GET /Estadias/SIGRAT/backend/api/index.php/notifications/all
Cuerpo: 
2026-07-01 17:30:18 - POST /Estadias/SIGRAT/backend/api/index.php/notifications/check_expiring
Cuerpo: 
2026-07-01 17:30:18 - GET /Estadias/SIGRAT/backend/api/index.php/notifications/all
Cuerpo: 
2026-07-01 17:31:18 - POST /Estadias/SIGRAT/backend/api/index.php/notifications/check_expiring
Cuerpo: 
2026-07-01 17:31:18 - GET /Estadias/SIGRAT/backend/api/index.php/notifications/all
Cuerpo: 
2026-07-01 17:32:18 - POST /Estadias/SIGRAT/backend/api/index.php/notifications/check_expiring
Cuerpo: 
2026-07-01 17:32:18 - GET /Estadias/SIGRAT/backend/api/index.php/notifications/all
Cuerpo: 
2026-07-01 17:33:18 - POST /Estadias/SIGRAT/backend/api/index.php/notifications/check_expiring
Cuerpo: 
2026-07-01 17:33:18 - GET /Estadias/SIGRAT/backend/api/index.php/notifications/all
Cuerpo: 
2026-07-01 17:34:18 - POST /Estadias/SIGRAT/backend/api/index.php/notifications/check_expiring
Cuerpo: 
2026-07-01 17:34:18 - GET /Estadias/SIGRAT/backend/api/index.php/notifications/all
Cuerpo: 
2026-07-01 17:35:18 - POST /Estadias/SIGRAT/backend/api/index.php/notifications/check_expiring
Cuerpo: 
2026-07-01 17:35:18 - GET /Estadias/SIGRAT/backend/api/index.php/notifications/all
Cuerpo: 
2026-07-01 17:36:18 - POST /Estadias/SIGRAT/backend/api/index.php/notifications/check_expiring
Cuerpo: 
2026-07-01 17:36:18 - GET /Estadias/SIGRAT/backend/api/index.php/notifications/all
Cuerpo: 
2026-07-01 17:37:29 - POST /Estadias/SIGRAT/backend/api/index.php/notifications/check_expiring
Cuerpo: 
2026-07-01 17:37:29 - GET /Estadias/SIGRAT/backend/api/index.php/notifications/all
Cuerpo: 
2026-07-01 17:38:29 - POST /Estadias/SIGRAT/backend/api/index.php/notifications/check_expiring
Cuerpo: 
2026-07-01 17:38:29 - GET /Estadias/SIGRAT/backend/api/index.php/notifications/all
Cuerpo: 
2026-07-01 17:39:28 - POST /Estadias/SIGRAT/backend/api/index.php/notifications/check_expiring
Cuerpo: 
2026-07-01 17:39:29 - GET /Estadias/SIGRAT/backend/api/index.php/notifications/all
Cuerpo: 
2026-07-01 17:40:29 - POST /Estadias/SIGRAT/backend/api/index.php/notifications/check_expiring
Cuerpo: 
2026-07-01 17:40:29 - GET /Estadias/SIGRAT/backend/api/index.php/notifications/all
Cuerpo: 
2026-07-01 17:41:29 - POST /Estadias/SIGRAT/backend/api/index.php/notifications/check_expiring
Cuerpo: 
2026-07-01 17:41:29 - GET /Estadias/SIGRAT/backend/api/index.php/notifications/all
Cuerpo: 
2026-07-01 17:42:28 - POST /Estadias/SIGRAT/backend/api/index.php/notifications/check_expiring
Cuerpo: 
2026-07-01 17:42:29 - GET /Estadias/SIGRAT/backend/api/index.php/notifications/all
Cuerpo: 
2026-07-01 17:43:29 - POST /Estadias/SIGRAT/backend/api/index.php/notifications/check_expiring
Cuerpo: 
2026-07-01 17:43:30 - GET /Estadias/SIGRAT/backend/api/index.php/notifications/all
Cuerpo: 
2026-07-01 17:44:29 - POST /Estadias/SIGRAT/backend/api/index.php/notifications/check_expiring
Cuerpo: 
2026-07-01 17:44:29 - GET /Estadias/SIGRAT/backend/api/index.php/notifications/all
Cuerpo: 
2026-07-01 17:45:29 - POST /Estadias/SIGRAT/backend/api/index.php/notifications/check_expiring
Cuerpo: 
2026-07-01 17:45:30 - GET /Estadias/SIGRAT/backend/api/index.php/notifications/all
Cuerpo: 
2026-07-01 17:46:29 - POST /Estadias/SIGRAT/backend/api/index.php/notifications/check_expiring
Cuerpo: 
2026-07-01 17:46:30 - GET /Estadias/SIGRAT/backend/api/index.php/notifications/all
Cuerpo: 
2026-07-01 17:47:28 - POST /Estadias/SIGRAT/backend/api/index.php/notifications/check_expiring
Cuerpo: 
2026-07-01 17:47:29 - GET /Estadias/SIGRAT/backend/api/index.php/notifications/all
Cuerpo: 
2026-07-01 17:48:29 - POST /Estadias/SIGRAT/backend/api/index.php/notifications/check_expiring
Cuerpo: 
2026-07-01 17:48:30 - GET /Estadias/SIGRAT/backend/api/index.php/notifications/all
Cuerpo: 
2026-07-01 17:49:29 - POST /Estadias/SIGRAT/backend/api/index.php/notifications/check_expiring
Cuerpo: 
2026-07-01 17:49:29 - GET /Estadias/SIGRAT/backend/api/index.php/notifications/all
Cuerpo: 
2026-07-01 17:50:29 - POST /Estadias/SIGRAT/backend/api/index.php/notifications/check_expiring
Cuerpo: 
2026-07-01 17:50:29 - GET /Estadias/SIGRAT/backend/api/index.php/notifications/all
Cuerpo: 
2026-07-01 17:51:30 - POST /Estadias/SIGRAT/backend/api/index.php/notifications/check_expiring
Cuerpo: 
2026-07-01 17:51:30 - GET /Estadias/SIGRAT/backend/api/index.php/notifications/all
Cuerpo: 
2026-07-01 17:52:29 - POST /Estadias/SIGRAT/backend/api/index.php/notifications/check_expiring
Cuerpo: 
2026-07-01 17:52:29 - GET /Estadias/SIGRAT/backend/api/index.php/notifications/all
Cuerpo: 
2026-07-01 17:53:29 - POST /Estadias/SIGRAT/backend/api/index.php/notifications/check_expiring
Cuerpo: 
2026-07-01 17:53:30 - GET /Estadias/SIGRAT/backend/api/index.php/notifications/all
Cuerpo: 
2026-07-01 17:54:32 - POST /Estadias/SIGRAT/backend/api/index.php/notifications/check_expiring
Cuerpo: 
2026-07-01 17:54:33 - GET /Estadias/SIGRAT/backend/api/index.php/notifications/all
Cuerpo: 
2026-07-01 17:55:28 - POST /Estadias/SIGRAT/backend/api/index.php/notifications/check_expiring
Cuerpo: 
2026-07-01 17:55:30 - GET /Estadias/SIGRAT/backend/api/index.php/notifications/all
Cuerpo: 
2026-07-01 17:56:28 - POST /Estadias/SIGRAT/backend/api/index.php/notifications/check_expiring
Cuerpo: 
2026-07-01 17:56:30 - GET /Estadias/SIGRAT/backend/api/index.php/notifications/all
Cuerpo: 
2026-07-01 17:57:29 - POST /Estadias/SIGRAT/backend/api/index.php/notifications/check_expiring
Cuerpo: 
2026-07-01 17:57:30 - GET /Estadias/SIGRAT/backend/api/index.php/notifications/all
Cuerpo: 
2026-07-01 17:58:29 - POST /Estadias/SIGRAT/backend/api/index.php/notifications/check_expiring
Cuerpo: 
2026-07-01 17:58:30 - GET /Estadias/SIGRAT/backend/api/index.php/notifications/all
Cuerpo: 
2026-07-01 17:59:29 - POST /Estadias/SIGRAT/backend/api/index.php/notifications/check_expiring
Cuerpo: 
2026-07-01 17:59:30 - GET /Estadias/SIGRAT/backend/api/index.php/notifications/all
Cuerpo: 
2026-07-01 18:00:28 - POST /Estadias/SIGRAT/backend/api/index.php/notifications/check_expiring
Cuerpo: 
2026-07-01 18:00:29 - GET /Estadias/SIGRAT/backend/api/index.php/notifications/all
Cuerpo: 
2026-07-01 18:01:28 - POST /Estadias/SIGRAT/backend/api/index.php/notifications/check_expiring
Cuerpo: 
2026-07-01 18:01:29 - GET /Estadias/SIGRAT/backend/api/index.php/notifications/all
Cuerpo: 
2026-07-01 18:02:28 - POST /Estadias/SIGRAT/backend/api/index.php/notifications/check_expiring
Cuerpo: 
2026-07-01 18:02:29 - GET /Estadias/SIGRAT/backend/api/index.php/notifications/all
Cuerpo: 
2026-07-01 18:03:29 - POST /Estadias/SIGRAT/backend/api/index.php/notifications/check_expiring
Cuerpo: 
2026-07-01 18:03:29 - GET /Estadias/SIGRAT/backend/api/index.php/notifications/all
Cuerpo: 
2026-07-01 18:04:29 - POST /Estadias/SIGRAT/backend/api/index.php/notifications/check_expiring
Cuerpo: 
2026-07-01 18:04:30 - GET /Estadias/SIGRAT/backend/api/index.php/notifications/all
Cuerpo: 
2026-07-01 18:05:30 - POST /Estadias/SIGRAT/backend/api/index.php/notifications/check_expiring
Cuerpo: 
2026-07-01 18:05:31 - GET /Estadias/SIGRAT/backend/api/index.php/notifications/all
Cuerpo: 
2026-07-01 18:06:29 - POST /Estadias/SIGRAT/backend/api/index.php/notifications/check_expiring
Cuerpo: 
2026-07-01 18:06:29 - GET /Estadias/SIGRAT/backend/api/index.php/notifications/all
Cuerpo: 
2026-07-01 18:07:29 - POST /Estadias/SIGRAT/backend/api/index.php/notifications/check_expiring
Cuerpo: 
2026-07-01 18:07:29 - GET /Estadias/SIGRAT/backend/api/index.php/notifications/all
Cuerpo: 
2026-07-01 18:08:29 - POST /Estadias/SIGRAT/backend/api/index.php/notifications/check_expiring
Cuerpo: 
2026-07-01 18:08:29 - GET /Estadias/SIGRAT/backend/api/index.php/notifications/all
Cuerpo: 
2026-07-01 18:12:47 - POST /Estadias/SIGRAT/backend/api/index.php/notifications/check_expiring
Cuerpo: 
2026-07-01 18:12:48 - GET /Estadias/SIGRAT/backend/api/index.php/notifications/all
Cuerpo: 
2026-07-01 18:13:29 - POST /Estadias/SIGRAT/backend/api/index.php/notifications/check_expiring
Cuerpo: 
2026-07-01 18:13:29 - GET /Estadias/SIGRAT/backend/api/index.php/notifications/all
Cuerpo: 
2026-07-01 18:14:29 - POST /Estadias/SIGRAT/backend/api/index.php/notifications/check_expiring
Cuerpo: 
2026-07-01 18:14:30 - GET /Estadias/SIGRAT/backend/api/index.php/notifications/all
Cuerpo: 
2026-07-01 18:15:38 - POST /Estadias/SIGRAT/backend/api/index.php/notifications/check_expiring
Cuerpo: 
2026-07-01 18:15:39 - GET /Estadias/SIGRAT/backend/api/index.php/notifications/all
Cuerpo: 
2026-07-01 18:15:44 - POST /Estadias/SIGRAT/backend/api/index.php/notifications/check_expiring
Cuerpo: 
2026-07-01 18:15:44 - GET /Estadias/SIGRAT/backend/api/index.php/notifications/all
Cuerpo: 
2026-07-01 18:16:44 - POST /Estadias/SIGRAT/backend/api/index.php/notifications/check_expiring
Cuerpo: 
2026-07-01 18:16:44 - GET /Estadias/SIGRAT/backend/api/index.php/notifications/all
Cuerpo: 
2026-07-01 18:16:50 - POST /Estadias/SIGRAT/backend/api/index.php/notifications/check_expiring
Cuerpo: 
2026-07-01 18:16:50 - GET /Estadias/SIGRAT/backend/api/index.php/notifications/all
Cuerpo: 
2026-07-01 18:16:52 - POST /Estadias/SIGRAT/backend/api/index.php/notifications/check_expiring
Cuerpo: 
2026-07-01 18:16:53 - GET /Estadias/SIGRAT/backend/api/index.php/notifications/all
Cuerpo: 
2026-07-01 18:16:55 - POST /Estadias/SIGRAT/backend/api/index.php/notifications/check_expiring
Cuerpo: 
2026-07-01 18:16:55 - GET /Estadias/SIGRAT/backend/api/index.php/notifications/all
Cuerpo: 
2026-07-01 18:16:59 - POST /Estadias/SIGRAT/backend/api/index.php/notifications/check_expiring
Cuerpo: 
2026-07-01 18:16:59 - GET /Estadias/SIGRAT/backend/api/index.php/notifications/all
Cuerpo: 
2026-07-01 18:17:01 - POST /Estadias/SIGRAT/backend/api/index.php/notifications/check_expiring
Cuerpo: 
2026-07-01 18:17:02 - GET /Estadias/SIGRAT/backend/api/index.php/notifications/all
Cuerpo: 
2026-07-01 18:17:03 - POST /Estadias/SIGRAT/backend/api/index.php/notifications/check_expiring
Cuerpo: 
2026-07-01 18:17:04 - GET /Estadias/SIGRAT/backend/api/index.php/notifications/all
Cuerpo: 
2026-07-01 18:17:04 - POST /Estadias/SIGRAT/backend/api/index.php/notifications/check_expiring
Cuerpo: 
2026-07-01 18:17:05 - GET /Estadias/SIGRAT/backend/api/index.php/notifications/all
Cuerpo: 
2026-07-01 18:17:06 - POST /Estadias/SIGRAT/backend/api/index.php/notifications/check_expiring
Cuerpo: 
2026-07-01 18:17:07 - GET /Estadias/SIGRAT/backend/api/index.php/notifications/all
Cuerpo: 
2026-07-01 18:17:15 - POST /Estadias/SIGRAT/backend/api/index.php/notifications/check_expiring
Cuerpo: 
2026-07-01 18:17:16 - GET /Estadias/SIGRAT/backend/api/index.php/notifications/all
Cuerpo: 
2026-07-01 18:17:24 - POST /Estadias/SIGRAT/backend/api/index.php/notifications/check_expiring
Cuerpo: 
2026-07-01 18:17:25 - GET /Estadias/SIGRAT/backend/api/index.php/notifications/all
Cuerpo: 
2026-07-01 18:17:57 - POST /Estadias/SIGRAT/backend/api/index.php/notifications/check_expiring
Cuerpo: 
2026-07-01 18:17:57 - GET /Estadias/SIGRAT/backend/api/index.php/notifications/all
Cuerpo: 
2026-07-01 18:18:38 - POST /Estadias/SIGRAT/backend/api/index.php/notifications/check_expiring
Cuerpo: 
2026-07-01 18:18:38 - GET /Estadias/SIGRAT/backend/api/index.php/calendar/events
Cuerpo: 
2026-07-01 18:18:39 - GET /Estadias/SIGRAT/backend/api/index.php/notifications/all
Cuerpo: 
2026-07-01 18:18:59 - POST /Estadias/SIGRAT/backend/api/index.php/notifications/check_expiring
Cuerpo: 
2026-07-01 18:19:00 - GET /Estadias/SIGRAT/backend/api/index.php/notifications/all
Cuerpo: 
2026-07-01 18:19:06 - POST /Estadias/SIGRAT/backend/api/index.php/notifications/check_expiring
Cuerpo: 
2026-07-01 18:19:06 - GET /Estadias/SIGRAT/backend/api/index.php/notifications/all
Cuerpo: 
2026-07-01 18:19:20 - POST /Estadias/SIGRAT/backend/api/index.php/notifications/check_expiring
Cuerpo: 
2026-07-01 18:19:20 - GET /Estadias/SIGRAT/backend/api/index.php/notifications/all
Cuerpo: 
2026-07-01 18:20:20 - POST /Estadias/SIGRAT/backend/api/index.php/notifications/check_expiring
Cuerpo: 
2026-07-01 18:20:20 - GET /Estadias/SIGRAT/backend/api/index.php/notifications/all
Cuerpo: 
2026-07-01 18:21:20 - POST /Estadias/SIGRAT/backend/api/index.php/notifications/check_expiring
Cuerpo: 
2026-07-01 18:21:20 - GET /Estadias/SIGRAT/backend/api/index.php/notifications/all
Cuerpo: 
2026-07-01 18:22:20 - POST /Estadias/SIGRAT/backend/api/index.php/notifications/check_expiring
Cuerpo: 
2026-07-01 18:22:20 - GET /Estadias/SIGRAT/backend/api/index.php/notifications/all
Cuerpo: 
2026-07-01 18:23:20 - POST /Estadias/SIGRAT/backend/api/index.php/notifications/check_expiring
Cuerpo: 
2026-07-01 18:23:20 - GET /Estadias/SIGRAT/backend/api/index.php/notifications/all
Cuerpo: 
2026-07-01 18:24:38 - POST /Estadias/SIGRAT/backend/api/index.php/notifications/check_expiring
Cuerpo: 
2026-07-01 18:24:38 - GET /Estadias/SIGRAT/backend/api/index.php/notifications/all
Cuerpo: 
2026-07-01 18:24:50 - GET /Estadias/SIGRAT/backend/api/index.php/reservations/pending
Cuerpo: 
2026-07-01 18:24:51 - GET /Estadias/SIGRAT/backend/api/index.php/spaces
Cuerpo: 
2026-07-01 18:24:51 - POST /Estadias/SIGRAT/backend/api/index.php/notifications/check_expiring
Cuerpo: 
2026-07-01 18:24:53 - GET /Estadias/SIGRAT/backend/api/index.php/notifications/all
Cuerpo: 
2026-07-01 18:24:53 - GET /Estadias/SIGRAT/backend/api/index.php/spaces
Cuerpo: 
2026-07-01 18:24:54 - GET /Estadias/SIGRAT/backend/api/index.php/reservations/cancelled
Cuerpo: 
2026-07-01 18:33:36 - POST /Estadias/SIGRAT/backend/api/index.php/notifications/check_expiring
Cuerpo: 
2026-07-01 18:33:37 - GET /Estadias/SIGRAT/backend/api/index.php/notifications/all
Cuerpo: 
2026-07-01 18:33:50 - POST /Estadias/SIGRAT/backend/api/index.php/notifications/check_expiring
Cuerpo: 
2026-07-01 18:33:51 - GET /Estadias/SIGRAT/backend/api/index.php/notifications/all
Cuerpo: 
2026-07-01 18:34:11 - POST /Estadias/SIGRAT/backend/api/index.php/notifications/check_expiring
Cuerpo: 
2026-07-01 18:34:13 - GET /Estadias/SIGRAT/backend/api/index.php/notifications/all
Cuerpo: 
2026-07-01 18:34:13 - POST /Estadias/SIGRAT/backend/api/index.php/notifications/check_expiring
Cuerpo: 
2026-07-01 18:34:14 - GET /Estadias/SIGRAT/backend/api/index.php/notifications/all
Cuerpo: 
2026-07-01 18:34:15 - POST /Estadias/SIGRAT/backend/api/index.php/notifications/check_expiring
Cuerpo: 
2026-07-01 18:34:15 - GET /Estadias/SIGRAT/backend/api/index.php/notifications/all
Cuerpo: 
2026-07-01 18:34:17 - POST /Estadias/SIGRAT/backend/api/index.php/notifications/check_expiring
Cuerpo: 
2026-07-01 18:34:17 - GET /Estadias/SIGRAT/backend/api/index.php/notifications/all
Cuerpo: 
2026-07-01 18:35:17 - POST /Estadias/SIGRAT/backend/api/index.php/notifications/check_expiring
Cuerpo: 
2026-07-01 18:35:18 - GET /Estadias/SIGRAT/backend/api/index.php/notifications/all
Cuerpo: 
2026-07-01 18:36:17 - POST /Estadias/SIGRAT/backend/api/index.php/notifications/check_expiring
Cuerpo: 
2026-07-01 18:36:18 - GET /Estadias/SIGRAT/backend/api/index.php/notifications/all
Cuerpo: 
2026-07-01 18:37:17 - POST /Estadias/SIGRAT/backend/api/index.php/notifications/check_expiring
Cuerpo: 
2026-07-01 18:37:18 - GET /Estadias/SIGRAT/backend/api/index.php/notifications/all
Cuerpo: 
2026-07-01 18:38:17 - POST /Estadias/SIGRAT/backend/api/index.php/notifications/check_expiring
Cuerpo: 
2026-07-01 18:38:18 - GET /Estadias/SIGRAT/backend/api/index.php/notifications/all
Cuerpo: 
2026-07-01 18:39:17 - POST /Estadias/SIGRAT/backend/api/index.php/notifications/check_expiring
Cuerpo: 
2026-07-01 18:39:18 - GET /Estadias/SIGRAT/backend/api/index.php/notifications/all
Cuerpo: 
2026-07-01 20:51:31 - POST /Estadias/SIGRAT/backend/api/index.php/notifications/check_expiring
Cuerpo: 
2026-07-01 20:51:32 - GET /Estadias/SIGRAT/backend/api/index.php/notifications/all
Cuerpo: 
2026-07-01 20:51:41 - POST /Estadias/SIGRAT/backend/api/index.php/notifications/check_expiring
Cuerpo: 
2026-07-01 20:51:42 - GET /Estadias/SIGRAT/backend/api/index.php/notifications/all
Cuerpo: 
2026-07-01 20:51:45 - GET /Estadias/SIGRAT/backend/api/index.php/reservations/pending
Cuerpo: 
2026-07-01 20:51:46 - GET /Estadias/SIGRAT/backend/api/index.php/spaces
Cuerpo: 
2026-07-01 20:51:46 - POST /Estadias/SIGRAT/backend/api/index.php/notifications/check_expiring
Cuerpo: 
2026-07-01 20:51:47 - GET /Estadias/SIGRAT/backend/api/index.php/notifications/all
Cuerpo: 
2026-07-01 20:51:49 - POST /Estadias/SIGRAT/backend/api/index.php/notifications/check_expiring
Cuerpo: 
2026-07-01 20:51:49 - GET /Estadias/SIGRAT/backend/api/index.php/notifications/all
Cuerpo: 
2026-07-01 20:52:49 - POST /Estadias/SIGRAT/backend/api/index.php/notifications/check_expiring
Cuerpo: 
2026-07-01 20:52:50 - GET /Estadias/SIGRAT/backend/api/index.php/notifications/all
Cuerpo: 
2026-07-01 20:53:49 - POST /Estadias/SIGRAT/backend/api/index.php/notifications/check_expiring
Cuerpo: 
2026-07-01 20:53:50 - GET /Estadias/SIGRAT/backend/api/index.php/notifications/all
Cuerpo: 
2026-07-01 20:54:49 - POST /Estadias/SIGRAT/backend/api/index.php/notifications/check_expiring
Cuerpo: 
2026-07-01 20:54:50 - GET /Estadias/SIGRAT/backend/api/index.php/notifications/all
Cuerpo: 
2026-07-01 20:54:53 - POST /Estadias/SIGRAT/backend/api/index.php/notifications/check_expiring
Cuerpo: 
2026-07-01 20:54:53 - GET /Estadias/SIGRAT/backend/api/index.php/notifications/all
Cuerpo: 
2026-07-01 20:55:06 - POST /Estadias/SIGRAT/backend/api/index.php/notifications/check_expiring
Cuerpo: 
2026-07-01 20:55:07 - GET /Estadias/SIGRAT/backend/api/index.php/notifications/all
Cuerpo: 
2026-07-01 20:55:21 - POST /Estadias/SIGRAT/backend/api/index.php/notifications/check_expiring
Cuerpo: 
2026-07-01 20:55:21 - GET /Estadias/SIGRAT/backend/api/index.php/notifications/all
Cuerpo: 
2026-07-01 20:55:24 - POST /Estadias/SIGRAT/backend/api/index.php/notifications/check_expiring
Cuerpo: 
2026-07-01 20:55:24 - GET /Estadias/SIGRAT/backend/api/index.php/notifications/all
Cuerpo: 
2026-07-01 20:55:28 - POST /Estadias/SIGRAT/backend/api/index.php/notifications/check_expiring
Cuerpo: 
2026-07-01 20:55:29 - GET /Estadias/SIGRAT/backend/api/index.php/notifications/all
Cuerpo: 
2026-07-01 20:55:32 - POST /Estadias/SIGRAT/backend/api/index.php/notifications/check_expiring
Cuerpo: 
2026-07-01 20:55:33 - GET /Estadias/SIGRAT/backend/api/index.php/notifications/all
Cuerpo: 
2026-07-01 20:56:32 - POST /Estadias/SIGRAT/backend/api/index.php/notifications/check_expiring
Cuerpo: 
2026-07-01 20:56:33 - GET /Estadias/SIGRAT/backend/api/index.php/notifications/all
Cuerpo: 
2026-07-01 20:57:32 - POST /Estadias/SIGRAT/backend/api/index.php/notifications/check_expiring
Cuerpo: 
2026-07-01 20:57:33 - GET /Estadias/SIGRAT/backend/api/index.php/notifications/all
Cuerpo: 
2026-07-01 20:58:32 - POST /Estadias/SIGRAT/backend/api/index.php/notifications/check_expiring
Cuerpo: 
2026-07-01 20:58:33 - GET /Estadias/SIGRAT/backend/api/index.php/notifications/all
Cuerpo: 
2026-07-01 20:58:35 - POST /Estadias/SIGRAT/backend/api/index.php/notifications/check_expiring
Cuerpo: 
2026-07-01 20:58:35 - GET /Estadias/SIGRAT/backend/api/index.php/notifications/all
Cuerpo: 
2026-07-01 20:59:04 - POST /Estadias/SIGRAT/backend/api/index.php/notifications/check_expiring
Cuerpo: 
2026-07-01 20:59:06 - GET /Estadias/SIGRAT/backend/api/index.php/notifications/all
Cuerpo: 
2026-07-01 20:59:22 - POST /Estadias/SIGRAT/backend/api/index.php/notifications/check_expiring
Cuerpo: 
2026-07-01 20:59:22 - GET /Estadias/SIGRAT/backend/api/index.php/notifications/all
Cuerpo: 
2026-07-01 20:59:52 - POST /Estadias/SIGRAT/backend/api/index.php/notifications/check_expiring
Cuerpo: 
2026-07-01 20:59:53 - GET /Estadias/SIGRAT/backend/api/index.php/notifications/all
Cuerpo: 
2026-07-01 21:00:52 - POST /Estadias/SIGRAT/backend/api/index.php/notifications/check_expiring
Cuerpo: 
2026-07-01 21:00:53 - GET /Estadias/SIGRAT/backend/api/index.php/notifications/all
Cuerpo: 
2026-07-01 21:01:10 - POST /Estadias/SIGRAT/backend/api/index.php/notifications/check_expiring
Cuerpo: 
2026-07-01 21:01:10 - GET /Estadias/SIGRAT/backend/api/index.php/notifications/all
Cuerpo: 
2026-07-01 21:02:10 - POST /Estadias/SIGRAT/backend/api/index.php/notifications/check_expiring
Cuerpo: 
2026-07-01 21:02:11 - GET /Estadias/SIGRAT/backend/api/index.php/notifications/all
Cuerpo: 
2026-07-01 21:02:48 - POST /Estadias/SIGRAT/backend/api/index.php/notifications/check_expiring
Cuerpo: 
2026-07-01 21:02:48 - GET /Estadias/SIGRAT/backend/api/index.php/notifications/all
Cuerpo: 
2026-07-01 21:03:42 - POST /Estadias/SIGRAT/backend/api/index.php/notifications/check_expiring
Cuerpo: 
2026-07-01 21:03:42 - GET /Estadias/SIGRAT/backend/api/index.php/notifications/all
Cuerpo: 
2026-07-01 21:04:08 - POST /Estadias/SIGRAT/backend/api/index.php/notifications/check_expiring
Cuerpo: 
2026-07-01 21:04:09 - GET /Estadias/SIGRAT/backend/api/index.php/notifications/all
Cuerpo: 
2026-07-01 21:04:49 - POST /Estadias/SIGRAT/backend/api/index.php/notifications/check_expiring
Cuerpo: 
2026-07-01 21:04:50 - GET /Estadias/SIGRAT/backend/api/index.php/notifications/all
Cuerpo: 
2026-07-01 21:04:56 - POST /Estadias/SIGRAT/backend/api/index.php/notifications/check_expiring
Cuerpo: 
2026-07-01 21:04:56 - GET /Estadias/SIGRAT/backend/api/index.php/notifications/all
Cuerpo: 
2026-07-01 21:04:59 - POST /Estadias/SIGRAT/backend/api/index.php/notifications/check_expiring
Cuerpo: 
2026-07-01 21:05:00 - GET /Estadias/SIGRAT/backend/api/index.php/notifications/all
Cuerpo: 
2026-07-01 21:05:02 - POST /Estadias/SIGRAT/backend/api/index.php/notifications/check_expiring
Cuerpo: 
2026-07-01 21:05:03 - GET /Estadias/SIGRAT/backend/api/index.php/notifications/all
Cuerpo: 
2026-07-01 21:06:02 - POST /Estadias/SIGRAT/backend/api/index.php/notifications/check_expiring
Cuerpo: 
2026-07-01 21:06:03 - GET /Estadias/SIGRAT/backend/api/index.php/notifications/all
Cuerpo: 
2026-07-01 21:07:02 - POST /Estadias/SIGRAT/backend/api/index.php/notifications/check_expiring
Cuerpo: 
2026-07-01 21:07:03 - GET /Estadias/SIGRAT/backend/api/index.php/notifications/all
Cuerpo: 
2026-07-01 21:08:02 - POST /Estadias/SIGRAT/backend/api/index.php/notifications/check_expiring
Cuerpo: 
2026-07-01 21:08:03 - GET /Estadias/SIGRAT/backend/api/index.php/notifications/all
Cuerpo: 
2026-07-01 21:09:02 - POST /Estadias/SIGRAT/backend/api/index.php/notifications/check_expiring
Cuerpo: 
2026-07-01 21:09:03 - GET /Estadias/SIGRAT/backend/api/index.php/notifications/all
Cuerpo: 
2026-07-01 21:10:02 - POST /Estadias/SIGRAT/backend/api/index.php/notifications/check_expiring
Cuerpo: 
2026-07-01 21:10:03 - GET /Estadias/SIGRAT/backend/api/index.php/notifications/all
Cuerpo: 
2026-07-01 21:11:02 - POST /Estadias/SIGRAT/backend/api/index.php/notifications/check_expiring
Cuerpo: 
2026-07-01 21:11:03 - GET /Estadias/SIGRAT/backend/api/index.php/notifications/all
Cuerpo: 
2026-07-01 21:12:02 - POST /Estadias/SIGRAT/backend/api/index.php/notifications/check_expiring
Cuerpo: 
2026-07-01 21:12:03 - GET /Estadias/SIGRAT/backend/api/index.php/notifications/all
Cuerpo: 
2026-07-01 21:13:03 - POST /Estadias/SIGRAT/backend/api/index.php/notifications/check_expiring
Cuerpo: 
2026-07-01 21:13:04 - GET /Estadias/SIGRAT/backend/api/index.php/notifications/all
Cuerpo: 
2026-07-01 21:14:04 - POST /Estadias/SIGRAT/backend/api/index.php/notifications/check_expiring
Cuerpo: 
2026-07-01 21:14:05 - GET /Estadias/SIGRAT/backend/api/index.php/notifications/all
Cuerpo: 
2026-07-01 21:15:05 - POST /Estadias/SIGRAT/backend/api/index.php/notifications/check_expiring
Cuerpo: 
2026-07-01 21:15:06 - GET /Estadias/SIGRAT/backend/api/index.php/notifications/all
Cuerpo: 
2026-07-01 21:16:06 - POST /Estadias/SIGRAT/backend/api/index.php/notifications/check_expiring
Cuerpo: 
2026-07-01 21:16:08 - GET /Estadias/SIGRAT/backend/api/index.php/notifications/all
Cuerpo: 
2026-07-01 21:17:07 - POST /Estadias/SIGRAT/backend/api/index.php/notifications/check_expiring
Cuerpo: 
2026-07-01 21:17:08 - GET /Estadias/SIGRAT/backend/api/index.php/notifications/all
Cuerpo: 
2026-07-01 21:18:04 - POST /Estadias/SIGRAT/backend/api/index.php/notifications/check_expiring
Cuerpo: 
2026-07-01 21:18:04 - GET /Estadias/SIGRAT/backend/api/index.php/notifications/all
Cuerpo: 
2026-07-01 21:18:10 - POST /Estadias/SIGRAT/backend/api/index.php/notifications/check_expiring
Cuerpo: 
2026-07-01 21:18:11 - GET /Estadias/SIGRAT/backend/api/index.php/notifications/all
Cuerpo: 
2026-07-01 21:18:46 - POST /Estadias/SIGRAT/backend/api/index.php/notifications/check_expiring
Cuerpo: 
2026-07-01 21:18:47 - GET /Estadias/SIGRAT/backend/api/index.php/notifications/all
Cuerpo: 
2026-07-01 21:19:05 - POST /Estadias/SIGRAT/backend/api/index.php/notifications/check_expiring
Cuerpo: 
2026-07-01 21:19:05 - GET /Estadias/SIGRAT/backend/api/index.php/notifications/all
Cuerpo: 
2026-07-01 21:20:05 - POST /Estadias/SIGRAT/backend/api/index.php/notifications/check_expiring
Cuerpo: 
2026-07-01 21:20:06 - GET /Estadias/SIGRAT/backend/api/index.php/notifications/all
Cuerpo: 
2026-07-01 21:21:05 - POST /Estadias/SIGRAT/backend/api/index.php/notifications/check_expiring
Cuerpo: 
2026-07-01 21:21:06 - GET /Estadias/SIGRAT/backend/api/index.php/notifications/all
Cuerpo: 
2026-07-01 21:21:41 - POST /Estadias/SIGRAT/backend/api/index.php/notifications/check_expiring
Cuerpo: 
2026-07-01 21:21:41 - GET /Estadias/SIGRAT/backend/api/index.php/notifications/all
Cuerpo: 
2026-07-01 21:21:45 - POST /Estadias/SIGRAT/backend/api/index.php/notifications/check_expiring
Cuerpo: 
2026-07-01 21:21:45 - GET /Estadias/SIGRAT/backend/api/index.php/notifications/all
Cuerpo: 
2026-07-01 21:21:46 - POST /Estadias/SIGRAT/backend/api/index.php/notifications/check_expiring
Cuerpo: 
2026-07-01 21:21:47 - GET /Estadias/SIGRAT/backend/api/index.php/notifications/all
Cuerpo: 
2026-07-01 21:22:17 - POST /Estadias/SIGRAT/backend/api/index.php/notifications/check_expiring
Cuerpo: 
2026-07-01 21:22:18 - GET /Estadias/SIGRAT/backend/api/index.php/notifications/all
Cuerpo: 
2026-07-01 21:23:17 - POST /Estadias/SIGRAT/backend/api/index.php/notifications/check_expiring
Cuerpo: 
2026-07-01 21:23:18 - GET /Estadias/SIGRAT/backend/api/index.php/notifications/all
Cuerpo: 
2026-07-01 21:24:17 - POST /Estadias/SIGRAT/backend/api/index.php/notifications/check_expiring
Cuerpo: 
2026-07-01 21:24:18 - GET /Estadias/SIGRAT/backend/api/index.php/notifications/all
Cuerpo: 
2026-07-01 21:25:17 - POST /Estadias/SIGRAT/backend/api/index.php/notifications/check_expiring
Cuerpo: 
2026-07-01 21:25:18 - GET /Estadias/SIGRAT/backend/api/index.php/notifications/all
Cuerpo: 
2026-07-01 21:26:17 - POST /Estadias/SIGRAT/backend/api/index.php/notifications/check_expiring
Cuerpo: 
2026-07-01 21:26:18 - GET /Estadias/SIGRAT/backend/api/index.php/notifications/all
Cuerpo: 
2026-07-01 21:27:17 - POST /Estadias/SIGRAT/backend/api/index.php/notifications/check_expiring
Cuerpo: 
2026-07-01 21:27:18 - GET /Estadias/SIGRAT/backend/api/index.php/notifications/all
Cuerpo: 
2026-07-01 21:28:17 - POST /Estadias/SIGRAT/backend/api/index.php/notifications/check_expiring
Cuerpo: 
2026-07-01 21:28:18 - GET /Estadias/SIGRAT/backend/api/index.php/notifications/all
Cuerpo: 
2026-07-01 21:29:18 - POST /Estadias/SIGRAT/backend/api/index.php/notifications/check_expiring
Cuerpo: 
2026-07-01 21:29:18 - GET /Estadias/SIGRAT/backend/api/index.php/notifications/all
Cuerpo: 
2026-07-01 21:30:54 - POST /Estadias/SIGRAT/backend/api/index.php/notifications/check_expiring
Cuerpo: 
2026-07-01 21:30:54 - GET /Estadias/SIGRAT/backend/api/index.php/notifications/all
Cuerpo: 
2026-07-01 21:31:21 - POST /Estadias/SIGRAT/backend/api/index.php/notifications/check_expiring
Cuerpo: 
2026-07-01 21:31:22 - GET /Estadias/SIGRAT/backend/api/index.php/notifications/all
Cuerpo: 
2026-07-01 21:32:18 - POST /Estadias/SIGRAT/backend/api/index.php/notifications/check_expiring
Cuerpo: 
2026-07-01 21:32:18 - GET /Estadias/SIGRAT/backend/api/index.php/notifications/all
Cuerpo: 
2026-07-01 21:33:54 - POST /Estadias/SIGRAT/backend/api/index.php/notifications/check_expiring
Cuerpo: 
2026-07-01 21:33:54 - GET /Estadias/SIGRAT/backend/api/index.php/notifications/all
Cuerpo: 
2026-07-01 21:34:54 - POST /Estadias/SIGRAT/backend/api/index.php/notifications/check_expiring
Cuerpo: 
2026-07-01 21:34:54 - GET /Estadias/SIGRAT/backend/api/index.php/notifications/all
Cuerpo: 
2026-07-01 21:35:54 - POST /Estadias/SIGRAT/backend/api/index.php/notifications/check_expiring
Cuerpo: 
2026-07-01 21:35:54 - GET /Estadias/SIGRAT/backend/api/index.php/notifications/all
Cuerpo: 
2026-07-01 21:36:54 - POST /Estadias/SIGRAT/backend/api/index.php/notifications/check_expiring
Cuerpo: 
2026-07-01 21:36:54 - GET /Estadias/SIGRAT/backend/api/index.php/notifications/all
Cuerpo: 
2026-07-01 21:37:54 - POST /Estadias/SIGRAT/backend/api/index.php/notifications/check_expiring
Cuerpo: 
2026-07-01 21:37:54 - GET /Estadias/SIGRAT/backend/api/index.php/notifications/all
Cuerpo: 
2026-07-01 21:38:54 - POST /Estadias/SIGRAT/backend/api/index.php/notifications/check_expiring
Cuerpo: 
2026-07-01 21:38:54 - GET /Estadias/SIGRAT/backend/api/index.php/notifications/all
Cuerpo: 
2026-07-01 21:39:54 - POST /Estadias/SIGRAT/backend/api/index.php/notifications/check_expiring
Cuerpo: 
2026-07-01 21:39:54 - GET /Estadias/SIGRAT/backend/api/index.php/notifications/all
Cuerpo: 
2026-07-01 21:40:51 - POST /Estadias/SIGRAT/backend/api/index.php/notifications/check_expiring
Cuerpo: 
2026-07-01 21:40:52 - GET /Estadias/SIGRAT/backend/api/index.php/notifications/all
Cuerpo: 
2026-07-01 21:41:18 - POST /Estadias/SIGRAT/backend/api/index.php/notifications/check_expiring
Cuerpo: 
2026-07-01 21:41:18 - GET /Estadias/SIGRAT/backend/api/index.php/notifications/all
Cuerpo: 
2026-07-01 21:42:18 - POST /Estadias/SIGRAT/backend/api/index.php/notifications/check_expiring
Cuerpo: 
2026-07-01 21:42:18 - GET /Estadias/SIGRAT/backend/api/index.php/notifications/all
Cuerpo: 
2026-07-01 21:43:53 - POST /Estadias/SIGRAT/backend/api/index.php/notifications/check_expiring
Cuerpo: 
2026-07-01 21:43:54 - GET /Estadias/SIGRAT/backend/api/index.php/notifications/all
Cuerpo: 
2026-07-01 21:44:54 - POST /Estadias/SIGRAT/backend/api/index.php/notifications/check_expiring
Cuerpo: 
2026-07-01 21:44:54 - GET /Estadias/SIGRAT/backend/api/index.php/notifications/all
Cuerpo: 
2026-07-01 21:45:24 - POST /Estadias/SIGRAT/backend/api/index.php/notifications/check_expiring
Cuerpo: 
2026-07-01 21:45:24 - GET /Estadias/SIGRAT/backend/api/index.php/notifications/all
Cuerpo: 
2026-07-01 21:45:28 - POST /Estadias/SIGRAT/backend/api/index.php/notifications/check_expiring
Cuerpo: 
2026-07-01 21:45:28 - GET /Estadias/SIGRAT/backend/api/index.php/notifications/all
Cuerpo: 
2026-07-01 21:46:29 - POST /Estadias/SIGRAT/backend/api/index.php/notifications/check_expiring
Cuerpo: 
2026-07-01 21:46:29 - GET /Estadias/SIGRAT/backend/api/index.php/notifications/all
Cuerpo: 
2026-07-01 21:47:29 - POST /Estadias/SIGRAT/backend/api/index.php/notifications/check_expiring
Cuerpo: 
2026-07-01 21:47:30 - GET /Estadias/SIGRAT/backend/api/index.php/notifications/all
Cuerpo: 
2026-07-01 21:48:29 - POST /Estadias/SIGRAT/backend/api/index.php/notifications/check_expiring
Cuerpo: 
2026-07-01 21:48:29 - GET /Estadias/SIGRAT/backend/api/index.php/notifications/all
Cuerpo: 
2026-07-01 21:49:28 - POST /Estadias/SIGRAT/backend/api/index.php/notifications/check_expiring
Cuerpo: 
2026-07-01 21:49:28 - GET /Estadias/SIGRAT/backend/api/index.php/notifications/all
Cuerpo: 
2026-07-01 21:50:29 - POST /Estadias/SIGRAT/backend/api/index.php/notifications/check_expiring
Cuerpo: 
2026-07-01 21:50:30 - GET /Estadias/SIGRAT/backend/api/index.php/notifications/all
Cuerpo: 
2026-07-01 21:50:51 - POST /Estadias/SIGRAT/backend/api/index.php/notifications/check_expiring
Cuerpo: 
2026-07-01 21:50:51 - GET /Estadias/SIGRAT/backend/api/index.php/notifications/all
Cuerpo: 
2026-07-01 21:51:51 - POST /Estadias/SIGRAT/backend/api/index.php/notifications/check_expiring
Cuerpo: 
2026-07-01 21:51:51 - GET /Estadias/SIGRAT/backend/api/index.php/notifications/all
Cuerpo: 
2026-07-01 21:52:52 - POST /Estadias/SIGRAT/backend/api/index.php/notifications/check_expiring
Cuerpo: 
2026-07-01 21:52:52 - GET /Estadias/SIGRAT/backend/api/index.php/notifications/all
Cuerpo: 
2026-07-01 21:53:51 - POST /Estadias/SIGRAT/backend/api/index.php/notifications/check_expiring
Cuerpo: 
2026-07-01 21:53:51 - GET /Estadias/SIGRAT/backend/api/index.php/notifications/all
Cuerpo: 
2026-07-01 21:54:51 - POST /Estadias/SIGRAT/backend/api/index.php/notifications/check_expiring
Cuerpo: 
2026-07-01 21:54:51 - GET /Estadias/SIGRAT/backend/api/index.php/notifications/all
Cuerpo: 
2026-07-01 21:55:49 - POST /Estadias/SIGRAT/backend/api/index.php/notifications/check_expiring
Cuerpo: 
2026-07-01 21:55:50 - GET /Estadias/SIGRAT/backend/api/index.php/notifications/all
Cuerpo: 
2026-07-01 21:56:50 - POST /Estadias/SIGRAT/backend/api/index.php/notifications/check_expiring
Cuerpo: 
2026-07-01 21:56:50 - GET /Estadias/SIGRAT/backend/api/index.php/notifications/all
Cuerpo: 
2026-07-01 21:57:49 - POST /Estadias/SIGRAT/backend/api/index.php/notifications/check_expiring
Cuerpo: 
2026-07-01 21:57:50 - GET /Estadias/SIGRAT/backend/api/index.php/notifications/all
Cuerpo: 
2026-07-01 21:58:50 - POST /Estadias/SIGRAT/backend/api/index.php/notifications/check_expiring
Cuerpo: 
2026-07-01 21:58:51 - GET /Estadias/SIGRAT/backend/api/index.php/notifications/all
Cuerpo: 
2026-07-01 21:59:49 - POST /Estadias/SIGRAT/backend/api/index.php/notifications/check_expiring
Cuerpo: 
2026-07-01 21:59:50 - GET /Estadias/SIGRAT/backend/api/index.php/notifications/all
Cuerpo: 
2026-07-01 22:00:50 - POST /Estadias/SIGRAT/backend/api/index.php/notifications/check_expiring
Cuerpo: 
2026-07-01 22:00:50 - GET /Estadias/SIGRAT/backend/api/index.php/notifications/all
Cuerpo: 
2026-07-01 22:01:11 - POST /Estadias/SIGRAT/backend/api/index.php/notifications/check_expiring
Cuerpo: 
2026-07-01 22:01:12 - GET /Estadias/SIGRAT/backend/api/index.php/notifications/all
Cuerpo: 
2026-07-01 23:57:21 - POST /Estadias/SIGRAT/backend/api/index.php/notifications/check_expiring
Cuerpo: 
2026-07-02 17:08:53 - POST /Estadias/SIGRAT/backend/api/index.php/notifications/check_expiring
Cuerpo: 
2026-07-02 17:08:53 - GET /Estadias/SIGRAT/backend/api/index.php/notifications/all
Cuerpo: 
2026-07-02 17:08:55 - GET /Estadias/SIGRAT/backend/api/index.php/notifications/all
Cuerpo: 
2026-07-02 17:09:04 - POST /Estadias/SIGRAT/backend/api/index.php/notifications/check_expiring
Cuerpo: 
2026-07-02 17:09:04 - GET /Estadias/SIGRAT/backend/api/index.php/notifications/all
Cuerpo: 
2026-07-02 17:10:03 - POST /Estadias/SIGRAT/backend/api/index.php/notifications/check_expiring
Cuerpo: 
2026-07-02 17:10:03 - GET /Estadias/SIGRAT/backend/api/index.php/notifications/all
Cuerpo: 
2026-07-02 17:11:03 - POST /Estadias/SIGRAT/backend/api/index.php/notifications/check_expiring
Cuerpo: 
2026-07-02 17:11:03 - GET /Estadias/SIGRAT/backend/api/index.php/notifications/all
Cuerpo: 
2026-07-02 17:12:03 - POST /Estadias/SIGRAT/backend/api/index.php/notifications/check_expiring
Cuerpo: 
2026-07-02 17:12:03 - GET /Estadias/SIGRAT/backend/api/index.php/notifications/all
Cuerpo: 
2026-07-02 17:13:09 - POST /Estadias/SIGRAT/backend/api/index.php/notifications/check_expiring
Cuerpo: 
2026-07-02 17:13:09 - GET /Estadias/SIGRAT/backend/api/index.php/notifications/all
Cuerpo: 
2026-07-02 17:14:09 - POST /Estadias/SIGRAT/backend/api/index.php/notifications/check_expiring
Cuerpo: 
2026-07-02 17:14:09 - GET /Estadias/SIGRAT/backend/api/index.php/notifications/all
Cuerpo: 
2026-07-02 17:15:09 - POST /Estadias/SIGRAT/backend/api/index.php/notifications/check_expiring
Cuerpo: 
2026-07-02 17:15:10 - GET /Estadias/SIGRAT/backend/api/index.php/notifications/all
Cuerpo: 
2026-07-02 17:16:09 - POST /Estadias/SIGRAT/backend/api/index.php/notifications/check_expiring
Cuerpo: 
2026-07-02 17:16:10 - GET /Estadias/SIGRAT/backend/api/index.php/notifications/all
Cuerpo: 
2026-07-02 17:16:33 - POST /Estadias/SIGRAT/backend/api/index.php/notifications/check_expiring
Cuerpo: 
2026-07-02 17:16:33 - GET /Estadias/SIGRAT/backend/api/index.php/notifications/all
Cuerpo: 
2026-07-02 17:17:32 - POST /Estadias/SIGRAT/backend/api/index.php/notifications/check_expiring
Cuerpo: 
2026-07-02 17:17:33 - GET /Estadias/SIGRAT/backend/api/index.php/notifications/all
Cuerpo: 
2026-07-02 17:17:42 - POST /Estadias/SIGRAT/backend/api/index.php/notifications/check_expiring
Cuerpo: 
2026-07-02 17:17:43 - GET /Estadias/SIGRAT/backend/api/index.php/notifications/all
Cuerpo: 
2026-07-02 17:17:58 - POST /Estadias/SIGRAT/backend/api/index.php/notifications/check_expiring
Cuerpo: 
2026-07-02 17:17:59 - GET /Estadias/SIGRAT/backend/api/index.php/notifications/all
Cuerpo: 
2026-07-02 17:18:30 - POST /Estadias/SIGRAT/backend/api/index.php/notifications/check_expiring
Cuerpo: 
2026-07-02 17:18:30 - GET /Estadias/SIGRAT/backend/api/index.php/notifications/all
Cuerpo: 
2026-07-02 17:18:47 - POST /Estadias/SIGRAT/backend/api/index.php/notifications/check_expiring
Cuerpo: 
2026-07-02 17:18:48 - GET /Estadias/SIGRAT/backend/api/index.php/notifications/all
Cuerpo: 
2026-07-02 17:19:07 - GET /Estadias/SIGRAT/backend/api/index.php/spaces
Cuerpo: 
2026-07-02 17:19:07 - GET /Estadias/SIGRAT/backend/api/index.php/reservations/pending
Cuerpo: 
2026-07-02 17:19:08 - POST /Estadias/SIGRAT/backend/api/index.php/notifications/check_expiring
Cuerpo: 
2026-07-02 17:19:09 - GET /Estadias/SIGRAT/backend/api/index.php/notifications/all
Cuerpo: 
2026-07-02 17:21:02 - POST /Estadias/SIGRAT/backend/api/index.php/notifications/check_expiring
Cuerpo: 
2026-07-02 17:21:03 - GET /Estadias/SIGRAT/backend/api/index.php/notifications/all
Cuerpo: 
2026-07-02 17:21:13 - POST /Estadias/SIGRAT/backend/api/index.php/notifications/check_expiring
Cuerpo: 
2026-07-02 17:21:13 - GET /Estadias/SIGRAT/backend/api/index.php/notifications/all
Cuerpo: 
2026-07-02 17:22:14 - POST /Estadias/SIGRAT/backend/api/index.php/notifications/check_expiring
Cuerpo: 
2026-07-02 17:22:15 - GET /Estadias/SIGRAT/backend/api/index.php/notifications/all
Cuerpo: 
2026-07-02 17:23:14 - POST /Estadias/SIGRAT/backend/api/index.php/notifications/check_expiring
Cuerpo: 
2026-07-02 17:23:14 - GET /Estadias/SIGRAT/backend/api/index.php/notifications/all
Cuerpo: 
2026-07-02 17:24:14 - POST /Estadias/SIGRAT/backend/api/index.php/notifications/check_expiring
Cuerpo: 
2026-07-02 17:24:14 - GET /Estadias/SIGRAT/backend/api/index.php/notifications/all
Cuerpo: 
2026-07-02 17:25:14 - POST /Estadias/SIGRAT/backend/api/index.php/notifications/check_expiring
Cuerpo: 
2026-07-02 17:25:14 - GET /Estadias/SIGRAT/backend/api/index.php/notifications/all
Cuerpo: 
2026-07-02 17:26:14 - POST /Estadias/SIGRAT/backend/api/index.php/notifications/check_expiring
Cuerpo: 
2026-07-02 17:26:14 - GET /Estadias/SIGRAT/backend/api/index.php/notifications/all
Cuerpo: 
2026-07-02 18:42:18 - POST /Estadias/SIGRAT/backend/api/index.php/notifications/check_expiring
Cuerpo: 
2026-07-02 18:42:20 - GET /Estadias/SIGRAT/backend/api/index.php/notifications/all
Cuerpo: 
2026-07-02 18:42:23 - POST /Estadias/SIGRAT/backend/api/index.php/notifications/check_expiring
Cuerpo: 
2026-07-02 18:42:23 - GET /Estadias/SIGRAT/backend/api/index.php/notifications/all
Cuerpo: 
2026-07-02 18:42:25 - POST /Estadias/SIGRAT/backend/api/index.php/notifications/check_expiring
Cuerpo: 
2026-07-02 18:42:25 - GET /Estadias/SIGRAT/backend/api/index.php/notifications/all
Cuerpo: 
2026-07-02 18:43:25 - POST /Estadias/SIGRAT/backend/api/index.php/notifications/check_expiring
Cuerpo: 
2026-07-02 18:43:25 - GET /Estadias/SIGRAT/backend/api/index.php/notifications/all
Cuerpo: 
2026-07-02 18:43:59 - POST /Estadias/SIGRAT/backend/api/index.php/notifications/check_expiring
Cuerpo: 
2026-07-02 18:43:59 - GET /Estadias/SIGRAT/backend/api/index.php/notifications/all
Cuerpo: 
2026-07-02 18:44:06 - POST /Estadias/SIGRAT/backend/api/index.php/notifications/check_expiring
Cuerpo: 
2026-07-02 18:44:06 - GET /Estadias/SIGRAT/backend/api/index.php/notifications/all
Cuerpo: 
2026-07-02 18:45:07 - POST /Estadias/SIGRAT/backend/api/index.php/notifications/check_expiring
Cuerpo: 
2026-07-02 18:45:07 - GET /Estadias/SIGRAT/backend/api/index.php/notifications/all
Cuerpo: 
2026-07-02 18:46:07 - POST /Estadias/SIGRAT/backend/api/index.php/notifications/check_expiring
Cuerpo: 
2026-07-02 18:46:07 - GET /Estadias/SIGRAT/backend/api/index.php/notifications/all
Cuerpo: 
2026-07-02 18:47:06 - POST /Estadias/SIGRAT/backend/api/index.php/notifications/check_expiring
Cuerpo: 
2026-07-02 18:47:06 - GET /Estadias/SIGRAT/backend/api/index.php/notifications/all
Cuerpo: 
2026-07-02 18:48:07 - POST /Estadias/SIGRAT/backend/api/index.php/notifications/check_expiring
Cuerpo: 
2026-07-02 18:48:07 - GET /Estadias/SIGRAT/backend/api/index.php/notifications/all
Cuerpo: 
2026-07-02 18:49:07 - POST /Estadias/SIGRAT/backend/api/index.php/notifications/check_expiring
Cuerpo: 
2026-07-02 18:49:07 - GET /Estadias/SIGRAT/backend/api/index.php/notifications/all
Cuerpo: 
2026-07-02 18:50:07 - POST /Estadias/SIGRAT/backend/api/index.php/notifications/check_expiring
Cuerpo: 
2026-07-02 18:50:07 - GET /Estadias/SIGRAT/backend/api/index.php/notifications/all
Cuerpo: 
2026-07-02 18:51:07 - POST /Estadias/SIGRAT/backend/api/index.php/notifications/check_expiring
Cuerpo: 
2026-07-02 18:51:07 - GET /Estadias/SIGRAT/backend/api/index.php/notifications/all
Cuerpo: 
2026-07-02 18:52:08 - POST /Estadias/SIGRAT/backend/api/index.php/notifications/check_expiring
Cuerpo: 
2026-07-02 18:52:08 - GET /Estadias/SIGRAT/backend/api/index.php/notifications/all
Cuerpo: 
2026-07-02 18:53:09 - POST /Estadias/SIGRAT/backend/api/index.php/notifications/check_expiring
Cuerpo: 
2026-07-02 18:53:09 - GET /Estadias/SIGRAT/backend/api/index.php/notifications/all
Cuerpo: 
2026-07-02 18:54:07 - POST /Estadias/SIGRAT/backend/api/index.php/notifications/check_expiring
Cuerpo: 
2026-07-02 18:54:07 - GET /Estadias/SIGRAT/backend/api/index.php/notifications/all
Cuerpo: 
2026-07-02 18:55:08 - POST /Estadias/SIGRAT/backend/api/index.php/notifications/check_expiring
Cuerpo: 
2026-07-02 18:55:08 - GET /Estadias/SIGRAT/backend/api/index.php/notifications/all
Cuerpo: 
2026-07-02 18:56:09 - POST /Estadias/SIGRAT/backend/api/index.php/notifications/check_expiring
Cuerpo: 
2026-07-02 18:56:09 - GET /Estadias/SIGRAT/backend/api/index.php/notifications/all
Cuerpo: 
2026-07-02 18:57:10 - POST /Estadias/SIGRAT/backend/api/index.php/notifications/check_expiring
Cuerpo: 
2026-07-02 18:57:10 - GET /Estadias/SIGRAT/backend/api/index.php/notifications/all
Cuerpo: 
2026-07-02 18:58:11 - POST /Estadias/SIGRAT/backend/api/index.php/notifications/check_expiring
Cuerpo: 
2026-07-02 18:58:11 - GET /Estadias/SIGRAT/backend/api/index.php/notifications/all
Cuerpo: 
2026-07-02 18:59:12 - POST /Estadias/SIGRAT/backend/api/index.php/notifications/check_expiring
Cuerpo: 
2026-07-02 18:59:12 - GET /Estadias/SIGRAT/backend/api/index.php/notifications/all
Cuerpo: 
2026-07-02 19:00:13 - POST /Estadias/SIGRAT/backend/api/index.php/notifications/check_expiring
Cuerpo: 
2026-07-02 19:00:13 - GET /Estadias/SIGRAT/backend/api/index.php/notifications/all
Cuerpo: 
2026-07-02 19:01:14 - POST /Estadias/SIGRAT/backend/api/index.php/notifications/check_expiring
Cuerpo: 
2026-07-02 19:01:14 - GET /Estadias/SIGRAT/backend/api/index.php/notifications/all
Cuerpo: 
2026-07-02 19:02:15 - POST /Estadias/SIGRAT/backend/api/index.php/notifications/check_expiring
Cuerpo: 
2026-07-02 19:02:15 - GET /Estadias/SIGRAT/backend/api/index.php/notifications/all
Cuerpo: 
2026-07-02 19:03:16 - POST /Estadias/SIGRAT/backend/api/index.php/notifications/check_expiring
Cuerpo: 
2026-07-02 19:03:16 - GET /Estadias/SIGRAT/backend/api/index.php/notifications/all
Cuerpo: 
2026-07-02 19:04:17 - POST /Estadias/SIGRAT/backend/api/index.php/notifications/check_expiring
Cuerpo: 
2026-07-02 19:04:17 - GET /Estadias/SIGRAT/backend/api/index.php/notifications/all
Cuerpo: 
2026-07-02 19:05:18 - POST /Estadias/SIGRAT/backend/api/index.php/notifications/check_expiring
Cuerpo: 
2026-07-02 19:05:18 - GET /Estadias/SIGRAT/backend/api/index.php/notifications/all
Cuerpo: 
2026-07-02 19:06:19 - POST /Estadias/SIGRAT/backend/api/index.php/notifications/check_expiring
Cuerpo: 
2026-07-02 19:06:19 - GET /Estadias/SIGRAT/backend/api/index.php/notifications/all
Cuerpo: 
2026-07-02 19:07:20 - POST /Estadias/SIGRAT/backend/api/index.php/notifications/check_expiring
Cuerpo: 
2026-07-02 19:07:20 - GET /Estadias/SIGRAT/backend/api/index.php/notifications/all
Cuerpo: 
2026-07-02 19:08:21 - POST /Estadias/SIGRAT/backend/api/index.php/notifications/check_expiring
Cuerpo: 
2026-07-02 19:08:21 - GET /Estadias/SIGRAT/backend/api/index.php/notifications/all
Cuerpo: 
2026-07-02 19:09:22 - POST /Estadias/SIGRAT/backend/api/index.php/notifications/check_expiring
Cuerpo: 
2026-07-02 19:09:22 - GET /Estadias/SIGRAT/backend/api/index.php/notifications/all
Cuerpo: 
2026-07-02 19:10:23 - POST /Estadias/SIGRAT/backend/api/index.php/notifications/check_expiring
Cuerpo: 
2026-07-02 19:10:23 - GET /Estadias/SIGRAT/backend/api/index.php/notifications/all
Cuerpo: 
2026-07-02 19:11:24 - POST /Estadias/SIGRAT/backend/api/index.php/notifications/check_expiring
Cuerpo: 
2026-07-02 19:11:24 - GET /Estadias/SIGRAT/backend/api/index.php/notifications/all
Cuerpo: 
2026-07-02 19:12:25 - POST /Estadias/SIGRAT/backend/api/index.php/notifications/check_expiring
Cuerpo: 
2026-07-02 19:12:25 - GET /Estadias/SIGRAT/backend/api/index.php/notifications/all
Cuerpo: 
2026-07-02 19:13:26 - POST /Estadias/SIGRAT/backend/api/index.php/notifications/check_expiring
Cuerpo: 
2026-07-02 19:13:27 - GET /Estadias/SIGRAT/backend/api/index.php/notifications/all
Cuerpo: 
2026-07-02 19:14:27 - POST /Estadias/SIGRAT/backend/api/index.php/notifications/check_expiring
Cuerpo: 
2026-07-02 19:14:27 - GET /Estadias/SIGRAT/backend/api/index.php/notifications/all
Cuerpo: 
2026-07-02 19:15:28 - POST /Estadias/SIGRAT/backend/api/index.php/notifications/check_expiring
Cuerpo: 
2026-07-02 19:15:28 - GET /Estadias/SIGRAT/backend/api/index.php/notifications/all
Cuerpo: 
2026-07-02 19:16:29 - POST /Estadias/SIGRAT/backend/api/index.php/notifications/check_expiring
Cuerpo: 
2026-07-02 19:16:29 - GET /Estadias/SIGRAT/backend/api/index.php/notifications/all
Cuerpo: 
2026-07-02 19:17:30 - POST /Estadias/SIGRAT/backend/api/index.php/notifications/check_expiring
Cuerpo: 
2026-07-02 19:17:30 - GET /Estadias/SIGRAT/backend/api/index.php/notifications/all
Cuerpo: 
2026-07-03 01:27:40 - POST /Estadias/SIGRAT/backend/api/index.php/notifications/check_expiring
Cuerpo: 
2026-07-03 01:27:41 - GET /Estadias/SIGRAT/backend/api/index.php/notifications/all
Cuerpo: 
2026-07-03 01:28:03 - POST /Estadias/SIGRAT/backend/api/index.php/notifications/check_expiring
Cuerpo: 
2026-07-03 01:28:04 - GET /Estadias/SIGRAT/backend/api/index.php/notifications/all
Cuerpo: 
2026-07-03 01:29:03 - POST /Estadias/SIGRAT/backend/api/index.php/notifications/check_expiring
Cuerpo: 
2026-07-03 01:29:03 - GET /Estadias/SIGRAT/backend/api/index.php/notifications/all
Cuerpo: 
2026-07-03 01:29:43 - POST /Estadias/SIGRAT/backend/api/index.php/notifications/check_expiring
Cuerpo: 
2026-07-03 01:29:44 - GET /Estadias/SIGRAT/backend/api/index.php/notifications/all
Cuerpo: 
2026-07-03 01:30:44 - POST /Estadias/SIGRAT/backend/api/index.php/notifications/check_expiring
Cuerpo: 
2026-07-03 01:30:45 - GET /Estadias/SIGRAT/backend/api/index.php/notifications/all
Cuerpo: 
2026-07-03 01:31:44 - POST /Estadias/SIGRAT/backend/api/index.php/notifications/check_expiring
Cuerpo: 
2026-07-03 01:31:45 - GET /Estadias/SIGRAT/backend/api/index.php/notifications/all
Cuerpo: 
2026-07-03 01:32:44 - POST /Estadias/SIGRAT/backend/api/index.php/notifications/check_expiring
Cuerpo: 
2026-07-03 01:32:44 - GET /Estadias/SIGRAT/backend/api/index.php/notifications/all
Cuerpo: 
2026-07-03 01:33:44 - POST /Estadias/SIGRAT/backend/api/index.php/notifications/check_expiring
Cuerpo: 
2026-07-03 01:33:44 - GET /Estadias/SIGRAT/backend/api/index.php/notifications/all
Cuerpo: 
2026-07-03 01:34:22 - POST /Estadias/SIGRAT/backend/api/index.php/notifications/check_expiring
Cuerpo: 
2026-07-03 01:34:23 - GET /Estadias/SIGRAT/backend/api/index.php/notifications/all
Cuerpo: 
2026-07-03 01:35:23 - POST /Estadias/SIGRAT/backend/api/index.php/notifications/check_expiring
Cuerpo: 
2026-07-03 01:35:24 - GET /Estadias/SIGRAT/backend/api/index.php/notifications/all
Cuerpo: 
2026-07-03 01:53:14 - POST /Estadias/SIGRAT/backend/api/index.php/notifications/check_expiring
Cuerpo: 
2026-07-03 01:53:14 - GET /Estadias/SIGRAT/backend/api/index.php/notifications/all
Cuerpo: 
2026-07-06 17:12:35 - POST /Estadias/SIGRAT/backend/api/index.php/notifications/check_expiring
Cuerpo: 
2026-07-06 17:12:39 - GET /Estadias/SIGRAT/backend/api/index.php/notifications/all
Cuerpo: 
2026-07-06 17:12:54 - POST /Estadias/SIGRAT/backend/api/index.php/notifications/check_expiring
Cuerpo: 
2026-07-06 17:12:55 - GET /Estadias/SIGRAT/backend/api/index.php/notifications/all
Cuerpo: 
2026-07-06 17:13:05 - POST /Estadias/SIGRAT/backend/api/index.php/notifications/check_expiring
Cuerpo: 
2026-07-06 17:13:06 - GET /Estadias/SIGRAT/backend/api/index.php/notifications/all
Cuerpo: 
2026-07-06 17:13:31 - POST /Estadias/SIGRAT/backend/api/index.php/notifications/check_expiring
Cuerpo: 
2026-07-06 17:13:31 - GET /Estadias/SIGRAT/backend/api/index.php/notifications/all
Cuerpo: 
2026-07-06 17:14:31 - POST /Estadias/SIGRAT/backend/api/index.php/notifications/check_expiring
Cuerpo: 
2026-07-06 17:14:31 - GET /Estadias/SIGRAT/backend/api/index.php/notifications/all
Cuerpo: 
2026-07-06 17:14:48 - POST /Estadias/SIGRAT/backend/api/index.php/notifications/check_expiring
Cuerpo: 
2026-07-06 17:14:49 - GET /Estadias/SIGRAT/backend/api/index.php/notifications/all
Cuerpo: 
2026-07-06 17:15:10 - POST /Estadias/SIGRAT/backend/api/index.php/notifications/check_expiring
Cuerpo: 
2026-07-06 17:15:10 - GET /Estadias/SIGRAT/backend/api/index.php/notifications/all
Cuerpo: 
2026-07-06 17:15:19 - POST /Estadias/SIGRAT/backend/api/index.php/notifications/check_expiring
Cuerpo: 
2026-07-06 17:15:19 - GET /Estadias/SIGRAT/backend/api/index.php/notifications/all
Cuerpo: 
2026-07-06 17:15:28 - POST /Estadias/SIGRAT/backend/api/index.php/notifications/check_expiring
Cuerpo: 
2026-07-06 17:15:29 - GET /Estadias/SIGRAT/backend/api/index.php/notifications/all
Cuerpo: 
2026-07-06 17:16:29 - POST /Estadias/SIGRAT/backend/api/index.php/notifications/check_expiring
Cuerpo: 
2026-07-06 17:16:29 - GET /Estadias/SIGRAT/backend/api/index.php/notifications/all
Cuerpo: 
2026-07-06 17:17:29 - POST /Estadias/SIGRAT/backend/api/index.php/notifications/check_expiring
Cuerpo: 
2026-07-06 17:17:29 - GET /Estadias/SIGRAT/backend/api/index.php/notifications/all
Cuerpo: 
2026-07-06 17:18:28 - POST /Estadias/SIGRAT/backend/api/index.php/notifications/check_expiring
Cuerpo: 
2026-07-06 17:18:29 - GET /Estadias/SIGRAT/backend/api/index.php/notifications/all
Cuerpo: 
2026-07-06 17:19:29 - POST /Estadias/SIGRAT/backend/api/index.php/notifications/check_expiring
Cuerpo: 
2026-07-06 17:19:29 - GET /Estadias/SIGRAT/backend/api/index.php/notifications/all
Cuerpo: 
2026-07-06 17:19:36 - POST /Estadias/SIGRAT/backend/api/index.php/notifications/check_expiring
Cuerpo: 
2026-07-06 17:19:36 - GET /Estadias/SIGRAT/backend/api/index.php/notifications/all
Cuerpo: 
2026-07-06 17:19:46 - POST /Estadias/SIGRAT/backend/api/index.php/notifications/check_expiring
Cuerpo: 
2026-07-06 17:19:46 - GET /Estadias/SIGRAT/backend/api/index.php/notifications/all
Cuerpo: 
2026-07-06 17:20:19 - POST /Estadias/SIGRAT/backend/api/index.php/notifications/check_expiring
Cuerpo: 
2026-07-06 17:20:20 - GET /Estadias/SIGRAT/backend/api/index.php/notifications/all
Cuerpo: 
2026-07-06 17:20:43 - POST /Estadias/SIGRAT/backend/api/index.php/notifications/check_expiring
Cuerpo: 
2026-07-06 17:20:44 - GET /Estadias/SIGRAT/backend/api/index.php/notifications/all
Cuerpo: 
2026-07-06 17:21:44 - POST /Estadias/SIGRAT/backend/api/index.php/notifications/check_expiring
Cuerpo: 
2026-07-06 17:21:44 - GET /Estadias/SIGRAT/backend/api/index.php/notifications/all
Cuerpo: 
2026-07-06 17:24:26 - POST /Estadias/SIGRAT/backend/api/index.php/notifications/check_expiring
Cuerpo: 
2026-07-06 17:24:28 - GET /Estadias/SIGRAT/backend/api/index.php/notifications/all
Cuerpo: 
2026-07-06 17:24:39 - POST /Estadias/SIGRAT/backend/api/index.php/notifications/check_expiring
Cuerpo: 
2026-07-06 17:24:40 - GET /Estadias/SIGRAT/backend/api/index.php/notifications/all
Cuerpo: 
2026-07-06 17:25:14 - POST /Estadias/SIGRAT/backend/api/index.php/notifications/check_expiring
Cuerpo: 
2026-07-06 17:25:15 - GET /Estadias/SIGRAT/backend/api/index.php/notifications/all
Cuerpo: 
2026-07-06 17:25:34 - POST /Estadias/SIGRAT/backend/api/index.php/notifications/check_expiring
Cuerpo: 
2026-07-06 17:25:35 - GET /Estadias/SIGRAT/backend/api/index.php/notifications/all
Cuerpo: 
2026-07-06 17:25:49 - POST /Estadias/SIGRAT/backend/api/index.php/notifications/check_expiring
Cuerpo: 
2026-07-06 17:25:50 - GET /Estadias/SIGRAT/backend/api/index.php/calendar/events
Cuerpo: 
2026-07-06 17:25:50 - GET /Estadias/SIGRAT/backend/api/index.php/notifications/all
Cuerpo: 
2026-07-06 17:26:21 - POST /Estadias/SIGRAT/backend/api/index.php/notifications/check_expiring
Cuerpo: 
2026-07-06 17:26:21 - GET /Estadias/SIGRAT/backend/api/index.php/notifications/all
Cuerpo: 
2026-07-06 17:27:21 - POST /Estadias/SIGRAT/backend/api/index.php/notifications/check_expiring
Cuerpo: 
2026-07-06 17:27:22 - GET /Estadias/SIGRAT/backend/api/index.php/notifications/all
Cuerpo: 
2026-07-06 17:28:21 - POST /Estadias/SIGRAT/backend/api/index.php/notifications/check_expiring
Cuerpo: 
2026-07-06 17:28:22 - GET /Estadias/SIGRAT/backend/api/index.php/notifications/all
Cuerpo: 
2026-07-06 17:29:22 - POST /Estadias/SIGRAT/backend/api/index.php/notifications/check_expiring
Cuerpo: 
2026-07-06 17:29:22 - GET /Estadias/SIGRAT/backend/api/index.php/notifications/all
Cuerpo: 
2026-07-06 17:30:21 - POST /Estadias/SIGRAT/backend/api/index.php/notifications/check_expiring
Cuerpo: 
2026-07-06 17:30:22 - GET /Estadias/SIGRAT/backend/api/index.php/notifications/all
Cuerpo: 
2026-07-06 17:31:21 - POST /Estadias/SIGRAT/backend/api/index.php/notifications/check_expiring
Cuerpo: 
2026-07-06 17:31:22 - GET /Estadias/SIGRAT/backend/api/index.php/notifications/all
Cuerpo: 
2026-07-06 17:32:19 - POST /Estadias/SIGRAT/backend/api/index.php/notifications/check_expiring
Cuerpo: 
2026-07-06 17:32:19 - GET /Estadias/SIGRAT/backend/api/index.php/notifications/all
Cuerpo: 
2026-07-06 17:33:19 - POST /Estadias/SIGRAT/backend/api/index.php/notifications/check_expiring
Cuerpo: 
2026-07-06 17:33:20 - GET /Estadias/SIGRAT/backend/api/index.php/notifications/all
Cuerpo: 
2026-07-06 17:34:18 - POST /Estadias/SIGRAT/backend/api/index.php/notifications/check_expiring
Cuerpo: 
2026-07-06 17:34:19 - GET /Estadias/SIGRAT/backend/api/index.php/notifications/all
Cuerpo: 
2026-07-06 17:35:18 - POST /Estadias/SIGRAT/backend/api/index.php/notifications/check_expiring
Cuerpo: 
2026-07-06 17:35:19 - GET /Estadias/SIGRAT/backend/api/index.php/notifications/all
Cuerpo: 
2026-07-06 17:36:18 - POST /Estadias/SIGRAT/backend/api/index.php/notifications/check_expiring
Cuerpo: 
2026-07-06 17:36:19 - GET /Estadias/SIGRAT/backend/api/index.php/notifications/all
Cuerpo: 
2026-07-06 17:37:18 - POST /Estadias/SIGRAT/backend/api/index.php/notifications/check_expiring
Cuerpo: 
2026-07-06 17:37:19 - GET /Estadias/SIGRAT/backend/api/index.php/notifications/all
Cuerpo: 
2026-07-06 17:37:41 - POST /Estadias/SIGRAT/backend/api/index.php/notifications/check_expiring
Cuerpo: 
2026-07-06 17:37:41 - GET /Estadias/SIGRAT/backend/api/index.php/notifications/all
Cuerpo: 
2026-07-06 17:38:42 - POST /Estadias/SIGRAT/backend/api/index.php/notifications/check_expiring
Cuerpo: 
2026-07-06 17:38:42 - GET /Estadias/SIGRAT/backend/api/index.php/notifications/all
Cuerpo: 
2026-07-06 17:39:41 - POST /Estadias/SIGRAT/backend/api/index.php/notifications/check_expiring
Cuerpo: 
2026-07-06 17:39:41 - GET /Estadias/SIGRAT/backend/api/index.php/calendar/events
Cuerpo: 
2026-07-06 17:39:42 - GET /Estadias/SIGRAT/backend/api/index.php/notifications/all
Cuerpo: 
2026-07-06 17:39:49 - POST /Estadias/SIGRAT/backend/api/index.php/notifications/check_expiring
Cuerpo: 
2026-07-06 17:39:50 - GET /Estadias/SIGRAT/backend/api/index.php/notifications/all
Cuerpo: 
2026-07-06 17:40:50 - POST /Estadias/SIGRAT/backend/api/index.php/notifications/check_expiring
Cuerpo: 
2026-07-06 17:40:51 - GET /Estadias/SIGRAT/backend/api/index.php/notifications/all
Cuerpo: 
2026-07-06 17:41:50 - POST /Estadias/SIGRAT/backend/api/index.php/notifications/check_expiring
Cuerpo: 
2026-07-06 17:41:51 - GET /Estadias/SIGRAT/backend/api/index.php/notifications/all
Cuerpo: 
2026-07-06 17:42:50 - POST /Estadias/SIGRAT/backend/api/index.php/notifications/check_expiring
Cuerpo: 
2026-07-06 17:42:51 - GET /Estadias/SIGRAT/backend/api/index.php/notifications/all
Cuerpo: 
2026-07-06 17:43:50 - POST /Estadias/SIGRAT/backend/api/index.php/notifications/check_expiring
Cuerpo: 
2026-07-06 17:43:51 - GET /Estadias/SIGRAT/backend/api/index.php/notifications/all
Cuerpo: 
2026-07-06 17:44:50 - POST /Estadias/SIGRAT/backend/api/index.php/notifications/check_expiring
Cuerpo: 
2026-07-06 17:44:51 - GET /Estadias/SIGRAT/backend/api/index.php/notifications/all
Cuerpo: 
2026-07-06 17:45:50 - POST /Estadias/SIGRAT/backend/api/index.php/notifications/check_expiring
Cuerpo: 
2026-07-06 17:45:51 - GET /Estadias/SIGRAT/backend/api/index.php/notifications/all
Cuerpo: 
2026-07-06 17:46:50 - POST /Estadias/SIGRAT/backend/api/index.php/notifications/check_expiring
Cuerpo: 
2026-07-06 17:46:51 - GET /Estadias/SIGRAT/backend/api/index.php/notifications/all
Cuerpo: 
2026-07-06 17:47:51 - POST /Estadias/SIGRAT/backend/api/index.php/notifications/check_expiring
Cuerpo: 
2026-07-06 17:47:52 - GET /Estadias/SIGRAT/backend/api/index.php/notifications/all
Cuerpo: 
2026-07-06 17:48:52 - POST /Estadias/SIGRAT/backend/api/index.php/notifications/check_expiring
Cuerpo: 
2026-07-06 17:48:53 - GET /Estadias/SIGRAT/backend/api/index.php/notifications/all
Cuerpo: 
2026-07-06 17:49:50 - POST /Estadias/SIGRAT/backend/api/index.php/notifications/check_expiring
Cuerpo: 
2026-07-06 17:49:51 - GET /Estadias/SIGRAT/backend/api/index.php/notifications/all
Cuerpo: 
2026-07-06 17:50:29 - POST /Estadias/SIGRAT/backend/api/index.php/notifications/check_expiring
Cuerpo: 
2026-07-06 17:50:30 - GET /Estadias/SIGRAT/backend/api/index.php/notifications/all
Cuerpo: 
2026-07-06 17:51:29 - POST /Estadias/SIGRAT/backend/api/index.php/notifications/check_expiring
Cuerpo: 
2026-07-06 17:51:30 - GET /Estadias/SIGRAT/backend/api/index.php/notifications/all
Cuerpo: 
2026-07-06 17:52:29 - POST /Estadias/SIGRAT/backend/api/index.php/notifications/check_expiring
Cuerpo: 
2026-07-06 17:52:30 - GET /Estadias/SIGRAT/backend/api/index.php/notifications/all
Cuerpo: 
2026-07-06 17:53:29 - POST /Estadias/SIGRAT/backend/api/index.php/notifications/check_expiring
Cuerpo: 
2026-07-06 17:53:30 - GET /Estadias/SIGRAT/backend/api/index.php/notifications/all
Cuerpo: 
2026-07-06 17:54:29 - POST /Estadias/SIGRAT/backend/api/index.php/notifications/check_expiring
Cuerpo: 
2026-07-06 17:54:30 - GET /Estadias/SIGRAT/backend/api/index.php/notifications/all
Cuerpo: 
2026-07-06 17:55:29 - POST /Estadias/SIGRAT/backend/api/index.php/notifications/check_expiring
Cuerpo: 
2026-07-06 17:55:30 - GET /Estadias/SIGRAT/backend/api/index.php/notifications/all
Cuerpo: 
2026-07-06 17:56:29 - POST /Estadias/SIGRAT/backend/api/index.php/notifications/check_expiring
Cuerpo: 
2026-07-06 17:56:30 - GET /Estadias/SIGRAT/backend/api/index.php/notifications/all
Cuerpo: 
2026-07-06 17:57:29 - POST /Estadias/SIGRAT/backend/api/index.php/notifications/check_expiring
Cuerpo: 
2026-07-06 17:57:30 - GET /Estadias/SIGRAT/backend/api/index.php/notifications/all
Cuerpo: 
2026-07-06 17:58:29 - POST /Estadias/SIGRAT/backend/api/index.php/notifications/check_expiring
Cuerpo: 
2026-07-06 17:58:30 - GET /Estadias/SIGRAT/backend/api/index.php/notifications/all
Cuerpo: 
2026-07-06 17:59:29 - POST /Estadias/SIGRAT/backend/api/index.php/notifications/check_expiring
Cuerpo: 
2026-07-06 17:59:30 - GET /Estadias/SIGRAT/backend/api/index.php/notifications/all
Cuerpo: 
2026-07-06 17:59:41 - POST /Estadias/SIGRAT/backend/api/index.php/notifications/check_expiring
Cuerpo: 
2026-07-06 17:59:42 - GET /Estadias/SIGRAT/backend/api/index.php/notifications/all
Cuerpo: 
2026-07-06 18:00:41 - POST /Estadias/SIGRAT/backend/api/index.php/notifications/check_expiring
Cuerpo: 
2026-07-06 18:00:42 - GET /Estadias/SIGRAT/backend/api/index.php/notifications/all
Cuerpo: 
2026-07-06 18:01:41 - POST /Estadias/SIGRAT/backend/api/index.php/notifications/check_expiring
Cuerpo: 
2026-07-06 18:01:42 - GET /Estadias/SIGRAT/backend/api/index.php/notifications/all
Cuerpo: 
2026-07-06 18:02:41 - POST /Estadias/SIGRAT/backend/api/index.php/notifications/check_expiring
Cuerpo: 
2026-07-06 18:02:42 - GET /Estadias/SIGRAT/backend/api/index.php/notifications/all
Cuerpo: 
2026-07-06 18:03:41 - POST /Estadias/SIGRAT/backend/api/index.php/notifications/check_expiring
Cuerpo: 
2026-07-06 18:03:42 - GET /Estadias/SIGRAT/backend/api/index.php/notifications/all
Cuerpo: 
2026-07-06 18:04:41 - POST /Estadias/SIGRAT/backend/api/index.php/notifications/check_expiring
Cuerpo: 
2026-07-06 18:04:42 - GET /Estadias/SIGRAT/backend/api/index.php/notifications/all
Cuerpo: 
2026-07-06 18:05:41 - POST /Estadias/SIGRAT/backend/api/index.php/notifications/check_expiring
Cuerpo: 
2026-07-06 18:05:42 - GET /Estadias/SIGRAT/backend/api/index.php/notifications/all
Cuerpo: 
2026-07-06 18:06:41 - POST /Estadias/SIGRAT/backend/api/index.php/notifications/check_expiring
Cuerpo: 
2026-07-06 18:06:42 - GET /Estadias/SIGRAT/backend/api/index.php/notifications/all
Cuerpo: 
2026-07-06 18:07:42 - POST /Estadias/SIGRAT/backend/api/index.php/notifications/check_expiring
Cuerpo: 
2026-07-06 18:07:43 - GET /Estadias/SIGRAT/backend/api/index.php/notifications/all
Cuerpo: 
2026-07-06 18:07:46 - POST /Estadias/SIGRAT/backend/api/index.php/notifications/check_expiring
Cuerpo: 
2026-07-06 18:07:46 - GET /Estadias/SIGRAT/backend/api/index.php/notifications/all
Cuerpo: 
2026-07-06 18:08:46 - POST /Estadias/SIGRAT/backend/api/index.php/notifications/check_expiring
Cuerpo: 
2026-07-06 18:08:47 - GET /Estadias/SIGRAT/backend/api/index.php/notifications/all
Cuerpo: 
2026-07-06 18:09:46 - POST /Estadias/SIGRAT/backend/api/index.php/notifications/check_expiring
Cuerpo: 
2026-07-06 18:09:47 - GET /Estadias/SIGRAT/backend/api/index.php/notifications/all
Cuerpo: 
2026-07-06 18:09:55 - POST /Estadias/SIGRAT/backend/api/index.php/notifications/check_expiring
Cuerpo: 
2026-07-06 18:09:56 - GET /Estadias/SIGRAT/backend/api/index.php/notifications/all
Cuerpo: 
2026-07-06 18:10:29 - POST /Estadias/SIGRAT/backend/api/index.php/notifications/check_expiring
Cuerpo: 
2026-07-06 18:10:30 - GET /Estadias/SIGRAT/backend/api/index.php/notifications/all
Cuerpo: 
2026-07-06 18:11:30 - POST /Estadias/SIGRAT/backend/api/index.php/notifications/check_expiring
Cuerpo: 
2026-07-06 18:11:32 - GET /Estadias/SIGRAT/backend/api/index.php/notifications/all
Cuerpo: 
2026-07-06 18:12:29 - POST /Estadias/SIGRAT/backend/api/index.php/notifications/check_expiring
Cuerpo: 
2026-07-06 18:12:30 - GET /Estadias/SIGRAT/backend/api/index.php/notifications/all
Cuerpo: 
2026-07-06 18:13:30 - POST /Estadias/SIGRAT/backend/api/index.php/notifications/check_expiring
Cuerpo: 
2026-07-06 18:13:31 - GET /Estadias/SIGRAT/backend/api/index.php/notifications/all
Cuerpo: 
2026-07-06 18:14:30 - POST /Estadias/SIGRAT/backend/api/index.php/notifications/check_expiring
Cuerpo: 
2026-07-06 18:14:31 - GET /Estadias/SIGRAT/backend/api/index.php/notifications/all
Cuerpo: 
2026-07-06 18:15:30 - POST /Estadias/SIGRAT/backend/api/index.php/notifications/check_expiring
Cuerpo: 
2026-07-06 18:15:31 - GET /Estadias/SIGRAT/backend/api/index.php/notifications/all
Cuerpo: 
2026-07-06 18:16:30 - POST /Estadias/SIGRAT/backend/api/index.php/notifications/check_expiring
Cuerpo: 
2026-07-06 18:16:31 - GET /Estadias/SIGRAT/backend/api/index.php/notifications/all
Cuerpo: 
2026-07-06 18:17:30 - POST /Estadias/SIGRAT/backend/api/index.php/notifications/check_expiring
Cuerpo: 
2026-07-06 18:17:31 - GET /Estadias/SIGRAT/backend/api/index.php/notifications/all
Cuerpo: 
2026-07-06 18:18:31 - POST /Estadias/SIGRAT/backend/api/index.php/notifications/check_expiring
Cuerpo: 
2026-07-06 18:18:32 - GET /Estadias/SIGRAT/backend/api/index.php/notifications/all
Cuerpo: 
2026-07-06 18:19:32 - POST /Estadias/SIGRAT/backend/api/index.php/notifications/check_expiring
Cuerpo: 
2026-07-06 18:19:33 - GET /Estadias/SIGRAT/backend/api/index.php/notifications/all
Cuerpo: 
2026-07-06 18:20:32 - POST /Estadias/SIGRAT/backend/api/index.php/notifications/check_expiring
Cuerpo: 
2026-07-06 18:20:33 - GET /Estadias/SIGRAT/backend/api/index.php/notifications/all
Cuerpo: 
2026-07-06 18:21:32 - POST /Estadias/SIGRAT/backend/api/index.php/notifications/check_expiring
Cuerpo: 
2026-07-06 18:21:33 - GET /Estadias/SIGRAT/backend/api/index.php/notifications/all
Cuerpo: 
2026-07-06 18:22:32 - POST /Estadias/SIGRAT/backend/api/index.php/notifications/check_expiring
Cuerpo: 
2026-07-06 18:22:33 - GET /Estadias/SIGRAT/backend/api/index.php/notifications/all
Cuerpo: 
2026-07-06 18:23:32 - POST /Estadias/SIGRAT/backend/api/index.php/notifications/check_expiring
Cuerpo: 
2026-07-06 18:23:33 - GET /Estadias/SIGRAT/backend/api/index.php/notifications/all
Cuerpo: 
2026-07-06 18:24:32 - POST /Estadias/SIGRAT/backend/api/index.php/notifications/check_expiring
Cuerpo: 
2026-07-06 18:24:33 - GET /Estadias/SIGRAT/backend/api/index.php/notifications/all
Cuerpo: 
2026-07-06 18:25:32 - POST /Estadias/SIGRAT/backend/api/index.php/notifications/check_expiring
Cuerpo: 
2026-07-06 18:25:33 - GET /Estadias/SIGRAT/backend/api/index.php/notifications/all
Cuerpo: 
2026-07-06 18:26:32 - POST /Estadias/SIGRAT/backend/api/index.php/notifications/check_expiring
Cuerpo: 
2026-07-06 18:26:33 - GET /Estadias/SIGRAT/backend/api/index.php/notifications/all
Cuerpo: 
2026-07-06 18:27:32 - POST /Estadias/SIGRAT/backend/api/index.php/notifications/check_expiring
Cuerpo: 
2026-07-06 18:27:33 - GET /Estadias/SIGRAT/backend/api/index.php/notifications/all
Cuerpo: 
2026-07-06 18:28:32 - POST /Estadias/SIGRAT/backend/api/index.php/notifications/check_expiring
Cuerpo: 
2026-07-06 18:28:33 - GET /Estadias/SIGRAT/backend/api/index.php/notifications/all
Cuerpo: 
2026-07-06 18:29:31 - POST /Estadias/SIGRAT/backend/api/index.php/notifications/check_expiring
Cuerpo: 
2026-07-06 18:29:31 - GET /Estadias/SIGRAT/backend/api/index.php/notifications/all
Cuerpo: 
2026-07-06 18:30:31 - POST /Estadias/SIGRAT/backend/api/index.php/notifications/check_expiring
Cuerpo: 
2026-07-06 18:30:32 - GET /Estadias/SIGRAT/backend/api/index.php/notifications/all
Cuerpo: 
2026-07-06 18:30:38 - POST /Estadias/SIGRAT/backend/api/index.php/notifications/check_expiring
Cuerpo: 
2026-07-06 18:30:38 - GET /Estadias/SIGRAT/backend/api/index.php/notifications/all
Cuerpo: 
2026-07-06 18:31:39 - POST /Estadias/SIGRAT/backend/api/index.php/notifications/check_expiring
Cuerpo: 
2026-07-06 18:31:39 - GET /Estadias/SIGRAT/backend/api/index.php/notifications/all
Cuerpo: 
2026-07-06 18:32:39 - POST /Estadias/SIGRAT/backend/api/index.php/notifications/check_expiring
Cuerpo: 
2026-07-06 18:32:40 - GET /Estadias/SIGRAT/backend/api/index.php/notifications/all
Cuerpo: 
2026-07-06 18:33:40 - POST /Estadias/SIGRAT/backend/api/index.php/notifications/check_expiring
Cuerpo: 
2026-07-06 18:33:40 - GET /Estadias/SIGRAT/backend/api/index.php/notifications/all
Cuerpo: 
2026-07-06 18:34:39 - POST /Estadias/SIGRAT/backend/api/index.php/notifications/check_expiring
Cuerpo: 
2026-07-06 18:34:40 - GET /Estadias/SIGRAT/backend/api/index.php/notifications/all
Cuerpo: 
2026-07-06 18:35:39 - POST /Estadias/SIGRAT/backend/api/index.php/notifications/check_expiring
Cuerpo: 
2026-07-06 18:35:40 - GET /Estadias/SIGRAT/backend/api/index.php/notifications/all
Cuerpo: 
2026-07-06 18:36:39 - POST /Estadias/SIGRAT/backend/api/index.php/notifications/check_expiring
Cuerpo: 
2026-07-06 18:36:40 - GET /Estadias/SIGRAT/backend/api/index.php/notifications/all
Cuerpo: 
2026-07-06 18:37:39 - POST /Estadias/SIGRAT/backend/api/index.php/notifications/check_expiring
Cuerpo: 
2026-07-06 18:37:40 - GET /Estadias/SIGRAT/backend/api/index.php/notifications/all
Cuerpo: 
2026-07-06 18:38:39 - POST /Estadias/SIGRAT/backend/api/index.php/notifications/check_expiring
Cuerpo: 
2026-07-06 18:38:40 - GET /Estadias/SIGRAT/backend/api/index.php/notifications/all
Cuerpo: 
2026-07-06 18:39:24 - POST /Estadias/SIGRAT/backend/api/index.php/notifications/check_expiring
Cuerpo: 
2026-07-06 18:39:25 - GET /Estadias/SIGRAT/backend/api/index.php/notifications/all
Cuerpo: 
2026-07-06 18:40:25 - POST /Estadias/SIGRAT/backend/api/index.php/notifications/check_expiring
Cuerpo: 
2026-07-06 18:40:25 - GET /Estadias/SIGRAT/backend/api/index.php/notifications/all
Cuerpo: 
2026-07-06 18:40:34 - POST /Estadias/SIGRAT/backend/api/index.php/notifications/check_expiring
Cuerpo: 
2026-07-06 18:40:35 - GET /Estadias/SIGRAT/backend/api/index.php/notifications/all
Cuerpo: 
2026-07-06 18:41:35 - POST /Estadias/SIGRAT/backend/api/index.php/notifications/check_expiring
Cuerpo: 
2026-07-06 18:41:35 - GET /Estadias/SIGRAT/backend/api/index.php/notifications/all
Cuerpo: 
2026-07-06 18:42:35 - POST /Estadias/SIGRAT/backend/api/index.php/notifications/check_expiring
Cuerpo: 
2026-07-06 18:42:35 - GET /Estadias/SIGRAT/backend/api/index.php/notifications/all
Cuerpo: 
2026-07-06 18:43:35 - POST /Estadias/SIGRAT/backend/api/index.php/notifications/check_expiring
Cuerpo: 
2026-07-06 18:43:35 - GET /Estadias/SIGRAT/backend/api/index.php/notifications/all
Cuerpo: 
2026-07-06 18:44:35 - POST /Estadias/SIGRAT/backend/api/index.php/notifications/check_expiring
Cuerpo: 
2026-07-06 18:44:35 - GET /Estadias/SIGRAT/backend/api/index.php/notifications/all
Cuerpo: 
2026-07-06 18:45:34 - POST /Estadias/SIGRAT/backend/api/index.php/notifications/check_expiring
Cuerpo: 
2026-07-06 18:45:35 - GET /Estadias/SIGRAT/backend/api/index.php/notifications/all
Cuerpo: 
2026-07-06 18:46:35 - POST /Estadias/SIGRAT/backend/api/index.php/notifications/check_expiring
Cuerpo: 
2026-07-06 18:46:35 - GET /Estadias/SIGRAT/backend/api/index.php/notifications/all
Cuerpo: 
2026-07-06 18:47:35 - POST /Estadias/SIGRAT/backend/api/index.php/notifications/check_expiring
Cuerpo: 
2026-07-06 18:47:35 - GET /Estadias/SIGRAT/backend/api/index.php/notifications/all
Cuerpo: 
2026-07-06 18:48:35 - POST /Estadias/SIGRAT/backend/api/index.php/notifications/check_expiring
Cuerpo: 
2026-07-06 18:48:35 - GET /Estadias/SIGRAT/backend/api/index.php/notifications/all
Cuerpo: 
2026-07-06 18:49:35 - POST /Estadias/SIGRAT/backend/api/index.php/notifications/check_expiring
Cuerpo: 
2026-07-06 18:49:35 - GET /Estadias/SIGRAT/backend/api/index.php/notifications/all
Cuerpo: 
2026-07-06 18:50:35 - POST /Estadias/SIGRAT/backend/api/index.php/notifications/check_expiring
Cuerpo: 
2026-07-06 18:50:35 - GET /Estadias/SIGRAT/backend/api/index.php/notifications/all
Cuerpo: 
2026-07-06 18:51:35 - POST /Estadias/SIGRAT/backend/api/index.php/notifications/check_expiring
Cuerpo: 
2026-07-06 18:51:35 - GET /Estadias/SIGRAT/backend/api/index.php/notifications/all
Cuerpo: 
2026-07-06 18:52:35 - POST /Estadias/SIGRAT/backend/api/index.php/notifications/check_expiring
Cuerpo: 
2026-07-06 18:52:35 - GET /Estadias/SIGRAT/backend/api/index.php/notifications/all
Cuerpo: 
2026-07-06 18:53:35 - POST /Estadias/SIGRAT/backend/api/index.php/notifications/check_expiring
Cuerpo: 
2026-07-06 18:53:35 - GET /Estadias/SIGRAT/backend/api/index.php/notifications/all
Cuerpo: 
2026-07-06 18:54:35 - POST /Estadias/SIGRAT/backend/api/index.php/notifications/check_expiring
Cuerpo: 
2026-07-06 18:54:35 - GET /Estadias/SIGRAT/backend/api/index.php/notifications/all
Cuerpo: 
2026-07-06 18:55:35 - POST /Estadias/SIGRAT/backend/api/index.php/notifications/check_expiring
Cuerpo: 
2026-07-06 18:55:35 - GET /Estadias/SIGRAT/backend/api/index.php/notifications/all
Cuerpo: 
2026-07-06 18:56:35 - POST /Estadias/SIGRAT/backend/api/index.php/notifications/check_expiring
Cuerpo: 
2026-07-06 18:56:35 - GET /Estadias/SIGRAT/backend/api/index.php/notifications/all
Cuerpo: 
2026-07-06 18:57:35 - POST /Estadias/SIGRAT/backend/api/index.php/notifications/check_expiring
Cuerpo: 
2026-07-06 18:57:35 - GET /Estadias/SIGRAT/backend/api/index.php/notifications/all
Cuerpo: 
2026-07-06 18:58:35 - POST /Estadias/SIGRAT/backend/api/index.php/notifications/check_expiring
Cuerpo: 
2026-07-06 18:58:35 - GET /Estadias/SIGRAT/backend/api/index.php/notifications/all
Cuerpo: 
2026-07-06 18:59:35 - POST /Estadias/SIGRAT/backend/api/index.php/notifications/check_expiring
Cuerpo: 
2026-07-06 18:59:35 - GET /Estadias/SIGRAT/backend/api/index.php/notifications/all
Cuerpo: 
2026-07-06 19:00:35 - POST /Estadias/SIGRAT/backend/api/index.php/notifications/check_expiring
Cuerpo: 
2026-07-06 19:00:35 - GET /Estadias/SIGRAT/backend/api/index.php/notifications/all
Cuerpo: 
2026-07-06 19:02:31 - POST /Estadias/SIGRAT/backend/api/index.php/notifications/check_expiring
Cuerpo: 
2026-07-06 19:02:31 - GET /Estadias/SIGRAT/backend/api/index.php/notifications/all
Cuerpo: 
2026-07-06 19:03:32 - POST /Estadias/SIGRAT/backend/api/index.php/notifications/check_expiring
Cuerpo: 
2026-07-06 19:03:32 - GET /Estadias/SIGRAT/backend/api/index.php/notifications/all
Cuerpo: 
2026-07-06 19:05:24 - POST /Estadias/SIGRAT/backend/api/index.php/notifications/check_expiring
Cuerpo: 
2026-07-06 19:05:24 - GET /Estadias/SIGRAT/backend/api/index.php/notifications/all
Cuerpo: 
2026-07-06 19:05:35 - POST /Estadias/SIGRAT/backend/api/index.php/notifications/check_expiring
Cuerpo: 
2026-07-06 19:05:35 - GET /Estadias/SIGRAT/backend/api/index.php/notifications/all
Cuerpo: 
2026-07-06 19:06:35 - POST /Estadias/SIGRAT/backend/api/index.php/notifications/check_expiring
Cuerpo: 
2026-07-06 19:06:35 - GET /Estadias/SIGRAT/backend/api/index.php/notifications/all
Cuerpo: 
2026-07-06 19:07:35 - POST /Estadias/SIGRAT/backend/api/index.php/notifications/check_expiring
Cuerpo: 
2026-07-06 19:07:35 - GET /Estadias/SIGRAT/backend/api/index.php/notifications/all
Cuerpo: 
2026-07-06 19:08:35 - POST /Estadias/SIGRAT/backend/api/index.php/notifications/check_expiring
Cuerpo: 
2026-07-06 19:08:35 - GET /Estadias/SIGRAT/backend/api/index.php/notifications/all
Cuerpo: 
2026-07-06 19:09:35 - POST /Estadias/SIGRAT/backend/api/index.php/notifications/check_expiring
Cuerpo: 
2026-07-06 19:09:35 - GET /Estadias/SIGRAT/backend/api/index.php/notifications/all
Cuerpo: 
2026-07-06 19:10:35 - POST /Estadias/SIGRAT/backend/api/index.php/notifications/check_expiring
Cuerpo: 
2026-07-06 19:10:35 - GET /Estadias/SIGRAT/backend/api/index.php/notifications/all
Cuerpo: 
2026-07-06 19:11:35 - POST /Estadias/SIGRAT/backend/api/index.php/notifications/check_expiring
Cuerpo: 
2026-07-06 19:11:35 - GET /Estadias/SIGRAT/backend/api/index.php/notifications/all
Cuerpo: 
2026-07-06 19:12:35 - POST /Estadias/SIGRAT/backend/api/index.php/notifications/check_expiring
Cuerpo: 
2026-07-06 19:12:35 - GET /Estadias/SIGRAT/backend/api/index.php/notifications/all
Cuerpo: 
2026-07-06 19:13:35 - POST /Estadias/SIGRAT/backend/api/index.php/notifications/check_expiring
Cuerpo: 
2026-07-06 19:13:35 - GET /Estadias/SIGRAT/backend/api/index.php/notifications/all
Cuerpo: 
2026-07-06 19:14:35 - POST /Estadias/SIGRAT/backend/api/index.php/notifications/check_expiring
Cuerpo: 
2026-07-06 19:14:35 - GET /Estadias/SIGRAT/backend/api/index.php/notifications/all
Cuerpo: 
2026-07-06 19:15:34 - POST /Estadias/SIGRAT/backend/api/index.php/notifications/check_expiring
Cuerpo: 
2026-07-06 19:15:35 - GET /Estadias/SIGRAT/backend/api/index.php/notifications/all
Cuerpo: 
2026-07-06 19:19:10 - POST /Estadias/SIGRAT/backend/api/index.php/notifications/check_expiring
Cuerpo: 
2026-07-06 19:19:12 - GET /Estadias/SIGRAT/backend/api/index.php/notifications/all
Cuerpo: 
2026-07-06 19:19:35 - POST /Estadias/SIGRAT/backend/api/index.php/notifications/check_expiring
Cuerpo: 
2026-07-06 19:19:35 - GET /Estadias/SIGRAT/backend/api/index.php/notifications/all
Cuerpo: 
2026-07-06 19:20:35 - POST /Estadias/SIGRAT/backend/api/index.php/notifications/check_expiring
Cuerpo: 
2026-07-06 19:20:35 - GET /Estadias/SIGRAT/backend/api/index.php/notifications/all
Cuerpo: 
2026-07-06 19:21:35 - POST /Estadias/SIGRAT/backend/api/index.php/notifications/check_expiring
Cuerpo: 
2026-07-06 19:21:35 - GET /Estadias/SIGRAT/backend/api/index.php/notifications/all
Cuerpo: 
2026-07-06 19:22:35 - POST /Estadias/SIGRAT/backend/api/index.php/notifications/check_expiring
Cuerpo: 
2026-07-06 19:22:35 - GET /Estadias/SIGRAT/backend/api/index.php/notifications/all
Cuerpo: 
2026-07-06 19:23:35 - POST /Estadias/SIGRAT/backend/api/index.php/notifications/check_expiring
Cuerpo: 
2026-07-06 19:23:35 - GET /Estadias/SIGRAT/backend/api/index.php/notifications/all
Cuerpo: 
2026-07-06 19:24:35 - POST /Estadias/SIGRAT/backend/api/index.php/notifications/check_expiring
Cuerpo: 
2026-07-06 19:24:35 - GET /Estadias/SIGRAT/backend/api/index.php/notifications/all
Cuerpo: 
2026-07-06 19:25:35 - POST /Estadias/SIGRAT/backend/api/index.php/notifications/check_expiring
Cuerpo: 
2026-07-06 19:25:35 - GET /Estadias/SIGRAT/backend/api/index.php/notifications/all
Cuerpo: 
2026-07-06 19:26:35 - POST /Estadias/SIGRAT/backend/api/index.php/notifications/check_expiring
Cuerpo: 
2026-07-06 19:26:35 - GET /Estadias/SIGRAT/backend/api/index.php/notifications/all
Cuerpo: 
2026-07-06 19:27:35 - POST /Estadias/SIGRAT/backend/api/index.php/notifications/check_expiring
Cuerpo: 
2026-07-06 19:27:35 - GET /Estadias/SIGRAT/backend/api/index.php/notifications/all
Cuerpo: 
2026-07-06 19:28:35 - POST /Estadias/SIGRAT/backend/api/index.php/notifications/check_expiring
Cuerpo: 
2026-07-06 19:28:35 - GET /Estadias/SIGRAT/backend/api/index.php/notifications/all
Cuerpo: 
2026-07-06 19:48:35 - POST /Estadias/SIGRAT/backend/api/index.php/notifications/check_expiring
Cuerpo: 
2026-07-06 19:48:35 - GET /Estadias/SIGRAT/backend/api/index.php/notifications/all
Cuerpo: 
2026-07-06 20:22:02 - POST /Estadias/SIGRAT/backend/api/index.php/notifications/check_expiring
Cuerpo: 
2026-07-06 20:22:03 - GET /Estadias/SIGRAT/backend/api/index.php/notifications/all
Cuerpo: 
2026-07-06 20:22:25 - POST /Estadias/SIGRAT/backend/api/index.php/notifications/check_expiring
Cuerpo: 
2026-07-06 20:22:25 - GET /Estadias/SIGRAT/backend/api/index.php/notifications/all
Cuerpo: 
2026-07-06 20:23:25 - POST /Estadias/SIGRAT/backend/api/index.php/notifications/check_expiring
Cuerpo: 
2026-07-06 20:23:26 - GET /Estadias/SIGRAT/backend/api/index.php/notifications/all
Cuerpo: 
2026-07-06 20:24:25 - POST /Estadias/SIGRAT/backend/api/index.php/notifications/check_expiring
Cuerpo: 
2026-07-06 20:24:26 - GET /Estadias/SIGRAT/backend/api/index.php/notifications/all
Cuerpo: 
2026-07-06 20:25:25 - POST /Estadias/SIGRAT/backend/api/index.php/notifications/check_expiring
Cuerpo: 
2026-07-06 20:25:26 - GET /Estadias/SIGRAT/backend/api/index.php/notifications/all
Cuerpo: 
2026-07-06 20:26:14 - POST /Estadias/SIGRAT/backend/api/index.php/notifications/check_expiring
Cuerpo: 
2026-07-06 20:26:15 - GET /Estadias/SIGRAT/backend/api/index.php/notifications/all
Cuerpo: 
2026-07-06 20:27:15 - POST /Estadias/SIGRAT/backend/api/index.php/notifications/check_expiring
Cuerpo: 
2026-07-06 20:27:16 - GET /Estadias/SIGRAT/backend/api/index.php/notifications/all
Cuerpo: 
2026-07-06 20:28:14 - POST /Estadias/SIGRAT/backend/api/index.php/notifications/check_expiring
Cuerpo: 
2026-07-06 20:28:15 - GET /Estadias/SIGRAT/backend/api/index.php/notifications/all
Cuerpo: 
2026-07-06 20:29:14 - POST /Estadias/SIGRAT/backend/api/index.php/notifications/check_expiring
Cuerpo: 
2026-07-06 20:29:15 - GET /Estadias/SIGRAT/backend/api/index.php/notifications/all
Cuerpo: 
2026-07-06 20:30:11 - POST /Estadias/SIGRAT/backend/api/index.php/notifications/check_expiring
Cuerpo: 
2026-07-06 20:30:12 - GET /Estadias/SIGRAT/backend/api/index.php/notifications/all
Cuerpo: 
2026-07-06 20:31:12 - POST /Estadias/SIGRAT/backend/api/index.php/notifications/check_expiring
Cuerpo: 
2026-07-06 20:31:13 - GET /Estadias/SIGRAT/backend/api/index.php/notifications/all
Cuerpo: 
2026-07-06 20:32:11 - POST /Estadias/SIGRAT/backend/api/index.php/notifications/check_expiring
Cuerpo: 
2026-07-06 20:32:12 - GET /Estadias/SIGRAT/backend/api/index.php/notifications/all
Cuerpo: 
2026-07-07 23:37:14 - POST /creaciones%20antigravity/Estadias/SIGRAT/backend/api/index.php/notifications/check_expiring
Cuerpo: 
2026-07-07 23:37:16 - GET /creaciones%20antigravity/Estadias/SIGRAT/backend/api/index.php/notifications/all
Cuerpo: 
2026-07-07 23:38:16 - POST /creaciones%20antigravity/Estadias/SIGRAT/backend/api/index.php/notifications/check_expiring
Cuerpo: 
2026-07-07 23:38:22 - GET /creaciones%20antigravity/Estadias/SIGRAT/backend/api/index.php/notifications/all
Cuerpo: 
2026-07-07 23:38:55 - POST /creaciones%20antigravity/Estadias/SIGRAT/backend/api/index.php/notifications/check_expiring
Cuerpo: 
2026-07-07 23:38:57 - GET /creaciones%20antigravity/Estadias/SIGRAT/backend/api/index.php/notifications/all
Cuerpo: 
2026-07-07 23:39:12 - POST /creaciones%20antigravity/Estadias/SIGRAT/backend/api/index.php/notifications/check_expiring
Cuerpo: 
2026-07-07 23:39:12 - GET /creaciones%20antigravity/Estadias/SIGRAT/backend/api/index.php/calendar/events
Cuerpo: 
2026-07-07 23:39:13 - GET /creaciones%20antigravity/Estadias/SIGRAT/backend/api/index.php/notifications/all
Cuerpo: 
2026-07-07 23:40:12 - POST /creaciones%20antigravity/Estadias/SIGRAT/backend/api/index.php/notifications/check_expiring
Cuerpo: 
2026-07-07 23:40:13 - GET /creaciones%20antigravity/Estadias/SIGRAT/backend/api/index.php/notifications/all
Cuerpo: 
2026-07-07 23:41:12 - POST /creaciones%20antigravity/Estadias/SIGRAT/backend/api/index.php/notifications/check_expiring
Cuerpo: 
2026-07-07 23:41:13 - GET /creaciones%20antigravity/Estadias/SIGRAT/backend/api/index.php/notifications/all
Cuerpo: 
2026-07-07 23:42:12 - POST /creaciones%20antigravity/Estadias/SIGRAT/backend/api/index.php/notifications/check_expiring
Cuerpo: 
2026-07-07 23:42:13 - GET /creaciones%20antigravity/Estadias/SIGRAT/backend/api/index.php/notifications/all
Cuerpo: 
2026-07-07 23:43:12 - POST /creaciones%20antigravity/Estadias/SIGRAT/backend/api/index.php/notifications/check_expiring
Cuerpo: 
2026-07-07 23:43:13 - GET /creaciones%20antigravity/Estadias/SIGRAT/backend/api/index.php/notifications/all
Cuerpo: 
2026-07-07 23:44:12 - POST /creaciones%20antigravity/Estadias/SIGRAT/backend/api/index.php/notifications/check_expiring
Cuerpo: 
2026-07-07 23:44:23 - GET /creaciones%20antigravity/Estadias/SIGRAT/backend/api/index.php/notifications/all
Cuerpo: 
2026-07-07 23:45:12 - POST /creaciones%20antigravity/Estadias/SIGRAT/backend/api/index.php/notifications/check_expiring
Cuerpo: 
2026-07-07 23:45:13 - GET /creaciones%20antigravity/Estadias/SIGRAT/backend/api/index.php/notifications/all
Cuerpo: 
2026-07-07 23:46:13 - POST /creaciones%20antigravity/Estadias/SIGRAT/backend/api/index.php/notifications/check_expiring
Cuerpo: 
2026-07-07 23:46:16 - GET /creaciones%20antigravity/Estadias/SIGRAT/backend/api/index.php/notifications/all
Cuerpo: 
2026-07-07 23:47:13 - POST /creaciones%20antigravity/Estadias/SIGRAT/backend/api/index.php/notifications/check_expiring
Cuerpo: 
2026-07-07 23:47:15 - GET /creaciones%20antigravity/Estadias/SIGRAT/backend/api/index.php/notifications/all
Cuerpo: 
2026-07-07 23:48:13 - POST /creaciones%20antigravity/Estadias/SIGRAT/backend/api/index.php/notifications/check_expiring
Cuerpo: 
2026-07-07 23:48:15 - GET /creaciones%20antigravity/Estadias/SIGRAT/backend/api/index.php/notifications/all
Cuerpo: 
2026-07-07 23:49:13 - POST /creaciones%20antigravity/Estadias/SIGRAT/backend/api/index.php/notifications/check_expiring
Cuerpo: 
2026-07-07 23:49:18 - GET /creaciones%20antigravity/Estadias/SIGRAT/backend/api/index.php/notifications/all
Cuerpo: 
2026-07-07 23:50:13 - POST /creaciones%20antigravity/Estadias/SIGRAT/backend/api/index.php/notifications/check_expiring
Cuerpo: 
2026-07-07 23:50:14 - GET /creaciones%20antigravity/Estadias/SIGRAT/backend/api/index.php/notifications/all
Cuerpo: 
2026-07-07 23:50:33 - GET /creaciones%20antigravity/Estadias/SIGRAT/backend/api/index.php/calendar/events
Cuerpo: 
2026-07-07 23:50:34 - POST /creaciones%20antigravity/Estadias/SIGRAT/backend/api/index.php/notifications/check_expiring
Cuerpo: 
2026-07-07 23:50:35 - GET /creaciones%20antigravity/Estadias/SIGRAT/backend/api/index.php/notifications/all
Cuerpo: 
2026-07-08 04:43:34 - POST /creaciones%20antigravity/Estadias/SIGRAT/backend/api/index.php/notifications/check_expiring
Cuerpo: 
2026-07-08 04:43:41 - GET /creaciones%20antigravity/Estadias/SIGRAT/backend/api/index.php/notifications/all
Cuerpo: 
2026-07-08 04:44:33 - POST /creaciones%20antigravity/Estadias/SIGRAT/backend/api/index.php/notifications/check_expiring
Cuerpo: 
2026-07-08 04:44:35 - GET /creaciones%20antigravity/Estadias/SIGRAT/backend/api/index.php/notifications/all
Cuerpo: 
2026-07-08 04:45:33 - POST /creaciones%20antigravity/Estadias/SIGRAT/backend/api/index.php/notifications/check_expiring
Cuerpo: 
2026-07-08 04:45:35 - GET /creaciones%20antigravity/Estadias/SIGRAT/backend/api/index.php/notifications/all
Cuerpo: 
2026-07-08 04:46:33 - POST /creaciones%20antigravity/Estadias/SIGRAT/backend/api/index.php/notifications/check_expiring
Cuerpo: 
2026-07-08 04:46:34 - GET /creaciones%20antigravity/Estadias/SIGRAT/backend/api/index.php/notifications/all
Cuerpo: 
2026-07-08 16:48:47 - POST /creaciones%20antigravity/Estadias/SIGRAT/backend/api/index.php/notifications/check_expiring
Cuerpo: 
2026-07-08 16:48:50 - GET /creaciones%20antigravity/Estadias/SIGRAT/backend/api/index.php/notifications/all
Cuerpo: 
2026-07-08 16:49:48 - POST /creaciones%20antigravity/Estadias/SIGRAT/backend/api/index.php/notifications/check_expiring
Cuerpo: 
2026-07-08 16:49:49 - GET /creaciones%20antigravity/Estadias/SIGRAT/backend/api/index.php/notifications/all
Cuerpo: 
2026-07-08 16:50:48 - POST /creaciones%20antigravity/Estadias/SIGRAT/backend/api/index.php/notifications/check_expiring
Cuerpo: 
2026-07-08 16:50:50 - GET /creaciones%20antigravity/Estadias/SIGRAT/backend/api/index.php/notifications/all
Cuerpo: 
2026-07-08 16:51:48 - POST /creaciones%20antigravity/Estadias/SIGRAT/backend/api/index.php/notifications/check_expiring
Cuerpo: 
2026-07-08 16:51:55 - GET /creaciones%20antigravity/Estadias/SIGRAT/backend/api/index.php/notifications/all
Cuerpo: 
2026-07-08 16:52:48 - POST /creaciones%20antigravity/Estadias/SIGRAT/backend/api/index.php/notifications/check_expiring
Cuerpo: 
2026-07-08 16:52:50 - GET /creaciones%20antigravity/Estadias/SIGRAT/backend/api/index.php/notifications/all
Cuerpo: 
2026-07-08 16:53:48 - POST /creaciones%20antigravity/Estadias/SIGRAT/backend/api/index.php/notifications/check_expiring
Cuerpo: 
2026-07-08 16:53:48 - GET /creaciones%20antigravity/Estadias/SIGRAT/backend/api/index.php/notifications/all
Cuerpo: 
2026-07-08 16:54:48 - POST /creaciones%20antigravity/Estadias/SIGRAT/backend/api/index.php/notifications/check_expiring
Cuerpo: 
2026-07-08 16:54:49 - GET /creaciones%20antigravity/Estadias/SIGRAT/backend/api/index.php/notifications/all
Cuerpo: 
2026-07-08 16:56:41 - POST /creaciones%20antigravity/Estadias/SIGRAT/backend/api/index.php/notifications/check_expiring
Cuerpo: 
2026-07-08 16:56:44 - GET /creaciones%20antigravity/Estadias/SIGRAT/backend/api/index.php/notifications/all
Cuerpo: 
2026-07-08 16:57:10 - POST /creaciones%20antigravity/Estadias/SIGRAT/backend/api/index.php/notifications/check_expiring
Cuerpo: 
2026-07-08 16:57:14 - GET /creaciones%20antigravity/Estadias/SIGRAT/backend/api/index.php/notifications/all
Cuerpo: 
2026-07-08 16:57:29 - POST /creaciones%20antigravity/Estadias/SIGRAT/backend/api/index.php/notifications/check_expiring
Cuerpo: 
2026-07-08 16:57:31 - GET /creaciones%20antigravity/Estadias/SIGRAT/backend/api/index.php/notifications/all
Cuerpo: 
2026-07-08 16:57:34 - POST /creaciones%20antigravity/Estadias/SIGRAT/backend/api/index.php/notifications/check_expiring
Cuerpo: 
2026-07-08 16:57:35 - GET /creaciones%20antigravity/Estadias/SIGRAT/backend/api/index.php/reservations/pending
Cuerpo: 
2026-07-08 16:57:36 - GET /creaciones%20antigravity/Estadias/SIGRAT/backend/api/index.php/spaces
Cuerpo: 
2026-07-08 16:57:37 - GET /creaciones%20antigravity/Estadias/SIGRAT/backend/api/index.php/notifications/all
Cuerpo: 
2026-07-08 16:58:17 - POST /creaciones%20antigravity/Estadias/SIGRAT/backend/api/index.php/notifications/check_expiring
Cuerpo: 
2026-07-08 16:58:18 - GET /creaciones%20antigravity/Estadias/SIGRAT/backend/api/index.php/notifications/all
Cuerpo: 
2026-07-08 16:59:18 - POST /creaciones%20antigravity/Estadias/SIGRAT/backend/api/index.php/notifications/check_expiring
Cuerpo: 
2026-07-08 16:59:20 - GET /creaciones%20antigravity/Estadias/SIGRAT/backend/api/index.php/notifications/all
Cuerpo: 
2026-07-08 17:00:18 - POST /creaciones%20antigravity/Estadias/SIGRAT/backend/api/index.php/notifications/check_expiring
Cuerpo: 
2026-07-08 17:00:18 - GET /creaciones%20antigravity/Estadias/SIGRAT/backend/api/index.php/notifications/all
Cuerpo: 
2026-07-08 17:01:18 - POST /creaciones%20antigravity/Estadias/SIGRAT/backend/api/index.php/notifications/check_expiring
Cuerpo: 
2026-07-08 17:01:18 - GET /creaciones%20antigravity/Estadias/SIGRAT/backend/api/index.php/notifications/all
Cuerpo: 
2026-07-08 17:02:18 - POST /creaciones%20antigravity/Estadias/SIGRAT/backend/api/index.php/notifications/check_expiring
Cuerpo: 
2026-07-08 17:02:22 - GET /creaciones%20antigravity/Estadias/SIGRAT/backend/api/index.php/notifications/all
Cuerpo: 
2026-07-08 17:03:18 - POST /creaciones%20antigravity/Estadias/SIGRAT/backend/api/index.php/notifications/check_expiring
Cuerpo: 
2026-07-08 17:03:18 - GET /creaciones%20antigravity/Estadias/SIGRAT/backend/api/index.php/notifications/all
Cuerpo: 
2026-07-08 17:04:18 - POST /creaciones%20antigravity/Estadias/SIGRAT/backend/api/index.php/notifications/check_expiring
Cuerpo: 
2026-07-08 17:04:19 - GET /creaciones%20antigravity/Estadias/SIGRAT/backend/api/index.php/notifications/all
Cuerpo: 
2026-07-08 17:05:41 - POST /creaciones%20antigravity/Estadias/SIGRAT/backend/api/index.php/notifications/check_expiring
Cuerpo: 
2026-07-08 17:06:55 - POST /creaciones%20antigravity/Estadias/SIGRAT/backend/api/index.php/notifications/check_expiring
Cuerpo: 
2026-07-08 17:07:09 - GET /creaciones%20antigravity/Estadias/SIGRAT/backend/api/index.php/notifications/all
Cuerpo: 
2026-07-08 17:07:15 - GET /creaciones%20antigravity/Estadias/SIGRAT/backend/api/index.php/notifications/all
Cuerpo: 
2026-07-08 17:07:49 - POST /creaciones%20antigravity/Estadias/SIGRAT/backend/api/index.php/notifications/check_expiring
Cuerpo: 
2026-07-08 17:14:03 - POST /creaciones%20antigravity/Estadias/SIGRAT/backend/api/index.php/notifications/check_expiring
Cuerpo: 
2026-07-08 17:14:08 - POST /creaciones%20antigravity/Estadias/SIGRAT/backend/api/index.php/notifications/check_expiring
Cuerpo: 
2026-07-08 17:14:13 - GET /creaciones%20antigravity/Estadias/SIGRAT/backend/api/index.php/notifications/all
Cuerpo: 
2026-07-08 17:14:17 - GET /creaciones%20antigravity/Estadias/SIGRAT/backend/api/index.php/notifications/all
Cuerpo: 
2026-07-08 17:14:18 - GET /creaciones%20antigravity/Estadias/SIGRAT/backend/api/index.php/notifications/all
Cuerpo: 
2026-07-08 17:14:20 - GET /creaciones%20antigravity/Estadias/SIGRAT/backend/api/index.php/notifications/all
Cuerpo: 
2026-07-08 17:14:21 - GET /creaciones%20antigravity/Estadias/SIGRAT/backend/api/index.php/notifications/all
Cuerpo: 
2026-07-08 17:14:24 - GET /creaciones%20antigravity/Estadias/SIGRAT/backend/api/index.php/notifications/all
Cuerpo: 
2026-07-08 17:14:59 - POST /creaciones%20antigravity/Estadias/SIGRAT/backend/api/index.php/notifications/check_expiring
Cuerpo: 
2026-07-08 17:15:01 - GET /creaciones%20antigravity/Estadias/SIGRAT/backend/api/index.php/notifications/all
Cuerpo: 
2026-07-08 17:15:08 - GET /creaciones%20antigravity/Estadias/SIGRAT/backend/api/index.php/notifications/all
Cuerpo: 
2026-07-08 17:15:41 - POST /creaciones%20antigravity/Estadias/SIGRAT/backend/api/index.php/notifications/check_expiring
Cuerpo: 
2026-07-08 17:15:45 - GET /creaciones%20antigravity/Estadias/SIGRAT/backend/api/index.php/notifications/all
Cuerpo: 
2026-07-08 17:16:41 - POST /creaciones%20antigravity/Estadias/SIGRAT/backend/api/index.php/notifications/check_expiring
Cuerpo: 
2026-07-08 17:16:52 - GET /creaciones%20antigravity/Estadias/SIGRAT/backend/api/index.php/notifications/all
Cuerpo: 
2026-07-08 17:17:41 - POST /creaciones%20antigravity/Estadias/SIGRAT/backend/api/index.php/notifications/check_expiring
Cuerpo: 
2026-07-08 17:17:41 - GET /creaciones%20antigravity/Estadias/SIGRAT/backend/api/index.php/notifications/all
Cuerpo: 
2026-07-08 17:18:41 - POST /creaciones%20antigravity/Estadias/SIGRAT/backend/api/index.php/notifications/check_expiring
Cuerpo: 
2026-07-08 17:18:42 - GET /creaciones%20antigravity/Estadias/SIGRAT/backend/api/index.php/notifications/all
Cuerpo: 
2026-07-08 17:19:41 - POST /creaciones%20antigravity/Estadias/SIGRAT/backend/api/index.php/notifications/check_expiring
Cuerpo: 
2026-07-08 17:19:42 - GET /creaciones%20antigravity/Estadias/SIGRAT/backend/api/index.php/notifications/all
Cuerpo: 
2026-07-08 17:20:41 - POST /creaciones%20antigravity/Estadias/SIGRAT/backend/api/index.php/notifications/check_expiring
Cuerpo: 
2026-07-08 17:20:44 - GET /creaciones%20antigravity/Estadias/SIGRAT/backend/api/index.php/notifications/all
Cuerpo: 
2026-07-08 17:21:41 - POST /creaciones%20antigravity/Estadias/SIGRAT/backend/api/index.php/notifications/check_expiring
Cuerpo: 
2026-07-08 17:21:41 - GET /creaciones%20antigravity/Estadias/SIGRAT/backend/api/index.php/notifications/all
Cuerpo: 
2026-07-08 17:22:41 - POST /creaciones%20antigravity/Estadias/SIGRAT/backend/api/index.php/notifications/check_expiring
Cuerpo: 
2026-07-08 17:22:44 - GET /creaciones%20antigravity/Estadias/SIGRAT/backend/api/index.php/notifications/all
Cuerpo: 
2026-07-08 17:23:41 - POST /creaciones%20antigravity/Estadias/SIGRAT/backend/api/index.php/notifications/check_expiring
Cuerpo: 
2026-07-08 17:23:46 - GET /creaciones%20antigravity/Estadias/SIGRAT/backend/api/index.php/notifications/all
Cuerpo: 
2026-07-08 17:24:41 - POST /creaciones%20antigravity/Estadias/SIGRAT/backend/api/index.php/notifications/check_expiring
Cuerpo: 
2026-07-08 17:24:43 - GET /creaciones%20antigravity/Estadias/SIGRAT/backend/api/index.php/notifications/all
Cuerpo: 
2026-07-08 17:25:41 - POST /creaciones%20antigravity/Estadias/SIGRAT/backend/api/index.php/notifications/check_expiring
Cuerpo: 
2026-07-08 17:25:42 - GET /creaciones%20antigravity/Estadias/SIGRAT/backend/api/index.php/notifications/all
Cuerpo: 
2026-07-08 17:26:41 - POST /creaciones%20antigravity/Estadias/SIGRAT/backend/api/index.php/notifications/check_expiring
Cuerpo: 
2026-07-08 17:26:42 - GET /creaciones%20antigravity/Estadias/SIGRAT/backend/api/index.php/notifications/all
Cuerpo: 
2026-07-08 17:27:41 - POST /creaciones%20antigravity/Estadias/SIGRAT/backend/api/index.php/notifications/check_expiring
Cuerpo: 
2026-07-08 17:27:41 - GET /creaciones%20antigravity/Estadias/SIGRAT/backend/api/index.php/notifications/all
Cuerpo: 
2026-07-08 17:28:41 - POST /creaciones%20antigravity/Estadias/SIGRAT/backend/api/index.php/notifications/check_expiring
Cuerpo: 
2026-07-08 17:28:41 - GET /creaciones%20antigravity/Estadias/SIGRAT/backend/api/index.php/notifications/all
Cuerpo: 
2026-07-08 17:29:41 - POST /creaciones%20antigravity/Estadias/SIGRAT/backend/api/index.php/notifications/check_expiring
Cuerpo: 
2026-07-08 17:29:41 - GET /creaciones%20antigravity/Estadias/SIGRAT/backend/api/index.php/notifications/all
Cuerpo: 
2026-07-08 17:30:30 - POST /creaciones%20antigravity/Estadias/SIGRAT/backend/api/index.php/notifications/check_expiring
Cuerpo: 
2026-07-08 17:30:31 - GET /creaciones%20antigravity/Estadias/SIGRAT/backend/api/index.php/notifications/all
Cuerpo: 
2026-07-08 17:30:36 - POST /creaciones%20antigravity/Estadias/SIGRAT/backend/api/index.php/notifications/check_expiring
Cuerpo: 
2026-07-08 17:30:38 - GET /creaciones%20antigravity/Estadias/SIGRAT/backend/api/index.php/notifications/all
Cuerpo: 
2026-07-08 17:31:19 - POST /creaciones%20antigravity/Estadias/SIGRAT/backend/api/index.php/notifications/check_expiring
Cuerpo: 
2026-07-08 17:31:21 - GET /creaciones%20antigravity/Estadias/SIGRAT/backend/api/index.php/notifications/all
Cuerpo: 
2026-07-08 17:31:46 - POST /creaciones%20antigravity/Estadias/SIGRAT/backend/api/index.php/notifications/check_expiring
Cuerpo: 
2026-07-08 17:31:48 - GET /creaciones%20antigravity/Estadias/SIGRAT/backend/api/index.php/spaces
Cuerpo: 
2026-07-08 17:31:49 - GET /creaciones%20antigravity/Estadias/SIGRAT/backend/api/index.php/reservations/pending
Cuerpo: 
2026-07-08 17:31:50 - GET /creaciones%20antigravity/Estadias/SIGRAT/backend/api/index.php/notifications/all
Cuerpo: 
2026-07-08 17:32:46 - POST /creaciones%20antigravity/Estadias/SIGRAT/backend/api/index.php/notifications/check_expiring
Cuerpo: 
2026-07-08 17:32:47 - GET /creaciones%20antigravity/Estadias/SIGRAT/backend/api/index.php/notifications/all
Cuerpo: 
2026-07-08 17:33:25 - GET /creaciones%20antigravity/Estadias/SIGRAT/backend/api/index.php/reservations/approved
Cuerpo: 
2026-07-08 17:33:26 - GET /creaciones%20antigravity/Estadias/SIGRAT/backend/api/index.php/spaces
Cuerpo: 
2026-07-08 17:33:47 - POST /creaciones%20antigravity/Estadias/SIGRAT/backend/api/index.php/notifications/check_expiring
Cuerpo: 
2026-07-08 17:33:48 - GET /creaciones%20antigravity/Estadias/SIGRAT/backend/api/index.php/notifications/all
Cuerpo: 
2026-07-08 17:34:46 - POST /creaciones%20antigravity/Estadias/SIGRAT/backend/api/index.php/notifications/check_expiring
Cuerpo: 
2026-07-08 17:34:48 - GET /creaciones%20antigravity/Estadias/SIGRAT/backend/api/index.php/notifications/all
Cuerpo: 
2026-07-08 17:34:54 - POST /creaciones%20antigravity/Estadias/SIGRAT/backend/api/index.php/notifications/check_expiring
Cuerpo: 
2026-07-08 17:34:55 - GET /creaciones%20antigravity/Estadias/SIGRAT/backend/api/index.php/notifications/all
Cuerpo: 
2026-07-08 17:35:03 - POST /creaciones%20antigravity/Estadias/SIGRAT/backend/api/index.php/notifications/check_expiring
Cuerpo: 
2026-07-08 17:35:05 - GET /creaciones%20antigravity/Estadias/SIGRAT/backend/api/index.php/notifications/all
Cuerpo: 
2026-07-08 17:35:11 - POST /creaciones%20antigravity/Estadias/SIGRAT/backend/api/index.php/notifications/check_expiring
Cuerpo: 
2026-07-08 17:35:13 - GET /creaciones%20antigravity/Estadias/SIGRAT/backend/api/index.php/notifications/all
Cuerpo: 
2026-07-08 17:36:11 - POST /creaciones%20antigravity/Estadias/SIGRAT/backend/api/index.php/notifications/check_expiring
Cuerpo: 
2026-07-08 17:36:13 - GET /creaciones%20antigravity/Estadias/SIGRAT/backend/api/index.php/notifications/all
Cuerpo: 
2026-07-08 17:36:34 - POST /creaciones%20antigravity/Estadias/SIGRAT/backend/api/index.php/notifications/check_expiring
Cuerpo: 
2026-07-08 17:36:35 - GET /creaciones%20antigravity/Estadias/SIGRAT/backend/api/index.php/notifications/all
Cuerpo: 
2026-07-08 17:37:35 - POST /creaciones%20antigravity/Estadias/SIGRAT/backend/api/index.php/notifications/check_expiring
Cuerpo: 
2026-07-08 17:37:36 - GET /creaciones%20antigravity/Estadias/SIGRAT/backend/api/index.php/notifications/all
Cuerpo: 
2026-07-08 17:38:35 - POST /creaciones%20antigravity/Estadias/SIGRAT/backend/api/index.php/notifications/check_expiring
Cuerpo: 
2026-07-08 17:38:36 - GET /creaciones%20antigravity/Estadias/SIGRAT/backend/api/index.php/notifications/all
Cuerpo: 
2026-07-08 17:39:35 - POST /creaciones%20antigravity/Estadias/SIGRAT/backend/api/index.php/notifications/check_expiring
Cuerpo: 
2026-07-08 17:39:36 - GET /creaciones%20antigravity/Estadias/SIGRAT/backend/api/index.php/notifications/all
Cuerpo: 
2026-07-08 17:40:35 - POST /creaciones%20antigravity/Estadias/SIGRAT/backend/api/index.php/notifications/check_expiring
Cuerpo: 
2026-07-08 17:40:36 - GET /creaciones%20antigravity/Estadias/SIGRAT/backend/api/index.php/notifications/all
Cuerpo: 
2026-07-08 17:41:35 - POST /creaciones%20antigravity/Estadias/SIGRAT/backend/api/index.php/notifications/check_expiring
Cuerpo: 
2026-07-08 17:41:36 - GET /creaciones%20antigravity/Estadias/SIGRAT/backend/api/index.php/notifications/all
Cuerpo: 
2026-07-08 17:42:35 - POST /creaciones%20antigravity/Estadias/SIGRAT/backend/api/index.php/notifications/check_expiring
Cuerpo: 
2026-07-08 17:42:35 - GET /creaciones%20antigravity/Estadias/SIGRAT/backend/api/index.php/notifications/all
Cuerpo: 
2026-07-08 17:43:05 - POST /creaciones%20antigravity/Estadias/SIGRAT/backend/api/index.php/notifications/check_expiring
Cuerpo: 
2026-07-08 17:43:06 - GET /creaciones%20antigravity/Estadias/SIGRAT/backend/api/index.php/notifications/all
Cuerpo: 
2026-07-08 17:44:06 - POST /creaciones%20antigravity/Estadias/SIGRAT/backend/api/index.php/notifications/check_expiring
Cuerpo: 
2026-07-08 17:44:08 - GET /creaciones%20antigravity/Estadias/SIGRAT/backend/api/index.php/notifications/all
Cuerpo: 
2026-07-08 17:45:07 - POST /creaciones%20antigravity/Estadias/SIGRAT/backend/api/index.php/notifications/check_expiring
Cuerpo: 
2026-07-08 17:45:08 - GET /creaciones%20antigravity/Estadias/SIGRAT/backend/api/index.php/notifications/all
Cuerpo: 
2026-07-08 17:46:06 - POST /creaciones%20antigravity/Estadias/SIGRAT/backend/api/index.php/notifications/check_expiring
Cuerpo: 
2026-07-08 17:46:10 - GET /creaciones%20antigravity/Estadias/SIGRAT/backend/api/index.php/notifications/all
Cuerpo: 
2026-07-08 17:47:06 - POST /creaciones%20antigravity/Estadias/SIGRAT/backend/api/index.php/notifications/check_expiring
Cuerpo: 
2026-07-08 17:47:08 - GET /creaciones%20antigravity/Estadias/SIGRAT/backend/api/index.php/notifications/all
Cuerpo: 
2026-07-08 17:48:06 - POST /creaciones%20antigravity/Estadias/SIGRAT/backend/api/index.php/notifications/check_expiring
Cuerpo: 
2026-07-08 17:48:07 - GET /creaciones%20antigravity/Estadias/SIGRAT/backend/api/index.php/notifications/all
Cuerpo: 
2026-07-08 17:49:06 - POST /creaciones%20antigravity/Estadias/SIGRAT/backend/api/index.php/notifications/check_expiring
Cuerpo: 
2026-07-08 17:49:07 - GET /creaciones%20antigravity/Estadias/SIGRAT/backend/api/index.php/notifications/all
Cuerpo: 
2026-07-08 17:49:35 - POST /creaciones%20antigravity/Estadias/SIGRAT/backend/api/index.php/notifications/check_expiring
Cuerpo: 
2026-07-08 17:49:36 - GET /creaciones%20antigravity/Estadias/SIGRAT/backend/api/index.php/notifications/all
Cuerpo: 
2026-07-08 17:50:55 - POST /creaciones%20antigravity/Estadias/SIGRAT/backend/api/index.php/notifications/check_expiring
Cuerpo: 
2026-07-08 17:50:56 - GET /creaciones%20antigravity/Estadias/SIGRAT/backend/api/index.php/notifications/all
Cuerpo: 
2026-07-08 17:51:35 - POST /creaciones%20antigravity/Estadias/SIGRAT/backend/api/index.php/notifications/check_expiring
Cuerpo: 
2026-07-08 17:51:36 - GET /creaciones%20antigravity/Estadias/SIGRAT/backend/api/index.php/notifications/all
Cuerpo: 
2026-07-08 17:52:36 - POST /creaciones%20antigravity/Estadias/SIGRAT/backend/api/index.php/notifications/check_expiring
Cuerpo: 
2026-07-08 17:52:36 - GET /creaciones%20antigravity/Estadias/SIGRAT/backend/api/index.php/notifications/all
Cuerpo: 
2026-07-08 17:53:35 - POST /creaciones%20antigravity/Estadias/SIGRAT/backend/api/index.php/notifications/check_expiring
Cuerpo: 
2026-07-08 17:53:36 - GET /creaciones%20antigravity/Estadias/SIGRAT/backend/api/index.php/notifications/all
Cuerpo: 
2026-07-08 17:54:34 - POST /creaciones%20antigravity/Estadias/SIGRAT/backend/api/index.php/notifications/check_expiring
Cuerpo: 
2026-07-08 17:54:35 - GET /creaciones%20antigravity/Estadias/SIGRAT/backend/api/index.php/calendar/events
Cuerpo: 
2026-07-08 17:54:36 - GET /creaciones%20antigravity/Estadias/SIGRAT/backend/api/index.php/notifications/all
Cuerpo: 
2026-07-08 17:55:34 - POST /creaciones%20antigravity/Estadias/SIGRAT/backend/api/index.php/notifications/check_expiring
Cuerpo: 
2026-07-08 17:55:35 - GET /creaciones%20antigravity/Estadias/SIGRAT/backend/api/index.php/notifications/all
Cuerpo: 
2026-07-08 17:56:33 - POST /creaciones%20antigravity/Estadias/SIGRAT/backend/api/index.php/notifications/check_expiring
Cuerpo: 
2026-07-08 17:56:34 - GET /creaciones%20antigravity/Estadias/SIGRAT/backend/api/index.php/notifications/all
Cuerpo: 
2026-07-08 17:57:34 - POST /creaciones%20antigravity/Estadias/SIGRAT/backend/api/index.php/notifications/check_expiring
Cuerpo: 
2026-07-08 17:57:35 - GET /creaciones%20antigravity/Estadias/SIGRAT/backend/api/index.php/notifications/all
Cuerpo: 
2026-07-08 17:58:35 - POST /creaciones%20antigravity/Estadias/SIGRAT/backend/api/index.php/notifications/check_expiring
Cuerpo: 
2026-07-08 17:58:36 - GET /creaciones%20antigravity/Estadias/SIGRAT/backend/api/index.php/notifications/all
Cuerpo: 
2026-07-08 17:59:34 - POST /creaciones%20antigravity/Estadias/SIGRAT/backend/api/index.php/notifications/check_expiring
Cuerpo: 
2026-07-08 17:59:35 - GET /creaciones%20antigravity/Estadias/SIGRAT/backend/api/index.php/notifications/all
Cuerpo: 
2026-07-08 18:01:00 - POST /creaciones%20antigravity/Estadias/SIGRAT/backend/api/index.php/notifications/check_expiring
Cuerpo: 
2026-07-08 18:01:07 - GET /creaciones%20antigravity/Estadias/SIGRAT/backend/api/index.php/notifications/all
Cuerpo: 
2026-07-08 18:01:34 - POST /creaciones%20antigravity/Estadias/SIGRAT/backend/api/index.php/notifications/check_expiring
Cuerpo: 
2026-07-08 18:01:35 - GET /creaciones%20antigravity/Estadias/SIGRAT/backend/api/index.php/notifications/all
Cuerpo: 
2026-07-08 18:01:39 - POST /creaciones%20antigravity/Estadias/SIGRAT/backend/api/index.php/notifications/check_expiring
Cuerpo: 
2026-07-08 18:01:40 - GET /creaciones%20antigravity/Estadias/SIGRAT/backend/api/index.php/calendar/events
Cuerpo: 
2026-07-08 18:01:41 - GET /creaciones%20antigravity/Estadias/SIGRAT/backend/api/index.php/notifications/all
Cuerpo: 
2026-07-08 18:02:40 - POST /creaciones%20antigravity/Estadias/SIGRAT/backend/api/index.php/notifications/check_expiring
Cuerpo: 
2026-07-08 18:02:40 - GET /creaciones%20antigravity/Estadias/SIGRAT/backend/api/index.php/notifications/all
Cuerpo: 
2026-07-08 18:03:40 - POST /creaciones%20antigravity/Estadias/SIGRAT/backend/api/index.php/notifications/check_expiring
Cuerpo: 
2026-07-08 18:03:41 - GET /creaciones%20antigravity/Estadias/SIGRAT/backend/api/index.php/notifications/all
Cuerpo: 
2026-07-08 18:04:40 - POST /creaciones%20antigravity/Estadias/SIGRAT/backend/api/index.php/notifications/check_expiring
Cuerpo: 
2026-07-08 18:04:40 - GET /creaciones%20antigravity/Estadias/SIGRAT/backend/api/index.php/notifications/all
Cuerpo: 
2026-07-08 18:05:40 - POST /creaciones%20antigravity/Estadias/SIGRAT/backend/api/index.php/notifications/check_expiring
Cuerpo: 
2026-07-08 18:05:42 - GET /creaciones%20antigravity/Estadias/SIGRAT/backend/api/index.php/notifications/all
Cuerpo: 
2026-07-08 18:06:40 - POST /creaciones%20antigravity/Estadias/SIGRAT/backend/api/index.php/notifications/check_expiring
Cuerpo: 
2026-07-08 18:06:40 - GET /creaciones%20antigravity/Estadias/SIGRAT/backend/api/index.php/notifications/all
Cuerpo: 
2026-07-08 18:07:40 - POST /creaciones%20antigravity/Estadias/SIGRAT/backend/api/index.php/notifications/check_expiring
Cuerpo: 
2026-07-08 18:07:40 - GET /creaciones%20antigravity/Estadias/SIGRAT/backend/api/index.php/notifications/all
Cuerpo: 
2026-07-08 18:08:41 - POST /creaciones%20antigravity/Estadias/SIGRAT/backend/api/index.php/notifications/check_expiring
Cuerpo: 
2026-07-08 18:08:41 - GET /creaciones%20antigravity/Estadias/SIGRAT/backend/api/index.php/notifications/all
Cuerpo: 
2026-07-08 18:09:32 - POST /creaciones%20antigravity/Estadias/SIGRAT/backend/api/index.php/notifications/check_expiring
Cuerpo: 
2026-07-08 18:09:33 - GET /creaciones%20antigravity/Estadias/SIGRAT/backend/api/index.php/calendar/events
Cuerpo: 
2026-07-08 18:09:34 - GET /creaciones%20antigravity/Estadias/SIGRAT/backend/api/index.php/notifications/all
Cuerpo: 
2026-07-08 18:10:33 - POST /creaciones%20antigravity/Estadias/SIGRAT/backend/api/index.php/notifications/check_expiring
Cuerpo: 
2026-07-08 18:10:33 - GET /creaciones%20antigravity/Estadias/SIGRAT/backend/api/index.php/notifications/all
Cuerpo: 
2026-07-08 18:11:33 - POST /creaciones%20antigravity/Estadias/SIGRAT/backend/api/index.php/notifications/check_expiring
Cuerpo: 
2026-07-08 18:11:34 - GET /creaciones%20antigravity/Estadias/SIGRAT/backend/api/index.php/notifications/all
Cuerpo: 
2026-07-08 18:12:16 - POST /creaciones%20antigravity/Estadias/SIGRAT/backend/api/index.php/notifications/check_expiring
Cuerpo: 
2026-07-08 18:12:17 - GET /creaciones%20antigravity/Estadias/SIGRAT/backend/api/index.php/calendar/events
Cuerpo: 
2026-07-08 18:12:17 - GET /creaciones%20antigravity/Estadias/SIGRAT/backend/api/index.php/notifications/all
Cuerpo: 
2026-07-08 18:12:54 - POST /creaciones%20antigravity/Estadias/SIGRAT/backend/api/index.php/notifications/check_expiring
Cuerpo: 
2026-07-08 18:12:55 - GET /creaciones%20antigravity/Estadias/SIGRAT/backend/api/index.php/notifications/all
Cuerpo: 
2026-07-08 18:13:55 - POST /creaciones%20antigravity/Estadias/SIGRAT/backend/api/index.php/notifications/check_expiring
Cuerpo: 
2026-07-08 18:13:55 - GET /creaciones%20antigravity/Estadias/SIGRAT/backend/api/index.php/notifications/all
Cuerpo: 
2026-07-08 18:14:55 - POST /creaciones%20antigravity/Estadias/SIGRAT/backend/api/index.php/notifications/check_expiring
Cuerpo: 
2026-07-08 18:14:57 - GET /creaciones%20antigravity/Estadias/SIGRAT/backend/api/index.php/notifications/all
Cuerpo: 
2026-07-08 18:15:55 - POST /creaciones%20antigravity/Estadias/SIGRAT/backend/api/index.php/notifications/check_expiring
Cuerpo: 
2026-07-08 18:15:56 - GET /creaciones%20antigravity/Estadias/SIGRAT/backend/api/index.php/notifications/all
Cuerpo: 
2026-07-08 18:16:54 - POST /creaciones%20antigravity/Estadias/SIGRAT/backend/api/index.php/notifications/check_expiring
Cuerpo: 
2026-07-08 18:16:56 - GET /creaciones%20antigravity/Estadias/SIGRAT/backend/api/index.php/notifications/all
Cuerpo: 
2026-07-08 18:17:02 - POST /creaciones%20antigravity/Estadias/SIGRAT/backend/api/index.php/notifications/check_expiring
Cuerpo: 
2026-07-08 18:17:03 - GET /creaciones%20antigravity/Estadias/SIGRAT/backend/api/index.php/notifications/all
Cuerpo: 
2026-07-08 18:18:02 - POST /creaciones%20antigravity/Estadias/SIGRAT/backend/api/index.php/notifications/check_expiring
Cuerpo: 
2026-07-08 18:18:03 - GET /creaciones%20antigravity/Estadias/SIGRAT/backend/api/index.php/notifications/all
Cuerpo: 
2026-07-08 18:19:03 - POST /creaciones%20antigravity/Estadias/SIGRAT/backend/api/index.php/notifications/check_expiring
Cuerpo: 
2026-07-08 18:19:03 - GET /creaciones%20antigravity/Estadias/SIGRAT/backend/api/index.php/notifications/all
Cuerpo: 
2026-07-08 18:20:04 - POST /creaciones%20antigravity/Estadias/SIGRAT/backend/api/index.php/notifications/check_expiring
Cuerpo: 
2026-07-08 18:20:05 - GET /creaciones%20antigravity/Estadias/SIGRAT/backend/api/index.php/notifications/all
Cuerpo: 
2026-07-08 18:21:03 - POST /creaciones%20antigravity/Estadias/SIGRAT/backend/api/index.php/notifications/check_expiring
Cuerpo: 
2026-07-08 18:21:03 - GET /creaciones%20antigravity/Estadias/SIGRAT/backend/api/index.php/notifications/all
Cuerpo: 
2026-07-08 18:21:33 - POST /creaciones%20antigravity/Estadias/SIGRAT/backend/api/index.php/notifications/check_expiring
Cuerpo: 
2026-07-08 18:21:34 - GET /creaciones%20antigravity/Estadias/SIGRAT/backend/api/index.php/notifications/all
Cuerpo: 
2026-07-08 18:22:33 - POST /creaciones%20antigravity/Estadias/SIGRAT/backend/api/index.php/notifications/check_expiring
Cuerpo: 
2026-07-08 18:22:34 - GET /creaciones%20antigravity/Estadias/SIGRAT/backend/api/index.php/notifications/all
Cuerpo: 
2026-07-08 18:22:39 - POST /creaciones%20antigravity/Estadias/SIGRAT/backend/api/index.php/notifications/check_expiring
Cuerpo: 
2026-07-08 18:22:39 - GET /creaciones%20antigravity/Estadias/SIGRAT/backend/api/index.php/notifications/all
Cuerpo: 
2026-07-08 18:23:40 - POST /creaciones%20antigravity/Estadias/SIGRAT/backend/api/index.php/notifications/check_expiring
Cuerpo: 
2026-07-08 18:23:41 - GET /creaciones%20antigravity/Estadias/SIGRAT/backend/api/index.php/notifications/all
Cuerpo: 
2026-07-08 18:24:40 - POST /creaciones%20antigravity/Estadias/SIGRAT/backend/api/index.php/notifications/check_expiring
Cuerpo: 
2026-07-08 18:24:41 - GET /creaciones%20antigravity/Estadias/SIGRAT/backend/api/index.php/notifications/all
Cuerpo: 
2026-07-08 18:25:40 - POST /creaciones%20antigravity/Estadias/SIGRAT/backend/api/index.php/notifications/check_expiring
Cuerpo: 
2026-07-08 18:25:41 - GET /creaciones%20antigravity/Estadias/SIGRAT/backend/api/index.php/notifications/all
Cuerpo: 
2026-07-08 18:26:40 - POST /creaciones%20antigravity/Estadias/SIGRAT/backend/api/index.php/notifications/check_expiring
Cuerpo: 
2026-07-08 18:26:41 - GET /creaciones%20antigravity/Estadias/SIGRAT/backend/api/index.php/notifications/all
Cuerpo: 
2026-07-08 18:27:04 - POST /creaciones%20antigravity/Estadias/SIGRAT/backend/api/index.php/notifications/check_expiring
Cuerpo: 
2026-07-08 18:27:06 - GET /creaciones%20antigravity/Estadias/SIGRAT/backend/api/index.php/notifications/all
Cuerpo: 
2026-07-08 18:28:27 - POST /creaciones%20antigravity/Estadias/SIGRAT/backend/api/index.php/notifications/check_expiring
Cuerpo: 
2026-07-08 18:28:28 - GET /creaciones%20antigravity/Estadias/SIGRAT/backend/api/index.php/notifications/all
Cuerpo: 
2026-07-08 18:29:27 - POST /creaciones%20antigravity/Estadias/SIGRAT/backend/api/index.php/notifications/check_expiring
Cuerpo: 
2026-07-08 18:29:27 - GET /creaciones%20antigravity/Estadias/SIGRAT/backend/api/index.php/notifications/all
Cuerpo: 
2026-07-08 18:30:15 - GET /creaciones%20antigravity/Estadias/SIGRAT/backend/api/index.php/reservations/pending
Cuerpo: 
2026-07-08 18:30:15 - POST /creaciones%20antigravity/Estadias/SIGRAT/backend/api/index.php/notifications/check_expiring
Cuerpo: 
2026-07-08 18:30:16 - GET /creaciones%20antigravity/Estadias/SIGRAT/backend/api/index.php/spaces
Cuerpo: 
2026-07-08 18:30:16 - GET /creaciones%20antigravity/Estadias/SIGRAT/backend/api/index.php/notifications/all
Cuerpo: 
2026-07-08 18:31:15 - POST /creaciones%20antigravity/Estadias/SIGRAT/backend/api/index.php/notifications/check_expiring
Cuerpo: 
2026-07-08 18:31:15 - GET /creaciones%20antigravity/Estadias/SIGRAT/backend/api/index.php/notifications/all
Cuerpo: 
2026-07-08 18:32:15 - POST /creaciones%20antigravity/Estadias/SIGRAT/backend/api/index.php/notifications/check_expiring
Cuerpo: 
2026-07-08 18:32:15 - GET /creaciones%20antigravity/Estadias/SIGRAT/backend/api/index.php/notifications/all
Cuerpo: 
2026-07-08 18:32:47 - GET /creaciones%20antigravity/Estadias/SIGRAT/backend/api/index.php/reservations/approved
Cuerpo: 
2026-07-08 18:32:48 - GET /creaciones%20antigravity/Estadias/SIGRAT/backend/api/index.php/spaces
Cuerpo: 
2026-07-08 18:32:49 - GET /creaciones%20antigravity/Estadias/SIGRAT/backend/api/index.php/reservations/cancelled
Cuerpo: 
2026-07-08 18:32:50 - GET /creaciones%20antigravity/Estadias/SIGRAT/backend/api/index.php/spaces
Cuerpo: 
2026-07-08 18:33:15 - POST /creaciones%20antigravity/Estadias/SIGRAT/backend/api/index.php/notifications/check_expiring
Cuerpo: 
2026-07-08 18:33:15 - GET /creaciones%20antigravity/Estadias/SIGRAT/backend/api/index.php/notifications/all
Cuerpo: 
2026-07-08 18:34:16 - POST /creaciones%20antigravity/Estadias/SIGRAT/backend/api/index.php/notifications/check_expiring
Cuerpo: 
2026-07-08 18:34:16 - GET /creaciones%20antigravity/Estadias/SIGRAT/backend/api/index.php/notifications/all
Cuerpo: 
2026-07-08 18:35:16 - POST /creaciones%20antigravity/Estadias/SIGRAT/backend/api/index.php/notifications/check_expiring
Cuerpo: 
2026-07-08 18:35:19 - GET /creaciones%20antigravity/Estadias/SIGRAT/backend/api/index.php/notifications/all
Cuerpo: 
2026-07-08 18:36:16 - POST /creaciones%20antigravity/Estadias/SIGRAT/backend/api/index.php/notifications/check_expiring
Cuerpo: 
2026-07-08 18:36:16 - GET /creaciones%20antigravity/Estadias/SIGRAT/backend/api/index.php/notifications/all
Cuerpo: 
2026-07-08 18:36:51 - GET /creaciones%20antigravity/Estadias/SIGRAT/backend/api/index.php/reservations/pending
Cuerpo: 
2026-07-08 18:36:52 - GET /creaciones%20antigravity/Estadias/SIGRAT/backend/api/index.php/spaces
Cuerpo: 
2026-07-08 18:36:53 - POST /creaciones%20antigravity/Estadias/SIGRAT/backend/api/index.php/notifications/check_expiring
Cuerpo: 
2026-07-08 18:36:53 - GET /creaciones%20antigravity/Estadias/SIGRAT/backend/api/index.php/notifications/all
Cuerpo: 
2026-07-08 18:37:27 - POST /creaciones%20antigravity/Estadias/SIGRAT/backend/api/index.php/notifications/check_expiring
Cuerpo: 
2026-07-08 18:37:27 - GET /creaciones%20antigravity/Estadias/SIGRAT/backend/api/index.php/notifications/all
Cuerpo: 
2026-07-08 18:38:27 - POST /creaciones%20antigravity/Estadias/SIGRAT/backend/api/index.php/notifications/check_expiring
Cuerpo: 
2026-07-08 18:38:27 - GET /creaciones%20antigravity/Estadias/SIGRAT/backend/api/index.php/notifications/all
Cuerpo: 
2026-07-08 18:39:27 - POST /creaciones%20antigravity/Estadias/SIGRAT/backend/api/index.php/notifications/check_expiring
Cuerpo: 
2026-07-08 18:39:27 - GET /creaciones%20antigravity/Estadias/SIGRAT/backend/api/index.php/notifications/all
Cuerpo: 
2026-07-08 18:40:28 - POST /creaciones%20antigravity/Estadias/SIGRAT/backend/api/index.php/notifications/check_expiring
Cuerpo: 
2026-07-08 18:40:28 - GET /creaciones%20antigravity/Estadias/SIGRAT/backend/api/index.php/notifications/all
Cuerpo: 
2026-07-08 18:41:28 - POST /creaciones%20antigravity/Estadias/SIGRAT/backend/api/index.php/notifications/check_expiring
Cuerpo: 
2026-07-08 18:41:28 - GET /creaciones%20antigravity/Estadias/SIGRAT/backend/api/index.php/notifications/all
Cuerpo: 
2026-07-08 18:42:28 - POST /creaciones%20antigravity/Estadias/SIGRAT/backend/api/index.php/notifications/check_expiring
Cuerpo: 
2026-07-08 18:42:29 - GET /creaciones%20antigravity/Estadias/SIGRAT/backend/api/index.php/notifications/all
Cuerpo: 
2026-07-08 18:43:19 - POST /creaciones%20antigravity/Estadias/SIGRAT/backend/api/index.php/notifications/check_expiring
Cuerpo: 
2026-07-08 18:43:20 - GET /creaciones%20antigravity/Estadias/SIGRAT/backend/api/index.php/notifications/all
Cuerpo: 
2026-07-08 18:43:54 - POST /creaciones%20antigravity/Estadias/SIGRAT/backend/api/index.php/notifications/check_expiring
Cuerpo: 
2026-07-08 18:43:55 - GET /creaciones%20antigravity/Estadias/SIGRAT/backend/api/index.php/notifications/all
Cuerpo: 
2026-07-08 18:44:55 - POST /creaciones%20antigravity/Estadias/SIGRAT/backend/api/index.php/notifications/check_expiring
Cuerpo: 
2026-07-08 18:44:55 - GET /creaciones%20antigravity/Estadias/SIGRAT/backend/api/index.php/notifications/all
Cuerpo: 
2026-07-08 18:45:55 - POST /creaciones%20antigravity/Estadias/SIGRAT/backend/api/index.php/notifications/check_expiring
Cuerpo: 
2026-07-08 18:45:55 - GET /creaciones%20antigravity/Estadias/SIGRAT/backend/api/index.php/notifications/all
Cuerpo: 
2026-07-08 18:46:55 - POST /creaciones%20antigravity/Estadias/SIGRAT/backend/api/index.php/notifications/check_expiring
Cuerpo: 
2026-07-08 18:46:55 - GET /creaciones%20antigravity/Estadias/SIGRAT/backend/api/index.php/notifications/all
Cuerpo: 
2026-07-08 18:47:55 - POST /creaciones%20antigravity/Estadias/SIGRAT/backend/api/index.php/notifications/check_expiring
Cuerpo: 
2026-07-08 18:47:55 - GET /creaciones%20antigravity/Estadias/SIGRAT/backend/api/index.php/notifications/all
Cuerpo: 
2026-07-08 18:48:55 - POST /creaciones%20antigravity/Estadias/SIGRAT/backend/api/index.php/notifications/check_expiring
Cuerpo: 
2026-07-08 18:48:55 - GET /creaciones%20antigravity/Estadias/SIGRAT/backend/api/index.php/notifications/all
Cuerpo: 
2026-07-08 18:49:33 - POST /creaciones%20antigravity/Estadias/SIGRAT/backend/api/index.php/notifications/check_expiring
Cuerpo: 
2026-07-08 18:49:34 - GET /creaciones%20antigravity/Estadias/SIGRAT/backend/api/index.php/notifications/all
Cuerpo: 
2026-07-08 18:50:26 - POST /creaciones%20antigravity/Estadias/SIGRAT/backend/api/index.php/notifications/check_expiring
Cuerpo: 
2026-07-08 18:50:26 - GET /creaciones%20antigravity/Estadias/SIGRAT/backend/api/index.php/notifications/all
Cuerpo: 
2026-07-08 18:51:26 - POST /creaciones%20antigravity/Estadias/SIGRAT/backend/api/index.php/notifications/check_expiring
Cuerpo: 
2026-07-08 18:51:26 - GET /creaciones%20antigravity/Estadias/SIGRAT/backend/api/index.php/notifications/all
Cuerpo: 
2026-07-08 18:52:26 - POST /creaciones%20antigravity/Estadias/SIGRAT/backend/api/index.php/notifications/check_expiring
Cuerpo: 
2026-07-08 18:52:27 - GET /creaciones%20antigravity/Estadias/SIGRAT/backend/api/index.php/notifications/all
Cuerpo: 
2026-07-08 18:53:26 - POST /creaciones%20antigravity/Estadias/SIGRAT/backend/api/index.php/notifications/check_expiring
Cuerpo: 
2026-07-08 18:53:27 - GET /creaciones%20antigravity/Estadias/SIGRAT/backend/api/index.php/notifications/all
Cuerpo: 
2026-07-08 18:54:27 - POST /creaciones%20antigravity/Estadias/SIGRAT/backend/api/index.php/notifications/check_expiring
Cuerpo: 
2026-07-08 18:54:27 - GET /creaciones%20antigravity/Estadias/SIGRAT/backend/api/index.php/notifications/all
Cuerpo: 
2026-07-08 18:55:27 - POST /creaciones%20antigravity/Estadias/SIGRAT/backend/api/index.php/notifications/check_expiring
Cuerpo: 
2026-07-08 18:55:29 - GET /creaciones%20antigravity/Estadias/SIGRAT/backend/api/index.php/notifications/all
Cuerpo: 
2026-07-08 18:56:27 - POST /creaciones%20antigravity/Estadias/SIGRAT/backend/api/index.php/notifications/check_expiring
Cuerpo: 
2026-07-08 18:56:28 - GET /creaciones%20antigravity/Estadias/SIGRAT/backend/api/index.php/notifications/all
Cuerpo: 
2026-07-08 18:57:41 - POST /creaciones%20antigravity/Estadias/SIGRAT/backend/api/index.php/notifications/check_expiring
Cuerpo: 
2026-07-08 18:57:42 - GET /creaciones%20antigravity/Estadias/SIGRAT/backend/api/index.php/notifications/all
Cuerpo: 
2026-07-08 18:58:27 - POST /creaciones%20antigravity/Estadias/SIGRAT/backend/api/index.php/notifications/check_expiring
Cuerpo: 
2026-07-08 18:58:29 - GET /creaciones%20antigravity/Estadias/SIGRAT/backend/api/index.php/notifications/all
Cuerpo: 
2026-07-08 18:58:36 - POST /creaciones%20antigravity/Estadias/SIGRAT/backend/api/index.php/notifications/check_expiring
Cuerpo: 
2026-07-08 18:58:37 - GET /creaciones%20antigravity/Estadias/SIGRAT/backend/api/index.php/notifications/all
Cuerpo: 
2026-07-08 18:59:36 - POST /creaciones%20antigravity/Estadias/SIGRAT/backend/api/index.php/notifications/check_expiring
Cuerpo: 
2026-07-08 18:59:37 - GET /creaciones%20antigravity/Estadias/SIGRAT/backend/api/index.php/notifications/all
Cuerpo: 
2026-07-08 18:59:44 - POST /creaciones%20antigravity/Estadias/SIGRAT/backend/api/index.php/notifications/check_expiring
Cuerpo: 
2026-07-08 18:59:45 - GET /creaciones%20antigravity/Estadias/SIGRAT/backend/api/index.php/notifications/all
Cuerpo: 
2026-07-08 18:59:59 - POST /creaciones%20antigravity/Estadias/SIGRAT/backend/api/index.php/hardware/recent-scans
Cuerpo: {"ant_id":"all"}
2026-07-08 19:00:01 - POST /creaciones%20antigravity/Estadias/SIGRAT/backend/api/index.php/hardware/recent-scans
Cuerpo: {"ant_id":"all"}
2026-07-08 19:00:02 - GET /creaciones%20antigravity/Estadias/SIGRAT/backend/api/index.php/hardware/antennas-status
Cuerpo: 
2026-07-08 19:00:04 - POST /creaciones%20antigravity/Estadias/SIGRAT/backend/api/index.php/hardware/recent-scans
Cuerpo: {"ant_id":"all"}
2026-07-08 19:00:07 - POST /creaciones%20antigravity/Estadias/SIGRAT/backend/api/index.php/hardware/recent-scans
Cuerpo: {"ant_id":"all"}
2026-07-08 19:00:25 - GET /creaciones%20antigravity/Estadias/SIGRAT/backend/api/index.php/hardware/antennas-status
Cuerpo: 
2026-07-08 19:00:27 - POST /creaciones%20antigravity/Estadias/SIGRAT/backend/api/index.php/hardware/recent-scans
Cuerpo: {"ant_id":"all"}
2026-07-08 19:00:28 - POST /creaciones%20antigravity/Estadias/SIGRAT/backend/api/index.php/hardware/recent-scans
Cuerpo: {"ant_id":"all"}
2026-07-08 19:00:33 - POST /creaciones%20antigravity/Estadias/SIGRAT/backend/api/index.php/hardware/recent-scans
Cuerpo: {"ant_id":"all"}
2026-07-08 19:00:35 - POST /creaciones%20antigravity/Estadias/SIGRAT/backend/api/index.php/hardware/recent-scans
Cuerpo: {"ant_id":"all"}
2026-07-08 19:00:36 - POST /creaciones%20antigravity/Estadias/SIGRAT/backend/api/index.php/hardware/recent-scans
Cuerpo: {"ant_id":"all"}
2026-07-08 19:00:37 - POST /creaciones%20antigravity/Estadias/SIGRAT/backend/api/index.php/hardware/recent-scans
Cuerpo: {"ant_id":"all"}
2026-07-08 19:00:38 - POST /creaciones%20antigravity/Estadias/SIGRAT/backend/api/index.php/hardware/recent-scans
Cuerpo: {"ant_id":"all"}
2026-07-08 19:00:38 - POST /creaciones%20antigravity/Estadias/SIGRAT/backend/api/index.php/hardware/recent-scans
Cuerpo: {"ant_id":"all"}
2026-07-08 19:00:39 - POST /creaciones%20antigravity/Estadias/SIGRAT/backend/api/index.php/hardware/recent-scans
Cuerpo: {"ant_id":"all"}
2026-07-08 19:00:40 - POST /creaciones%20antigravity/Estadias/SIGRAT/backend/api/index.php/hardware/recent-scans
Cuerpo: {"ant_id":"all"}
2026-07-08 19:00:40 - GET /creaciones%20antigravity/Estadias/SIGRAT/backend/api/index.php/hardware/antennas-status
Cuerpo: 
2026-07-08 19:00:41 - GET /creaciones%20antigravity/Estadias/SIGRAT/backend/api/index.php/hardware/antennas-status
Cuerpo: 
2026-07-08 19:00:41 - GET /creaciones%20antigravity/Estadias/SIGRAT/backend/api/index.php/hardware/antennas-status
Cuerpo: 
2026-07-08 19:00:42 - POST /creaciones%20antigravity/Estadias/SIGRAT/backend/api/index.php/hardware/recent-scans
Cuerpo: {"ant_id":"all"}
2026-07-08 19:00:42 - GET /creaciones%20antigravity/Estadias/SIGRAT/backend/api/index.php/hardware/antennas-status
Cuerpo: 
2026-07-08 19:00:44 - POST /creaciones%20antigravity/Estadias/SIGRAT/backend/api/index.php/hardware/recent-scans
Cuerpo: {"ant_id":"all"}
2026-07-08 19:00:44 - POST /creaciones%20antigravity/Estadias/SIGRAT/backend/api/index.php/hardware/recent-scans
Cuerpo: {"ant_id":"all"}
2026-07-08 19:00:45 - POST /creaciones%20antigravity/Estadias/SIGRAT/backend/api/index.php/hardware/recent-scans
Cuerpo: {"ant_id":"all"}
2026-07-08 19:00:46 - POST /creaciones%20antigravity/Estadias/SIGRAT/backend/api/index.php/hardware/recent-scans
Cuerpo: {"ant_id":"all"}
2026-07-08 19:00:46 - POST /creaciones%20antigravity/Estadias/SIGRAT/backend/api/index.php/hardware/recent-scans
Cuerpo: {"ant_id":"all"}
2026-07-08 19:00:47 - POST /creaciones%20antigravity/Estadias/SIGRAT/backend/api/index.php/hardware/recent-scans
Cuerpo: {"ant_id":"all"}
2026-07-08 19:00:48 - POST /creaciones%20antigravity/Estadias/SIGRAT/backend/api/index.php/hardware/recent-scans
Cuerpo: {"ant_id":"all"}
2026-07-08 19:00:49 - POST /creaciones%20antigravity/Estadias/SIGRAT/backend/api/index.php/hardware/recent-scans
Cuerpo: {"ant_id":"all"}
2026-07-08 19:00:50 - POST /creaciones%20antigravity/Estadias/SIGRAT/backend/api/index.php/hardware/recent-scans
Cuerpo: {"ant_id":"all"}
2026-07-08 19:00:52 - GET /creaciones%20antigravity/Estadias/SIGRAT/backend/api/index.php/hardware/antennas-status
Cuerpo: 
2026-07-08 19:00:53 - POST /creaciones%20antigravity/Estadias/SIGRAT/backend/api/index.php/notifications/check_expiring
Cuerpo: 
2026-07-08 19:00:54 - POST /creaciones%20antigravity/Estadias/SIGRAT/backend/api/index.php/hardware/recent-scans
Cuerpo: {"ant_id":"all"}
2026-07-08 19:00:56 - POST /creaciones%20antigravity/Estadias/SIGRAT/backend/api/index.php/hardware/recent-scans
Cuerpo: {"ant_id":"all"}
2026-07-08 19:00:56 - POST /creaciones%20antigravity/Estadias/SIGRAT/backend/api/index.php/hardware/recent-scans
Cuerpo: {"ant_id":"all"}
2026-07-08 19:00:57 - POST /creaciones%20antigravity/Estadias/SIGRAT/backend/api/index.php/hardware/recent-scans
Cuerpo: {"ant_id":"all"}
2026-07-08 19:00:57 - GET /creaciones%20antigravity/Estadias/SIGRAT/backend/api/index.php/hardware/antennas-status
Cuerpo: 
2026-07-08 19:00:58 - POST /creaciones%20antigravity/Estadias/SIGRAT/backend/api/index.php/hardware/recent-scans
Cuerpo: {"ant_id":"all"}
2026-07-08 19:01:00 - GET /creaciones%20antigravity/Estadias/SIGRAT/backend/api/index.php/notifications/all
Cuerpo: 
2026-07-08 19:01:00 - POST /creaciones%20antigravity/Estadias/SIGRAT/backend/api/index.php/hardware/recent-scans
Cuerpo: {"ant_id":"all"}
2026-07-08 19:01:02 - POST /creaciones%20antigravity/Estadias/SIGRAT/backend/api/index.php/hardware/recent-scans
Cuerpo: {"ant_id":"all"}
2026-07-08 19:01:02 - GET /creaciones%20antigravity/Estadias/SIGRAT/backend/api/index.php/hardware/antennas-status
Cuerpo: 
2026-07-08 19:01:03 - POST /creaciones%20antigravity/Estadias/SIGRAT/backend/api/index.php/hardware/recent-scans
Cuerpo: {"ant_id":"all"}
2026-07-08 19:01:04 - POST /creaciones%20antigravity/Estadias/SIGRAT/backend/api/index.php/hardware/recent-scans
Cuerpo: {"ant_id":"all"}
2026-07-08 19:01:06 - GET /creaciones%20antigravity/Estadias/SIGRAT/backend/api/index.php/hardware/antennas-status
Cuerpo: 
2026-07-08 19:01:10 - POST /creaciones%20antigravity/Estadias/SIGRAT/backend/api/index.php/hardware/recent-scans
Cuerpo: {"ant_id":"all"}
2026-07-08 19:01:11 - POST /creaciones%20antigravity/Estadias/SIGRAT/backend/api/index.php/hardware/recent-scans
Cuerpo: {"ant_id":"all"}
2026-07-08 19:01:11 - POST /creaciones%20antigravity/Estadias/SIGRAT/backend/api/index.php/hardware/recent-scans
Cuerpo: {"ant_id":"all"}
2026-07-08 19:01:12 - POST /creaciones%20antigravity/Estadias/SIGRAT/backend/api/index.php/hardware/recent-scans
Cuerpo: {"ant_id":"all"}
2026-07-08 19:01:13 - GET /creaciones%20antigravity/Estadias/SIGRAT/backend/api/index.php/hardware/antennas-status
Cuerpo: 
2026-07-08 19:01:13 - POST /creaciones%20antigravity/Estadias/SIGRAT/backend/api/index.php/hardware/recent-scans
Cuerpo: {"ant_id":"all"}
2026-07-08 19:01:14 - GET /creaciones%20antigravity/Estadias/SIGRAT/backend/api/index.php/hardware/antennas-status
Cuerpo: 
2026-07-08 19:01:15 - POST /creaciones%20antigravity/Estadias/SIGRAT/backend/api/index.php/hardware/recent-scans
Cuerpo: {"ant_id":"all"}
2026-07-08 19:01:15 - GET /creaciones%20antigravity/Estadias/SIGRAT/backend/api/index.php/hardware/antennas-status
Cuerpo: 
2026-07-08 19:01:16 - POST /creaciones%20antigravity/Estadias/SIGRAT/backend/api/index.php/hardware/recent-scans
Cuerpo: {"ant_id":"all"}
2026-07-08 19:01:17 - GET /creaciones%20antigravity/Estadias/SIGRAT/backend/api/index.php/hardware/antennas-status
Cuerpo: 
2026-07-08 19:01:17 - GET /creaciones%20antigravity/Estadias/SIGRAT/backend/api/index.php/hardware/antennas-status
Cuerpo: 
2026-07-08 19:01:18 - POST /creaciones%20antigravity/Estadias/SIGRAT/backend/api/index.php/hardware/recent-scans
Cuerpo: {"ant_id":"all"}
2026-07-08 19:01:18 - GET /creaciones%20antigravity/Estadias/SIGRAT/backend/api/index.php/hardware/antennas-status
Cuerpo: 
2026-07-08 19:01:19 - GET /creaciones%20antigravity/Estadias/SIGRAT/backend/api/index.php/hardware/antennas-status
Cuerpo: 
2026-07-08 19:01:20 - POST /creaciones%20antigravity/Estadias/SIGRAT/backend/api/index.php/hardware/recent-scans
Cuerpo: {"ant_id":"all"}
2026-07-08 19:01:21 - GET /creaciones%20antigravity/Estadias/SIGRAT/backend/api/index.php/hardware/antennas-status
Cuerpo: 
2026-07-08 19:01:21 - GET /creaciones%20antigravity/Estadias/SIGRAT/backend/api/index.php/hardware/antennas-status
Cuerpo: 
2026-07-08 19:01:22 - POST /creaciones%20antigravity/Estadias/SIGRAT/backend/api/index.php/hardware/recent-scans
Cuerpo: {"ant_id":"all"}
2026-07-08 19:01:24 - GET /creaciones%20antigravity/Estadias/SIGRAT/backend/api/index.php/hardware/antennas-status
Cuerpo: 
2026-07-08 19:01:24 - POST /creaciones%20antigravity/Estadias/SIGRAT/backend/api/index.php/hardware/recent-scans
Cuerpo: {"ant_id":"all"}
2026-07-08 19:01:25 - GET /creaciones%20antigravity/Estadias/SIGRAT/backend/api/index.php/hardware/antennas-status
Cuerpo: 
2026-07-08 19:01:26 - POST /creaciones%20antigravity/Estadias/SIGRAT/backend/api/index.php/hardware/recent-scans
Cuerpo: {"ant_id":"all"}
2026-07-08 19:01:26 - GET /creaciones%20antigravity/Estadias/SIGRAT/backend/api/index.php/hardware/antennas-status
Cuerpo: 
2026-07-08 19:01:27 - GET /creaciones%20antigravity/Estadias/SIGRAT/backend/api/index.php/hardware/antennas-status
Cuerpo: 
2026-07-08 19:01:29 - POST /creaciones%20antigravity/Estadias/SIGRAT/backend/api/index.php/hardware/recent-scans
Cuerpo: {"ant_id":"all"}
2026-07-08 19:01:31 - GET /creaciones%20antigravity/Estadias/SIGRAT/backend/api/index.php/hardware/antennas-status
Cuerpo: 
2026-07-08 19:01:32 - POST /creaciones%20antigravity/Estadias/SIGRAT/backend/api/index.php/hardware/recent-scans
Cuerpo: {"ant_id":"all"}
2026-07-08 19:01:32 - POST /creaciones%20antigravity/Estadias/SIGRAT/backend/api/index.php/hardware/recent-scans
Cuerpo: {"ant_id":"all"}
2026-07-08 19:01:33 - GET /creaciones%20antigravity/Estadias/SIGRAT/backend/api/index.php/hardware/antennas-status
Cuerpo: 
2026-07-08 19:01:33 - GET /creaciones%20antigravity/Estadias/SIGRAT/backend/api/index.php/hardware/antennas-status
Cuerpo: 
2026-07-08 19:01:34 - POST /creaciones%20antigravity/Estadias/SIGRAT/backend/api/index.php/hardware/recent-scans
Cuerpo: {"ant_id":"all"}
2026-07-08 19:01:35 - GET /creaciones%20antigravity/Estadias/SIGRAT/backend/api/index.php/hardware/antennas-status
Cuerpo: 
2026-07-08 19:01:36 - POST /creaciones%20antigravity/Estadias/SIGRAT/backend/api/index.php/hardware/recent-scans
Cuerpo: {"ant_id":"all"}
2026-07-08 19:01:38 - GET /creaciones%20antigravity/Estadias/SIGRAT/backend/api/index.php/hardware/antennas-status
Cuerpo: 
2026-07-08 19:01:39 - POST /creaciones%20antigravity/Estadias/SIGRAT/backend/api/index.php/hardware/recent-scans
Cuerpo: {"ant_id":"all"}
2026-07-08 19:01:40 - GET /creaciones%20antigravity/Estadias/SIGRAT/backend/api/index.php/hardware/antennas-status
Cuerpo: 
2026-07-08 19:01:56 - POST /creaciones%20antigravity/Estadias/SIGRAT/backend/api/index.php/hardware/recent-scans
Cuerpo: {"ant_id":"all"}
2026-07-08 19:01:59 - POST /creaciones%20antigravity/Estadias/SIGRAT/backend/api/index.php/hardware/recent-scans
Cuerpo: {"ant_id":"all"}
2026-07-08 19:02:00 - POST /creaciones%20antigravity/Estadias/SIGRAT/backend/api/index.php/hardware/recent-scans
Cuerpo: {"ant_id":"all"}
2026-07-08 19:02:00 - POST /creaciones%20antigravity/Estadias/SIGRAT/backend/api/index.php/notifications/check_expiring
Cuerpo: 
2026-07-08 19:02:01 - POST /creaciones%20antigravity/Estadias/SIGRAT/backend/api/index.php/hardware/recent-scans
Cuerpo: {"ant_id":"all"}
2026-07-08 19:02:02 - POST /creaciones%20antigravity/Estadias/SIGRAT/backend/api/index.php/hardware/recent-scans
Cuerpo: {"ant_id":"all"}
2026-07-08 19:02:02 - POST /creaciones%20antigravity/Estadias/SIGRAT/backend/api/index.php/hardware/recent-scans
Cuerpo: {"ant_id":"all"}
2026-07-08 19:02:03 - POST /creaciones%20antigravity/Estadias/SIGRAT/backend/api/index.php/hardware/recent-scans
Cuerpo: {"ant_id":"all"}
2026-07-08 19:02:03 - POST /creaciones%20antigravity/Estadias/SIGRAT/backend/api/index.php/hardware/recent-scans
Cuerpo: {"ant_id":"all"}
2026-07-08 19:02:05 - POST /creaciones%20antigravity/Estadias/SIGRAT/backend/api/index.php/hardware/recent-scans
Cuerpo: {"ant_id":"all"}
2026-07-08 19:02:05 - GET /creaciones%20antigravity/Estadias/SIGRAT/backend/api/index.php/hardware/antennas-status
Cuerpo: 
2026-07-08 19:02:06 - POST /creaciones%20antigravity/Estadias/SIGRAT/backend/api/index.php/hardware/recent-scans
Cuerpo: {"ant_id":"all"}
2026-07-08 19:02:07 - POST /creaciones%20antigravity/Estadias/SIGRAT/backend/api/index.php/hardware/recent-scans
Cuerpo: {"ant_id":"all"}
2026-07-08 19:02:07 - GET /creaciones%20antigravity/Estadias/SIGRAT/backend/api/index.php/notifications/all
Cuerpo: 
2026-07-08 19:02:08 - POST /creaciones%20antigravity/Estadias/SIGRAT/backend/api/index.php/hardware/recent-scans
Cuerpo: {"ant_id":"all"}
2026-07-08 19:02:09 - POST /creaciones%20antigravity/Estadias/SIGRAT/backend/api/index.php/hardware/recent-scans
Cuerpo: {"ant_id":"all"}
2026-07-08 19:02:09 - POST /creaciones%20antigravity/Estadias/SIGRAT/backend/api/index.php/hardware/recent-scans
Cuerpo: {"ant_id":"all"}
2026-07-08 19:02:10 - GET /creaciones%20antigravity/Estadias/SIGRAT/backend/api/index.php/hardware/antennas-status
Cuerpo: 
2026-07-08 19:02:12 - POST /creaciones%20antigravity/Estadias/SIGRAT/backend/api/index.php/hardware/recent-scans
Cuerpo: {"ant_id":"all"}
2026-07-08 19:02:12 - POST /creaciones%20antigravity/Estadias/SIGRAT/backend/api/index.php/hardware/recent-scans
Cuerpo: {"ant_id":"all"}
2026-07-08 19:02:13 - GET /creaciones%20antigravity/Estadias/SIGRAT/backend/api/index.php/hardware/antennas-status
Cuerpo: 
2026-07-08 19:02:14 - GET /creaciones%20antigravity/Estadias/SIGRAT/backend/api/index.php/hardware/antennas-status
Cuerpo: 
2026-07-08 19:02:15 - GET /creaciones%20antigravity/Estadias/SIGRAT/backend/api/index.php/hardware/antennas-status
Cuerpo: 
2026-07-08 19:02:15 - GET /creaciones%20antigravity/Estadias/SIGRAT/backend/api/index.php/hardware/antennas-status
Cuerpo: 
2026-07-08 19:02:16 - GET /creaciones%20antigravity/Estadias/SIGRAT/backend/api/index.php/hardware/antennas-status
Cuerpo: 
2026-07-08 19:02:17 - GET /creaciones%20antigravity/Estadias/SIGRAT/backend/api/index.php/hardware/antennas-status
Cuerpo: 
2026-07-08 19:02:18 - GET /creaciones%20antigravity/Estadias/SIGRAT/backend/api/index.php/hardware/antennas-status
Cuerpo: 
2026-07-08 19:02:19 - GET /creaciones%20antigravity/Estadias/SIGRAT/backend/api/index.php/hardware/antennas-status
Cuerpo: 
2026-07-08 19:02:20 - GET /creaciones%20antigravity/Estadias/SIGRAT/backend/api/index.php/hardware/antennas-status
Cuerpo: 
2026-07-08 19:02:21 - GET /creaciones%20antigravity/Estadias/SIGRAT/backend/api/index.php/hardware/antennas-status
Cuerpo: 
2026-07-08 19:02:21 - GET /creaciones%20antigravity/Estadias/SIGRAT/backend/api/index.php/hardware/antennas-status
Cuerpo: 
2026-07-08 19:02:22 - GET /creaciones%20antigravity/Estadias/SIGRAT/backend/api/index.php/hardware/antennas-status
Cuerpo: 
2026-07-08 19:02:23 - GET /creaciones%20antigravity/Estadias/SIGRAT/backend/api/index.php/hardware/antennas-status
Cuerpo: 
2026-07-08 19:02:23 - GET /creaciones%20antigravity/Estadias/SIGRAT/backend/api/index.php/hardware/antennas-status
Cuerpo: 
2026-07-08 19:02:25 - GET /creaciones%20antigravity/Estadias/SIGRAT/backend/api/index.php/hardware/antennas-status
Cuerpo: 
2026-07-08 19:02:25 - GET /creaciones%20antigravity/Estadias/SIGRAT/backend/api/index.php/hardware/antennas-status
Cuerpo: 
2026-07-08 19:02:26 - GET /creaciones%20antigravity/Estadias/SIGRAT/backend/api/index.php/hardware/antennas-status
Cuerpo: 
2026-07-08 19:02:26 - GET /creaciones%20antigravity/Estadias/SIGRAT/backend/api/index.php/hardware/antennas-status
Cuerpo: 
2026-07-08 19:02:28 - GET /creaciones%20antigravity/Estadias/SIGRAT/backend/api/index.php/hardware/antennas-status
Cuerpo: 
2026-07-08 19:02:29 - GET /creaciones%20antigravity/Estadias/SIGRAT/backend/api/index.php/hardware/antennas-status
Cuerpo: 
2026-07-08 19:02:30 - GET /creaciones%20antigravity/Estadias/SIGRAT/backend/api/index.php/hardware/antennas-status
Cuerpo: 
2026-07-08 19:02:30 - GET /creaciones%20antigravity/Estadias/SIGRAT/backend/api/index.php/hardware/antennas-status
Cuerpo: 
2026-07-08 19:02:31 - GET /creaciones%20antigravity/Estadias/SIGRAT/backend/api/index.php/hardware/antennas-status
Cuerpo: 
2026-07-08 19:02:32 - GET /creaciones%20antigravity/Estadias/SIGRAT/backend/api/index.php/hardware/antennas-status
Cuerpo: 
2026-07-08 19:02:34 - POST /creaciones%20antigravity/Estadias/SIGRAT/backend/api/index.php/hardware/recent-scans
Cuerpo: {"ant_id":"all"}
2026-07-08 19:02:35 - POST /creaciones%20antigravity/Estadias/SIGRAT/backend/api/index.php/hardware/recent-scans
Cuerpo: {"ant_id":"all"}
2026-07-08 19:02:36 - GET /creaciones%20antigravity/Estadias/SIGRAT/backend/api/index.php/hardware/antennas-status
Cuerpo: 
2026-07-08 19:02:41 - POST /creaciones%20antigravity/Estadias/SIGRAT/backend/api/index.php/hardware/recent-scans
Cuerpo: {"ant_id":"all"}
2026-07-08 19:02:41 - POST /creaciones%20antigravity/Estadias/SIGRAT/backend/api/index.php/hardware/recent-scans
Cuerpo: {"ant_id":"all"}
2026-07-08 19:02:42 - POST /creaciones%20antigravity/Estadias/SIGRAT/backend/api/index.php/hardware/recent-scans
Cuerpo: {"ant_id":"all"}
2026-07-08 19:02:43 - GET /creaciones%20antigravity/Estadias/SIGRAT/backend/api/index.php/hardware/antennas-status
Cuerpo: 
2026-07-08 19:02:43 - POST /creaciones%20antigravity/Estadias/SIGRAT/backend/api/index.php/hardware/recent-scans
Cuerpo: {"ant_id":"all"}
2026-07-08 19:02:45 - GET /creaciones%20antigravity/Estadias/SIGRAT/backend/api/index.php/hardware/antennas-status
Cuerpo: 
2026-07-08 19:02:46 - POST /creaciones%20antigravity/Estadias/SIGRAT/backend/api/index.php/hardware/recent-scans
Cuerpo: {"ant_id":"all"}
2026-07-08 19:02:47 - POST /creaciones%20antigravity/Estadias/SIGRAT/backend/api/index.php/notifications/check_expiring
Cuerpo: 
2026-07-08 19:02:47 - POST /creaciones%20antigravity/Estadias/SIGRAT/backend/api/index.php/hardware/recent-scans
Cuerpo: {"ant_id":"all"}
2026-07-08 19:02:48 - GET /creaciones%20antigravity/Estadias/SIGRAT/backend/api/index.php/hardware/antennas-status
Cuerpo: 
2026-07-08 19:02:49 - GET /creaciones%20antigravity/Estadias/SIGRAT/backend/api/index.php/notifications/all
Cuerpo: 
2026-07-08 19:02:49 - POST /creaciones%20antigravity/Estadias/SIGRAT/backend/api/index.php/hardware/recent-scans
Cuerpo: {"ant_id":"all"}
2026-07-08 19:02:50 - GET /creaciones%20antigravity/Estadias/SIGRAT/backend/api/index.php/hardware/antennas-status
Cuerpo: 
2026-07-08 19:02:51 - POST /creaciones%20antigravity/Estadias/SIGRAT/backend/api/index.php/hardware/recent-scans
Cuerpo: {"ant_id":"all"}
2026-07-08 19:02:52 - GET /creaciones%20antigravity/Estadias/SIGRAT/backend/api/index.php/hardware/antennas-status
Cuerpo: 
2026-07-08 19:02:53 - POST /creaciones%20antigravity/Estadias/SIGRAT/backend/api/index.php/hardware/recent-scans
Cuerpo: {"ant_id":"all"}
2026-07-08 19:02:54 - GET /creaciones%20antigravity/Estadias/SIGRAT/backend/api/index.php/hardware/antennas-status
Cuerpo: 
2026-07-08 19:02:55 - POST /creaciones%20antigravity/Estadias/SIGRAT/backend/api/index.php/hardware/recent-scans
Cuerpo: {"ant_id":"all"}
2026-07-08 19:02:55 - POST /creaciones%20antigravity/Estadias/SIGRAT/backend/api/index.php/notifications/check_expiring
Cuerpo: 
2026-07-08 19:02:56 - GET /creaciones%20antigravity/Estadias/SIGRAT/backend/api/index.php/notifications/all
Cuerpo: 
2026-07-08 19:03:29 - POST /creaciones%20antigravity/Estadias/SIGRAT/backend/api/index.php/hardware/recent-scans
Cuerpo: {"ant_id":"all"}
2026-07-08 19:03:30 - GET /creaciones%20antigravity/Estadias/SIGRAT/backend/api/index.php/hardware/antennas-status
Cuerpo: 
2026-07-08 19:03:30 - POST /creaciones%20antigravity/Estadias/SIGRAT/backend/api/index.php/hardware/recent-scans
Cuerpo: {"ant_id":"all"}
2026-07-08 19:03:31 - GET /creaciones%20antigravity/Estadias/SIGRAT/backend/api/index.php/hardware/antennas-status
Cuerpo: 
2026-07-08 19:03:32 - POST /creaciones%20antigravity/Estadias/SIGRAT/backend/api/index.php/hardware/recent-scans
Cuerpo: {"ant_id":"all"}
2026-07-08 19:03:32 - GET /creaciones%20antigravity/Estadias/SIGRAT/backend/api/index.php/hardware/antennas-status
Cuerpo: 
2026-07-08 19:03:55 - POST /creaciones%20antigravity/Estadias/SIGRAT/backend/api/index.php/notifications/check_expiring
Cuerpo: 
2026-07-08 19:03:55 - GET /creaciones%20antigravity/Estadias/SIGRAT/backend/api/index.php/notifications/all
Cuerpo: 
2026-07-08 19:04:04 - POST /creaciones%20antigravity/Estadias/SIGRAT/backend/api/index.php/hardware/recent-scans
Cuerpo: {"ant_id":"all"}
2026-07-08 19:04:04 - GET /creaciones%20antigravity/Estadias/SIGRAT/backend/api/index.php/hardware/antennas-status
Cuerpo: 
2026-07-08 19:04:05 - POST /creaciones%20antigravity/Estadias/SIGRAT/backend/api/index.php/hardware/recent-scans
Cuerpo: {"ant_id":"all"}
2026-07-08 19:04:06 - GET /creaciones%20antigravity/Estadias/SIGRAT/backend/api/index.php/hardware/antennas-status
Cuerpo: 
2026-07-08 19:04:07 - GET /creaciones%20antigravity/Estadias/SIGRAT/backend/api/index.php/hardware/antennas-status
Cuerpo: 
2026-07-08 19:04:07 - POST /creaciones%20antigravity/Estadias/SIGRAT/backend/api/index.php/hardware/recent-scans
Cuerpo: {"ant_id":"all"}
2026-07-08 19:04:09 - POST /creaciones%20antigravity/Estadias/SIGRAT/backend/api/index.php/hardware/recent-scans
Cuerpo: {"ant_id":"all"}
2026-07-08 19:04:09 - GET /creaciones%20antigravity/Estadias/SIGRAT/backend/api/index.php/hardware/antennas-status
Cuerpo: 
2026-07-08 19:04:11 - POST /creaciones%20antigravity/Estadias/SIGRAT/backend/api/index.php/hardware/recent-scans
Cuerpo: {"ant_id":"all"}
2026-07-08 19:04:11 - GET /creaciones%20antigravity/Estadias/SIGRAT/backend/api/index.php/hardware/antennas-status
Cuerpo: 
2026-07-08 19:04:13 - POST /creaciones%20antigravity/Estadias/SIGRAT/backend/api/index.php/hardware/recent-scans
Cuerpo: {"ant_id":"all"}
2026-07-08 19:04:13 - GET /creaciones%20antigravity/Estadias/SIGRAT/backend/api/index.php/hardware/antennas-status
Cuerpo: 
2026-07-08 19:04:15 - POST /creaciones%20antigravity/Estadias/SIGRAT/backend/api/index.php/hardware/recent-scans
Cuerpo: {"ant_id":"all"}
2026-07-08 19:04:15 - GET /creaciones%20antigravity/Estadias/SIGRAT/backend/api/index.php/hardware/antennas-status
Cuerpo: 
2026-07-08 19:04:17 - POST /creaciones%20antigravity/Estadias/SIGRAT/backend/api/index.php/hardware/recent-scans
Cuerpo: {"ant_id":"all"}
2026-07-08 19:04:17 - GET /creaciones%20antigravity/Estadias/SIGRAT/backend/api/index.php/hardware/antennas-status
Cuerpo: 
2026-07-08 19:04:19 - GET /creaciones%20antigravity/Estadias/SIGRAT/backend/api/index.php/hardware/antennas-status
Cuerpo: 
2026-07-08 19:04:19 - POST /creaciones%20antigravity/Estadias/SIGRAT/backend/api/index.php/hardware/recent-scans
Cuerpo: {"ant_id":"all"}
2026-07-08 19:04:21 - POST /creaciones%20antigravity/Estadias/SIGRAT/backend/api/index.php/hardware/recent-scans
Cuerpo: {"ant_id":"all"}
2026-07-08 19:04:21 - GET /creaciones%20antigravity/Estadias/SIGRAT/backend/api/index.php/hardware/antennas-status
Cuerpo: 
2026-07-08 19:04:23 - POST /creaciones%20antigravity/Estadias/SIGRAT/backend/api/index.php/hardware/recent-scans
Cuerpo: {"ant_id":"all"}
2026-07-08 19:04:23 - GET /creaciones%20antigravity/Estadias/SIGRAT/backend/api/index.php/hardware/antennas-status
Cuerpo: 
2026-07-08 19:04:25 - POST /creaciones%20antigravity/Estadias/SIGRAT/backend/api/index.php/hardware/recent-scans
Cuerpo: {"ant_id":"all"}
2026-07-08 19:04:25 - GET /creaciones%20antigravity/Estadias/SIGRAT/backend/api/index.php/hardware/antennas-status
Cuerpo: 
2026-07-08 19:04:27 - POST /creaciones%20antigravity/Estadias/SIGRAT/backend/api/index.php/hardware/recent-scans
Cuerpo: {"ant_id":"all"}
2026-07-08 19:04:27 - GET /creaciones%20antigravity/Estadias/SIGRAT/backend/api/index.php/hardware/antennas-status
Cuerpo: 
2026-07-08 19:04:29 - POST /creaciones%20antigravity/Estadias/SIGRAT/backend/api/index.php/hardware/recent-scans
Cuerpo: {"ant_id":"all"}
2026-07-08 19:04:29 - GET /creaciones%20antigravity/Estadias/SIGRAT/backend/api/index.php/hardware/antennas-status
Cuerpo: 
2026-07-08 19:04:31 - POST /creaciones%20antigravity/Estadias/SIGRAT/backend/api/index.php/hardware/recent-scans
Cuerpo: {"ant_id":"all"}
2026-07-08 19:04:31 - GET /creaciones%20antigravity/Estadias/SIGRAT/backend/api/index.php/hardware/antennas-status
Cuerpo: 
2026-07-08 19:04:33 - POST /creaciones%20antigravity/Estadias/SIGRAT/backend/api/index.php/hardware/recent-scans
Cuerpo: {"ant_id":"all"}
2026-07-08 19:04:33 - GET /creaciones%20antigravity/Estadias/SIGRAT/backend/api/index.php/hardware/antennas-status
Cuerpo: 
2026-07-08 19:04:35 - POST /creaciones%20antigravity/Estadias/SIGRAT/backend/api/index.php/hardware/recent-scans
Cuerpo: {"ant_id":"all"}
2026-07-08 19:04:35 - GET /creaciones%20antigravity/Estadias/SIGRAT/backend/api/index.php/hardware/antennas-status
Cuerpo: 
2026-07-08 19:04:37 - POST /creaciones%20antigravity/Estadias/SIGRAT/backend/api/index.php/hardware/recent-scans
Cuerpo: {"ant_id":"all"}
2026-07-08 19:04:38 - GET /creaciones%20antigravity/Estadias/SIGRAT/backend/api/index.php/hardware/antennas-status
Cuerpo: 
2026-07-08 19:04:39 - POST /creaciones%20antigravity/Estadias/SIGRAT/backend/api/index.php/hardware/recent-scans
Cuerpo: {"ant_id":"all"}
2026-07-08 19:04:40 - GET /creaciones%20antigravity/Estadias/SIGRAT/backend/api/index.php/hardware/antennas-status
Cuerpo: 
2026-07-08 19:04:41 - POST /creaciones%20antigravity/Estadias/SIGRAT/backend/api/index.php/hardware/recent-scans
Cuerpo: {"ant_id":"all"}
2026-07-08 19:04:41 - GET /creaciones%20antigravity/Estadias/SIGRAT/backend/api/index.php/hardware/antennas-status
Cuerpo: 
2026-07-08 19:04:43 - POST /creaciones%20antigravity/Estadias/SIGRAT/backend/api/index.php/hardware/recent-scans
Cuerpo: {"ant_id":"all"}
2026-07-08 19:04:43 - GET /creaciones%20antigravity/Estadias/SIGRAT/backend/api/index.php/hardware/antennas-status
Cuerpo: 
2026-07-08 19:04:45 - POST /creaciones%20antigravity/Estadias/SIGRAT/backend/api/index.php/hardware/recent-scans
Cuerpo: {"ant_id":"all"}
2026-07-08 19:04:45 - GET /creaciones%20antigravity/Estadias/SIGRAT/backend/api/index.php/hardware/antennas-status
Cuerpo: 
2026-07-08 19:04:47 - POST /creaciones%20antigravity/Estadias/SIGRAT/backend/api/index.php/hardware/recent-scans
Cuerpo: {"ant_id":"all"}
2026-07-08 19:04:47 - GET /creaciones%20antigravity/Estadias/SIGRAT/backend/api/index.php/hardware/antennas-status
Cuerpo: 
2026-07-08 19:04:49 - POST /creaciones%20antigravity/Estadias/SIGRAT/backend/api/index.php/hardware/recent-scans
Cuerpo: {"ant_id":"all"}
2026-07-08 19:04:50 - GET /creaciones%20antigravity/Estadias/SIGRAT/backend/api/index.php/hardware/antennas-status
Cuerpo: 
2026-07-08 19:04:51 - POST /creaciones%20antigravity/Estadias/SIGRAT/backend/api/index.php/hardware/recent-scans
Cuerpo: {"ant_id":"all"}
2026-07-08 19:04:51 - GET /creaciones%20antigravity/Estadias/SIGRAT/backend/api/index.php/hardware/antennas-status
Cuerpo: 
2026-07-08 19:04:53 - POST /creaciones%20antigravity/Estadias/SIGRAT/backend/api/index.php/hardware/recent-scans
Cuerpo: {"ant_id":"all"}
2026-07-08 19:04:53 - GET /creaciones%20antigravity/Estadias/SIGRAT/backend/api/index.php/hardware/antennas-status
Cuerpo: 
2026-07-08 19:04:55 - POST /creaciones%20antigravity/Estadias/SIGRAT/backend/api/index.php/hardware/recent-scans
Cuerpo: {"ant_id":"all"}
2026-07-08 19:04:55 - GET /creaciones%20antigravity/Estadias/SIGRAT/backend/api/index.php/hardware/antennas-status
Cuerpo: 
2026-07-08 19:04:56 - POST /creaciones%20antigravity/Estadias/SIGRAT/backend/api/index.php/notifications/check_expiring
Cuerpo: 
2026-07-08 19:04:57 - GET /creaciones%20antigravity/Estadias/SIGRAT/backend/api/index.php/notifications/all
Cuerpo: 
2026-07-08 19:04:57 - POST /creaciones%20antigravity/Estadias/SIGRAT/backend/api/index.php/hardware/recent-scans
Cuerpo: {"ant_id":"all"}
2026-07-08 19:04:58 - GET /creaciones%20antigravity/Estadias/SIGRAT/backend/api/index.php/hardware/antennas-status
Cuerpo: 
2026-07-08 19:04:59 - POST /creaciones%20antigravity/Estadias/SIGRAT/backend/api/index.php/hardware/recent-scans
Cuerpo: {"ant_id":"all"}
2026-07-08 19:04:59 - GET /creaciones%20antigravity/Estadias/SIGRAT/backend/api/index.php/hardware/antennas-status
Cuerpo: 
2026-07-08 19:05:01 - POST /creaciones%20antigravity/Estadias/SIGRAT/backend/api/index.php/hardware/recent-scans
Cuerpo: {"ant_id":"all"}
2026-07-08 19:05:01 - GET /creaciones%20antigravity/Estadias/SIGRAT/backend/api/index.php/hardware/antennas-status
Cuerpo: 
2026-07-08 19:05:03 - POST /creaciones%20antigravity/Estadias/SIGRAT/backend/api/index.php/hardware/recent-scans
Cuerpo: {"ant_id":"all"}
2026-07-08 19:05:03 - GET /creaciones%20antigravity/Estadias/SIGRAT/backend/api/index.php/hardware/antennas-status
Cuerpo: 
2026-07-08 19:05:05 - POST /creaciones%20antigravity/Estadias/SIGRAT/backend/api/index.php/hardware/recent-scans
Cuerpo: {"ant_id":"all"}
2026-07-08 19:05:05 - GET /creaciones%20antigravity/Estadias/SIGRAT/backend/api/index.php/hardware/antennas-status
Cuerpo: 
2026-07-08 19:05:07 - GET /creaciones%20antigravity/Estadias/SIGRAT/backend/api/index.php/hardware/antennas-status
Cuerpo: 
2026-07-08 19:05:07 - POST /creaciones%20antigravity/Estadias/SIGRAT/backend/api/index.php/hardware/recent-scans
Cuerpo: {"ant_id":"all"}
2026-07-08 19:05:09 - POST /creaciones%20antigravity/Estadias/SIGRAT/backend/api/index.php/hardware/recent-scans
Cuerpo: {"ant_id":"all"}
2026-07-08 19:05:09 - GET /creaciones%20antigravity/Estadias/SIGRAT/backend/api/index.php/hardware/antennas-status
Cuerpo: 
2026-07-08 19:05:11 - POST /creaciones%20antigravity/Estadias/SIGRAT/backend/api/index.php/hardware/recent-scans
Cuerpo: {"ant_id":"all"}
2026-07-08 19:05:11 - GET /creaciones%20antigravity/Estadias/SIGRAT/backend/api/index.php/hardware/antennas-status
Cuerpo: 
2026-07-08 19:05:13 - POST /creaciones%20antigravity/Estadias/SIGRAT/backend/api/index.php/hardware/recent-scans
Cuerpo: {"ant_id":"all"}
2026-07-08 19:05:13 - GET /creaciones%20antigravity/Estadias/SIGRAT/backend/api/index.php/hardware/antennas-status
Cuerpo: 
2026-07-08 19:05:15 - POST /creaciones%20antigravity/Estadias/SIGRAT/backend/api/index.php/hardware/recent-scans
Cuerpo: {"ant_id":"all"}
2026-07-08 19:05:15 - GET /creaciones%20antigravity/Estadias/SIGRAT/backend/api/index.php/hardware/antennas-status
Cuerpo: 
2026-07-08 19:05:17 - POST /creaciones%20antigravity/Estadias/SIGRAT/backend/api/index.php/hardware/recent-scans
Cuerpo: {"ant_id":"all"}
2026-07-08 19:05:18 - GET /creaciones%20antigravity/Estadias/SIGRAT/backend/api/index.php/hardware/antennas-status
Cuerpo: 
2026-07-08 19:05:19 - POST /creaciones%20antigravity/Estadias/SIGRAT/backend/api/index.php/hardware/recent-scans
Cuerpo: {"ant_id":"all"}
2026-07-08 19:05:19 - GET /creaciones%20antigravity/Estadias/SIGRAT/backend/api/index.php/hardware/antennas-status
Cuerpo: 
2026-07-08 19:05:21 - POST /creaciones%20antigravity/Estadias/SIGRAT/backend/api/index.php/hardware/recent-scans
Cuerpo: {"ant_id":"all"}
2026-07-08 19:05:21 - GET /creaciones%20antigravity/Estadias/SIGRAT/backend/api/index.php/hardware/antennas-status
Cuerpo: 
2026-07-08 19:05:23 - POST /creaciones%20antigravity/Estadias/SIGRAT/backend/api/index.php/hardware/recent-scans
Cuerpo: {"ant_id":"all"}
2026-07-08 19:05:23 - GET /creaciones%20antigravity/Estadias/SIGRAT/backend/api/index.php/hardware/antennas-status
Cuerpo: 
2026-07-08 19:05:25 - POST /creaciones%20antigravity/Estadias/SIGRAT/backend/api/index.php/hardware/recent-scans
Cuerpo: {"ant_id":"all"}
2026-07-08 19:05:25 - GET /creaciones%20antigravity/Estadias/SIGRAT/backend/api/index.php/hardware/antennas-status
Cuerpo: 
2026-07-08 19:05:27 - POST /creaciones%20antigravity/Estadias/SIGRAT/backend/api/index.php/hardware/recent-scans
Cuerpo: {"ant_id":"all"}
2026-07-08 19:05:27 - GET /creaciones%20antigravity/Estadias/SIGRAT/backend/api/index.php/hardware/antennas-status
Cuerpo: 
2026-07-08 19:05:29 - POST /creaciones%20antigravity/Estadias/SIGRAT/backend/api/index.php/hardware/recent-scans
Cuerpo: {"ant_id":"all"}
2026-07-08 19:05:29 - GET /creaciones%20antigravity/Estadias/SIGRAT/backend/api/index.php/hardware/antennas-status
Cuerpo: 
2026-07-08 19:05:31 - POST /creaciones%20antigravity/Estadias/SIGRAT/backend/api/index.php/hardware/recent-scans
Cuerpo: {"ant_id":"all"}
2026-07-08 19:05:31 - GET /creaciones%20antigravity/Estadias/SIGRAT/backend/api/index.php/hardware/antennas-status
Cuerpo: 
2026-07-08 19:05:33 - POST /creaciones%20antigravity/Estadias/SIGRAT/backend/api/index.php/hardware/recent-scans
Cuerpo: {"ant_id":"all"}
2026-07-08 19:05:33 - GET /creaciones%20antigravity/Estadias/SIGRAT/backend/api/index.php/hardware/antennas-status
Cuerpo: 
2026-07-08 19:05:35 - POST /creaciones%20antigravity/Estadias/SIGRAT/backend/api/index.php/hardware/recent-scans
Cuerpo: {"ant_id":"all"}
2026-07-08 19:05:35 - GET /creaciones%20antigravity/Estadias/SIGRAT/backend/api/index.php/hardware/antennas-status
Cuerpo: 
2026-07-08 19:05:37 - POST /creaciones%20antigravity/Estadias/SIGRAT/backend/api/index.php/hardware/recent-scans
Cuerpo: {"ant_id":"all"}
2026-07-08 19:05:37 - GET /creaciones%20antigravity/Estadias/SIGRAT/backend/api/index.php/hardware/antennas-status
Cuerpo: 
2026-07-08 19:05:39 - POST /creaciones%20antigravity/Estadias/SIGRAT/backend/api/index.php/hardware/recent-scans
Cuerpo: {"ant_id":"all"}
2026-07-08 19:05:39 - GET /creaciones%20antigravity/Estadias/SIGRAT/backend/api/index.php/hardware/antennas-status
Cuerpo: 
2026-07-08 19:05:41 - POST /creaciones%20antigravity/Estadias/SIGRAT/backend/api/index.php/hardware/recent-scans
Cuerpo: {"ant_id":"all"}
2026-07-08 19:05:41 - GET /creaciones%20antigravity/Estadias/SIGRAT/backend/api/index.php/hardware/antennas-status
Cuerpo: 
2026-07-08 19:05:43 - POST /creaciones%20antigravity/Estadias/SIGRAT/backend/api/index.php/hardware/recent-scans
Cuerpo: {"ant_id":"all"}
2026-07-08 19:05:43 - GET /creaciones%20antigravity/Estadias/SIGRAT/backend/api/index.php/hardware/antennas-status
Cuerpo: 
2026-07-08 19:05:45 - POST /creaciones%20antigravity/Estadias/SIGRAT/backend/api/index.php/hardware/recent-scans
Cuerpo: {"ant_id":"all"}
2026-07-08 19:05:45 - GET /creaciones%20antigravity/Estadias/SIGRAT/backend/api/index.php/hardware/antennas-status
Cuerpo: 
2026-07-08 19:05:47 - POST /creaciones%20antigravity/Estadias/SIGRAT/backend/api/index.php/hardware/recent-scans
Cuerpo: {"ant_id":"all"}
2026-07-08 19:05:47 - GET /creaciones%20antigravity/Estadias/SIGRAT/backend/api/index.php/hardware/antennas-status
Cuerpo: 
2026-07-08 19:05:49 - POST /creaciones%20antigravity/Estadias/SIGRAT/backend/api/index.php/hardware/recent-scans
Cuerpo: {"ant_id":"all"}
2026-07-08 19:05:49 - GET /creaciones%20antigravity/Estadias/SIGRAT/backend/api/index.php/hardware/antennas-status
Cuerpo: 
2026-07-08 19:05:51 - GET /creaciones%20antigravity/Estadias/SIGRAT/backend/api/index.php/hardware/antennas-status
Cuerpo: 
2026-07-08 19:05:51 - POST /creaciones%20antigravity/Estadias/SIGRAT/backend/api/index.php/hardware/recent-scans
Cuerpo: {"ant_id":"all"}
2026-07-08 19:05:53 - POST /creaciones%20antigravity/Estadias/SIGRAT/backend/api/index.php/hardware/recent-scans
Cuerpo: {"ant_id":"all"}
2026-07-08 19:05:53 - GET /creaciones%20antigravity/Estadias/SIGRAT/backend/api/index.php/hardware/antennas-status
Cuerpo: 
2026-07-08 19:05:55 - POST /creaciones%20antigravity/Estadias/SIGRAT/backend/api/index.php/hardware/recent-scans
Cuerpo: {"ant_id":"all"}
2026-07-08 19:05:55 - POST /creaciones%20antigravity/Estadias/SIGRAT/backend/api/index.php/notifications/check_expiring
Cuerpo: 
2026-07-08 19:05:56 - GET /creaciones%20antigravity/Estadias/SIGRAT/backend/api/index.php/hardware/antennas-status
Cuerpo: 
2026-07-08 19:05:56 - GET /creaciones%20antigravity/Estadias/SIGRAT/backend/api/index.php/notifications/all
Cuerpo: 
2026-07-08 19:05:57 - GET /creaciones%20antigravity/Estadias/SIGRAT/backend/api/index.php/hardware/antennas-status
Cuerpo: 
2026-07-08 19:05:58 - POST /creaciones%20antigravity/Estadias/SIGRAT/backend/api/index.php/hardware/recent-scans
Cuerpo: {"ant_id":"all"}
2026-07-08 19:05:59 - POST /creaciones%20antigravity/Estadias/SIGRAT/backend/api/index.php/hardware/recent-scans
Cuerpo: {"ant_id":"all"}
2026-07-08 19:05:59 - GET /creaciones%20antigravity/Estadias/SIGRAT/backend/api/index.php/hardware/antennas-status
Cuerpo: 
2026-07-08 19:06:01 - POST /creaciones%20antigravity/Estadias/SIGRAT/backend/api/index.php/hardware/recent-scans
Cuerpo: {"ant_id":"all"}
2026-07-08 19:06:01 - GET /creaciones%20antigravity/Estadias/SIGRAT/backend/api/index.php/hardware/antennas-status
Cuerpo: 
2026-07-08 19:06:03 - POST /creaciones%20antigravity/Estadias/SIGRAT/backend/api/index.php/hardware/recent-scans
Cuerpo: {"ant_id":"all"}
2026-07-08 19:06:03 - GET /creaciones%20antigravity/Estadias/SIGRAT/backend/api/index.php/hardware/antennas-status
Cuerpo: 
2026-07-08 19:06:05 - POST /creaciones%20antigravity/Estadias/SIGRAT/backend/api/index.php/hardware/recent-scans
Cuerpo: {"ant_id":"all"}
2026-07-08 19:06:05 - GET /creaciones%20antigravity/Estadias/SIGRAT/backend/api/index.php/hardware/antennas-status
Cuerpo: 
2026-07-08 19:06:07 - POST /creaciones%20antigravity/Estadias/SIGRAT/backend/api/index.php/hardware/recent-scans
Cuerpo: {"ant_id":"all"}
2026-07-08 19:06:07 - GET /creaciones%20antigravity/Estadias/SIGRAT/backend/api/index.php/hardware/antennas-status
Cuerpo: 
2026-07-08 19:06:09 - POST /creaciones%20antigravity/Estadias/SIGRAT/backend/api/index.php/hardware/recent-scans
Cuerpo: {"ant_id":"all"}
2026-07-08 19:06:09 - GET /creaciones%20antigravity/Estadias/SIGRAT/backend/api/index.php/hardware/antennas-status
Cuerpo: 
2026-07-08 19:06:11 - POST /creaciones%20antigravity/Estadias/SIGRAT/backend/api/index.php/hardware/recent-scans
Cuerpo: {"ant_id":"all"}
2026-07-08 19:06:12 - GET /creaciones%20antigravity/Estadias/SIGRAT/backend/api/index.php/hardware/antennas-status
Cuerpo: 
2026-07-08 19:06:13 - POST /creaciones%20antigravity/Estadias/SIGRAT/backend/api/index.php/hardware/recent-scans
Cuerpo: {"ant_id":"all"}
2026-07-08 19:06:13 - GET /creaciones%20antigravity/Estadias/SIGRAT/backend/api/index.php/hardware/antennas-status
Cuerpo: 
2026-07-08 19:06:15 - POST /creaciones%20antigravity/Estadias/SIGRAT/backend/api/index.php/hardware/recent-scans
Cuerpo: {"ant_id":"all"}
2026-07-08 19:06:15 - GET /creaciones%20antigravity/Estadias/SIGRAT/backend/api/index.php/hardware/antennas-status
Cuerpo: 
2026-07-08 19:06:17 - POST /creaciones%20antigravity/Estadias/SIGRAT/backend/api/index.php/hardware/recent-scans
Cuerpo: {"ant_id":"all"}
2026-07-08 19:06:17 - GET /creaciones%20antigravity/Estadias/SIGRAT/backend/api/index.php/hardware/antennas-status
Cuerpo: 
2026-07-08 19:06:19 - POST /creaciones%20antigravity/Estadias/SIGRAT/backend/api/index.php/hardware/recent-scans
Cuerpo: {"ant_id":"all"}
2026-07-08 19:06:19 - GET /creaciones%20antigravity/Estadias/SIGRAT/backend/api/index.php/hardware/antennas-status
Cuerpo: 
2026-07-08 19:06:21 - POST /creaciones%20antigravity/Estadias/SIGRAT/backend/api/index.php/hardware/recent-scans
Cuerpo: {"ant_id":"all"}
2026-07-08 19:06:21 - GET /creaciones%20antigravity/Estadias/SIGRAT/backend/api/index.php/hardware/antennas-status
Cuerpo: 
2026-07-08 19:06:23 - POST /creaciones%20antigravity/Estadias/SIGRAT/backend/api/index.php/hardware/recent-scans
Cuerpo: {"ant_id":"all"}
2026-07-08 19:06:23 - GET /creaciones%20antigravity/Estadias/SIGRAT/backend/api/index.php/hardware/antennas-status
Cuerpo: 
2026-07-08 19:06:25 - POST /creaciones%20antigravity/Estadias/SIGRAT/backend/api/index.php/hardware/recent-scans
Cuerpo: {"ant_id":"all"}
2026-07-08 19:06:25 - GET /creaciones%20antigravity/Estadias/SIGRAT/backend/api/index.php/hardware/antennas-status
Cuerpo: 
2026-07-08 19:06:27 - GET /creaciones%20antigravity/Estadias/SIGRAT/backend/api/index.php/hardware/antennas-status
Cuerpo: 
2026-07-08 19:06:27 - POST /creaciones%20antigravity/Estadias/SIGRAT/backend/api/index.php/hardware/recent-scans
Cuerpo: {"ant_id":"all"}
2026-07-08 19:06:29 - POST /creaciones%20antigravity/Estadias/SIGRAT/backend/api/index.php/hardware/recent-scans
Cuerpo: {"ant_id":"all"}
2026-07-08 19:06:29 - GET /creaciones%20antigravity/Estadias/SIGRAT/backend/api/index.php/hardware/antennas-status
Cuerpo: 
2026-07-08 19:06:31 - POST /creaciones%20antigravity/Estadias/SIGRAT/backend/api/index.php/hardware/recent-scans
Cuerpo: {"ant_id":"all"}
2026-07-08 19:06:31 - GET /creaciones%20antigravity/Estadias/SIGRAT/backend/api/index.php/hardware/antennas-status
Cuerpo: 
2026-07-08 19:06:33 - POST /creaciones%20antigravity/Estadias/SIGRAT/backend/api/index.php/hardware/recent-scans
Cuerpo: {"ant_id":"all"}
2026-07-08 19:06:33 - GET /creaciones%20antigravity/Estadias/SIGRAT/backend/api/index.php/hardware/antennas-status
Cuerpo: 
2026-07-08 19:06:35 - POST /creaciones%20antigravity/Estadias/SIGRAT/backend/api/index.php/hardware/recent-scans
Cuerpo: {"ant_id":"all"}
2026-07-08 19:06:35 - GET /creaciones%20antigravity/Estadias/SIGRAT/backend/api/index.php/hardware/antennas-status
Cuerpo: 
2026-07-08 19:06:37 - POST /creaciones%20antigravity/Estadias/SIGRAT/backend/api/index.php/hardware/recent-scans
Cuerpo: {"ant_id":"all"}
2026-07-08 19:06:37 - GET /creaciones%20antigravity/Estadias/SIGRAT/backend/api/index.php/hardware/antennas-status
Cuerpo: 
2026-07-08 19:06:39 - POST /creaciones%20antigravity/Estadias/SIGRAT/backend/api/index.php/hardware/recent-scans
Cuerpo: {"ant_id":"all"}
2026-07-08 19:06:39 - GET /creaciones%20antigravity/Estadias/SIGRAT/backend/api/index.php/hardware/antennas-status
Cuerpo: 
2026-07-08 19:06:41 - POST /creaciones%20antigravity/Estadias/SIGRAT/backend/api/index.php/hardware/recent-scans
Cuerpo: {"ant_id":"all"}
2026-07-08 19:06:41 - GET /creaciones%20antigravity/Estadias/SIGRAT/backend/api/index.php/hardware/antennas-status
Cuerpo: 
2026-07-08 19:06:43 - POST /creaciones%20antigravity/Estadias/SIGRAT/backend/api/index.php/hardware/recent-scans
Cuerpo: {"ant_id":"all"}
2026-07-08 19:06:43 - GET /creaciones%20antigravity/Estadias/SIGRAT/backend/api/index.php/hardware/antennas-status
Cuerpo: 
2026-07-08 19:06:45 - POST /creaciones%20antigravity/Estadias/SIGRAT/backend/api/index.php/hardware/recent-scans
Cuerpo: {"ant_id":"all"}
2026-07-08 19:06:45 - GET /creaciones%20antigravity/Estadias/SIGRAT/backend/api/index.php/hardware/antennas-status
Cuerpo: 
2026-07-08 19:06:47 - POST /creaciones%20antigravity/Estadias/SIGRAT/backend/api/index.php/hardware/recent-scans
Cuerpo: {"ant_id":"all"}
2026-07-08 19:06:47 - GET /creaciones%20antigravity/Estadias/SIGRAT/backend/api/index.php/hardware/antennas-status
Cuerpo: 
2026-07-08 19:06:49 - POST /creaciones%20antigravity/Estadias/SIGRAT/backend/api/index.php/hardware/recent-scans
Cuerpo: {"ant_id":"all"}
2026-07-08 19:06:49 - GET /creaciones%20antigravity/Estadias/SIGRAT/backend/api/index.php/hardware/antennas-status
Cuerpo: 
2026-07-08 19:06:51 - POST /creaciones%20antigravity/Estadias/SIGRAT/backend/api/index.php/hardware/recent-scans
Cuerpo: {"ant_id":"all"}
2026-07-08 19:06:51 - GET /creaciones%20antigravity/Estadias/SIGRAT/backend/api/index.php/hardware/antennas-status
Cuerpo: 
2026-07-08 19:06:53 - POST /creaciones%20antigravity/Estadias/SIGRAT/backend/api/index.php/hardware/recent-scans
Cuerpo: {"ant_id":"all"}
2026-07-08 19:06:53 - GET /creaciones%20antigravity/Estadias/SIGRAT/backend/api/index.php/hardware/antennas-status
Cuerpo: 
2026-07-08 19:06:55 - POST /creaciones%20antigravity/Estadias/SIGRAT/backend/api/index.php/hardware/recent-scans
Cuerpo: {"ant_id":"all"}
2026-07-08 19:06:55 - GET /creaciones%20antigravity/Estadias/SIGRAT/backend/api/index.php/hardware/antennas-status
Cuerpo: 
2026-07-08 19:06:56 - POST /creaciones%20antigravity/Estadias/SIGRAT/backend/api/index.php/notifications/check_expiring
Cuerpo: 
2026-07-08 19:06:56 - GET /creaciones%20antigravity/Estadias/SIGRAT/backend/api/index.php/notifications/all
Cuerpo: 
2026-07-08 19:06:57 - POST /creaciones%20antigravity/Estadias/SIGRAT/backend/api/index.php/hardware/recent-scans
Cuerpo: {"ant_id":"all"}
2026-07-08 19:06:58 - GET /creaciones%20antigravity/Estadias/SIGRAT/backend/api/index.php/hardware/antennas-status
Cuerpo: 
2026-07-08 19:06:59 - POST /creaciones%20antigravity/Estadias/SIGRAT/backend/api/index.php/hardware/recent-scans
Cuerpo: {"ant_id":"all"}
2026-07-08 19:06:59 - GET /creaciones%20antigravity/Estadias/SIGRAT/backend/api/index.php/hardware/antennas-status
Cuerpo: 
2026-07-08 19:07:01 - POST /creaciones%20antigravity/Estadias/SIGRAT/backend/api/index.php/hardware/recent-scans
Cuerpo: {"ant_id":"all"}
2026-07-08 19:07:01 - GET /creaciones%20antigravity/Estadias/SIGRAT/backend/api/index.php/hardware/antennas-status
Cuerpo: 
2026-07-08 19:07:03 - POST /creaciones%20antigravity/Estadias/SIGRAT/backend/api/index.php/hardware/recent-scans
Cuerpo: {"ant_id":"all"}
2026-07-08 19:07:03 - GET /creaciones%20antigravity/Estadias/SIGRAT/backend/api/index.php/hardware/antennas-status
Cuerpo: 
2026-07-08 19:07:05 - POST /creaciones%20antigravity/Estadias/SIGRAT/backend/api/index.php/hardware/recent-scans
Cuerpo: {"ant_id":"all"}
2026-07-08 19:07:06 - GET /creaciones%20antigravity/Estadias/SIGRAT/backend/api/index.php/hardware/antennas-status
Cuerpo: 
2026-07-08 19:07:07 - POST /creaciones%20antigravity/Estadias/SIGRAT/backend/api/index.php/hardware/recent-scans
Cuerpo: {"ant_id":"all"}
2026-07-08 19:07:07 - GET /creaciones%20antigravity/Estadias/SIGRAT/backend/api/index.php/hardware/antennas-status
Cuerpo: 
2026-07-08 19:07:09 - POST /creaciones%20antigravity/Estadias/SIGRAT/backend/api/index.php/hardware/recent-scans
Cuerpo: {"ant_id":"all"}
2026-07-08 19:07:09 - GET /creaciones%20antigravity/Estadias/SIGRAT/backend/api/index.php/hardware/antennas-status
Cuerpo: 
2026-07-08 19:07:11 - POST /creaciones%20antigravity/Estadias/SIGRAT/backend/api/index.php/hardware/recent-scans
Cuerpo: {"ant_id":"all"}
2026-07-08 19:07:11 - GET /creaciones%20antigravity/Estadias/SIGRAT/backend/api/index.php/hardware/antennas-status
Cuerpo: 
2026-07-08 19:07:13 - POST /creaciones%20antigravity/Estadias/SIGRAT/backend/api/index.php/hardware/recent-scans
Cuerpo: {"ant_id":"all"}
2026-07-08 19:07:13 - GET /creaciones%20antigravity/Estadias/SIGRAT/backend/api/index.php/hardware/antennas-status
Cuerpo: 
2026-07-08 19:07:15 - POST /creaciones%20antigravity/Estadias/SIGRAT/backend/api/index.php/hardware/recent-scans
Cuerpo: {"ant_id":"all"}
2026-07-08 19:07:15 - GET /creaciones%20antigravity/Estadias/SIGRAT/backend/api/index.php/hardware/antennas-status
Cuerpo: 
2026-07-08 19:07:17 - POST /creaciones%20antigravity/Estadias/SIGRAT/backend/api/index.php/hardware/recent-scans
Cuerpo: {"ant_id":"all"}
2026-07-08 19:07:17 - GET /creaciones%20antigravity/Estadias/SIGRAT/backend/api/index.php/hardware/antennas-status
Cuerpo: 
2026-07-08 19:07:19 - POST /creaciones%20antigravity/Estadias/SIGRAT/backend/api/index.php/hardware/recent-scans
Cuerpo: {"ant_id":"all"}
2026-07-08 19:07:19 - GET /creaciones%20antigravity/Estadias/SIGRAT/backend/api/index.php/hardware/antennas-status
Cuerpo: 
2026-07-08 19:07:21 - POST /creaciones%20antigravity/Estadias/SIGRAT/backend/api/index.php/hardware/recent-scans
Cuerpo: {"ant_id":"all"}
2026-07-08 19:07:21 - GET /creaciones%20antigravity/Estadias/SIGRAT/backend/api/index.php/hardware/antennas-status
Cuerpo: 
2026-07-08 19:07:23 - POST /creaciones%20antigravity/Estadias/SIGRAT/backend/api/index.php/hardware/recent-scans
Cuerpo: {"ant_id":"all"}
2026-07-08 19:07:23 - GET /creaciones%20antigravity/Estadias/SIGRAT/backend/api/index.php/hardware/antennas-status
Cuerpo: 
2026-07-08 19:07:25 - POST /creaciones%20antigravity/Estadias/SIGRAT/backend/api/index.php/hardware/recent-scans
Cuerpo: {"ant_id":"all"}
2026-07-08 19:07:25 - GET /creaciones%20antigravity/Estadias/SIGRAT/backend/api/index.php/hardware/antennas-status
Cuerpo: 
2026-07-08 19:07:27 - POST /creaciones%20antigravity/Estadias/SIGRAT/backend/api/index.php/hardware/recent-scans
Cuerpo: {"ant_id":"all"}
2026-07-08 19:07:27 - GET /creaciones%20antigravity/Estadias/SIGRAT/backend/api/index.php/hardware/antennas-status
Cuerpo: 
2026-07-08 19:07:29 - POST /creaciones%20antigravity/Estadias/SIGRAT/backend/api/index.php/hardware/recent-scans
Cuerpo: {"ant_id":"all"}
2026-07-08 19:07:29 - GET /creaciones%20antigravity/Estadias/SIGRAT/backend/api/index.php/hardware/antennas-status
Cuerpo: 
2026-07-08 19:07:31 - POST /creaciones%20antigravity/Estadias/SIGRAT/backend/api/index.php/hardware/recent-scans
Cuerpo: {"ant_id":"all"}
2026-07-08 19:07:31 - GET /creaciones%20antigravity/Estadias/SIGRAT/backend/api/index.php/hardware/antennas-status
Cuerpo: 
2026-07-08 19:07:33 - POST /creaciones%20antigravity/Estadias/SIGRAT/backend/api/index.php/hardware/recent-scans
Cuerpo: {"ant_id":"all"}
2026-07-08 19:07:33 - GET /creaciones%20antigravity/Estadias/SIGRAT/backend/api/index.php/hardware/antennas-status
Cuerpo: 
2026-07-08 19:07:35 - POST /creaciones%20antigravity/Estadias/SIGRAT/backend/api/index.php/hardware/recent-scans
Cuerpo: {"ant_id":"all"}
2026-07-08 19:07:35 - GET /creaciones%20antigravity/Estadias/SIGRAT/backend/api/index.php/hardware/antennas-status
Cuerpo: 
2026-07-08 19:07:37 - POST /creaciones%20antigravity/Estadias/SIGRAT/backend/api/index.php/hardware/recent-scans
Cuerpo: {"ant_id":"all"}
2026-07-08 19:07:37 - GET /creaciones%20antigravity/Estadias/SIGRAT/backend/api/index.php/hardware/antennas-status
Cuerpo: 
2026-07-08 19:07:39 - POST /creaciones%20antigravity/Estadias/SIGRAT/backend/api/index.php/hardware/recent-scans
Cuerpo: {"ant_id":"all"}
2026-07-08 19:07:39 - GET /creaciones%20antigravity/Estadias/SIGRAT/backend/api/index.php/hardware/antennas-status
Cuerpo: 
2026-07-08 19:07:41 - POST /creaciones%20antigravity/Estadias/SIGRAT/backend/api/index.php/hardware/recent-scans
Cuerpo: {"ant_id":"all"}
2026-07-08 19:07:41 - GET /creaciones%20antigravity/Estadias/SIGRAT/backend/api/index.php/hardware/antennas-status
Cuerpo: 
2026-07-08 19:07:43 - POST /creaciones%20antigravity/Estadias/SIGRAT/backend/api/index.php/hardware/recent-scans
Cuerpo: {"ant_id":"all"}
2026-07-08 19:07:43 - GET /creaciones%20antigravity/Estadias/SIGRAT/backend/api/index.php/hardware/antennas-status
Cuerpo: 
2026-07-08 19:07:45 - POST /creaciones%20antigravity/Estadias/SIGRAT/backend/api/index.php/hardware/recent-scans
Cuerpo: {"ant_id":"all"}
2026-07-08 19:07:45 - GET /creaciones%20antigravity/Estadias/SIGRAT/backend/api/index.php/hardware/antennas-status
Cuerpo: 
2026-07-08 19:07:47 - POST /creaciones%20antigravity/Estadias/SIGRAT/backend/api/index.php/hardware/recent-scans
Cuerpo: {"ant_id":"all"}
2026-07-08 19:07:47 - GET /creaciones%20antigravity/Estadias/SIGRAT/backend/api/index.php/hardware/antennas-status
Cuerpo: 
2026-07-08 19:07:49 - POST /creaciones%20antigravity/Estadias/SIGRAT/backend/api/index.php/hardware/recent-scans
Cuerpo: {"ant_id":"all"}
2026-07-08 19:07:49 - GET /creaciones%20antigravity/Estadias/SIGRAT/backend/api/index.php/hardware/antennas-status
Cuerpo: 
2026-07-08 19:07:51 - POST /creaciones%20antigravity/Estadias/SIGRAT/backend/api/index.php/hardware/recent-scans
Cuerpo: {"ant_id":"all"}
2026-07-08 19:07:51 - GET /creaciones%20antigravity/Estadias/SIGRAT/backend/api/index.php/hardware/antennas-status
Cuerpo: 
2026-07-08 19:07:53 - POST /creaciones%20antigravity/Estadias/SIGRAT/backend/api/index.php/hardware/recent-scans
Cuerpo: {"ant_id":"all"}
2026-07-08 19:07:53 - GET /creaciones%20antigravity/Estadias/SIGRAT/backend/api/index.php/hardware/antennas-status
Cuerpo: 
2026-07-08 19:07:55 - POST /creaciones%20antigravity/Estadias/SIGRAT/backend/api/index.php/hardware/recent-scans
Cuerpo: {"ant_id":"all"}
2026-07-08 19:07:55 - GET /creaciones%20antigravity/Estadias/SIGRAT/backend/api/index.php/hardware/antennas-status
Cuerpo: 
2026-07-08 19:07:56 - POST /creaciones%20antigravity/Estadias/SIGRAT/backend/api/index.php/notifications/check_expiring
Cuerpo: 
2026-07-08 19:07:56 - GET /creaciones%20antigravity/Estadias/SIGRAT/backend/api/index.php/notifications/all
Cuerpo: 
2026-07-08 19:07:57 - POST /creaciones%20antigravity/Estadias/SIGRAT/backend/api/index.php/hardware/recent-scans
Cuerpo: {"ant_id":"all"}
2026-07-08 19:07:57 - GET /creaciones%20antigravity/Estadias/SIGRAT/backend/api/index.php/hardware/antennas-status
Cuerpo: 
2026-07-08 19:07:59 - POST /creaciones%20antigravity/Estadias/SIGRAT/backend/api/index.php/hardware/recent-scans
Cuerpo: {"ant_id":"all"}
2026-07-08 19:07:59 - GET /creaciones%20antigravity/Estadias/SIGRAT/backend/api/index.php/hardware/antennas-status
Cuerpo: 
2026-07-08 19:08:01 - POST /creaciones%20antigravity/Estadias/SIGRAT/backend/api/index.php/hardware/recent-scans
Cuerpo: {"ant_id":"all"}
2026-07-08 19:08:01 - GET /creaciones%20antigravity/Estadias/SIGRAT/backend/api/index.php/hardware/antennas-status
Cuerpo: 
2026-07-08 19:08:03 - POST /creaciones%20antigravity/Estadias/SIGRAT/backend/api/index.php/hardware/recent-scans
Cuerpo: {"ant_id":"all"}
2026-07-08 19:08:03 - GET /creaciones%20antigravity/Estadias/SIGRAT/backend/api/index.php/hardware/antennas-status
Cuerpo: 
2026-07-08 19:08:05 - POST /creaciones%20antigravity/Estadias/SIGRAT/backend/api/index.php/hardware/recent-scans
Cuerpo: {"ant_id":"all"}
2026-07-08 19:08:05 - GET /creaciones%20antigravity/Estadias/SIGRAT/backend/api/index.php/hardware/antennas-status
Cuerpo: 
2026-07-08 19:08:07 - POST /creaciones%20antigravity/Estadias/SIGRAT/backend/api/index.php/hardware/recent-scans
Cuerpo: {"ant_id":"all"}
2026-07-08 19:08:07 - GET /creaciones%20antigravity/Estadias/SIGRAT/backend/api/index.php/hardware/antennas-status
Cuerpo: 
2026-07-08 19:08:09 - POST /creaciones%20antigravity/Estadias/SIGRAT/backend/api/index.php/hardware/recent-scans
Cuerpo: {"ant_id":"all"}
2026-07-08 19:08:09 - GET /creaciones%20antigravity/Estadias/SIGRAT/backend/api/index.php/hardware/antennas-status
Cuerpo: 
2026-07-08 19:08:11 - POST /creaciones%20antigravity/Estadias/SIGRAT/backend/api/index.php/hardware/recent-scans
Cuerpo: {"ant_id":"all"}
2026-07-08 19:08:11 - GET /creaciones%20antigravity/Estadias/SIGRAT/backend/api/index.php/hardware/antennas-status
Cuerpo: 
2026-07-08 19:08:13 - POST /creaciones%20antigravity/Estadias/SIGRAT/backend/api/index.php/hardware/recent-scans
Cuerpo: {"ant_id":"all"}
2026-07-08 19:08:13 - GET /creaciones%20antigravity/Estadias/SIGRAT/backend/api/index.php/hardware/antennas-status
Cuerpo: 
2026-07-08 19:08:15 - POST /creaciones%20antigravity/Estadias/SIGRAT/backend/api/index.php/hardware/recent-scans
Cuerpo: {"ant_id":"all"}
2026-07-08 19:08:20 - GET /creaciones%20antigravity/Estadias/SIGRAT/backend/api/index.php/hardware/antennas-status
Cuerpo: 
2026-07-08 19:08:20 - POST /creaciones%20antigravity/Estadias/SIGRAT/backend/api/index.php/hardware/recent-scans
Cuerpo: {"ant_id":"all"}
2026-07-08 19:08:21 - POST /creaciones%20antigravity/Estadias/SIGRAT/backend/api/index.php/hardware/recent-scans
Cuerpo: {"ant_id":"all"}
2026-07-08 19:08:22 - GET /creaciones%20antigravity/Estadias/SIGRAT/backend/api/index.php/hardware/antennas-status
Cuerpo: 
2026-07-08 19:08:22 - POST /creaciones%20antigravity/Estadias/SIGRAT/backend/api/index.php/hardware/recent-scans
Cuerpo: {"ant_id":"all"}
2026-07-08 19:08:23 - GET /creaciones%20antigravity/Estadias/SIGRAT/backend/api/index.php/hardware/antennas-status
Cuerpo: 
2026-07-08 19:08:23 - POST /creaciones%20antigravity/Estadias/SIGRAT/backend/api/index.php/hardware/recent-scans
Cuerpo: {"ant_id":"all"}
2026-07-08 19:08:24 - GET /creaciones%20antigravity/Estadias/SIGRAT/backend/api/index.php/hardware/antennas-status
Cuerpo: 
2026-07-08 19:08:25 - POST /creaciones%20antigravity/Estadias/SIGRAT/backend/api/index.php/hardware/recent-scans
Cuerpo: {"ant_id":"all"}
2026-07-08 19:08:25 - GET /creaciones%20antigravity/Estadias/SIGRAT/backend/api/index.php/hardware/antennas-status
Cuerpo: 
2026-07-08 19:08:26 - GET /creaciones%20antigravity/Estadias/SIGRAT/backend/api/index.php/hardware/antennas-status
Cuerpo: 
2026-07-08 19:08:27 - POST /creaciones%20antigravity/Estadias/SIGRAT/backend/api/index.php/hardware/recent-scans
Cuerpo: {"ant_id":"all"}
2026-07-08 19:08:27 - GET /creaciones%20antigravity/Estadias/SIGRAT/backend/api/index.php/hardware/antennas-status
Cuerpo: 
2026-07-08 19:08:29 - POST /creaciones%20antigravity/Estadias/SIGRAT/backend/api/index.php/hardware/recent-scans
Cuerpo: {"ant_id":"all"}
2026-07-08 19:08:29 - GET /creaciones%20antigravity/Estadias/SIGRAT/backend/api/index.php/hardware/antennas-status
Cuerpo: 
2026-07-08 19:08:31 - POST /creaciones%20antigravity/Estadias/SIGRAT/backend/api/index.php/hardware/recent-scans
Cuerpo: {"ant_id":"all"}
2026-07-08 19:08:31 - GET /creaciones%20antigravity/Estadias/SIGRAT/backend/api/index.php/hardware/antennas-status
Cuerpo: 
2026-07-08 19:08:33 - POST /creaciones%20antigravity/Estadias/SIGRAT/backend/api/index.php/hardware/recent-scans
Cuerpo: {"ant_id":"all"}
2026-07-08 19:08:34 - GET /creaciones%20antigravity/Estadias/SIGRAT/backend/api/index.php/hardware/antennas-status
Cuerpo: 
2026-07-08 19:08:35 - POST /creaciones%20antigravity/Estadias/SIGRAT/backend/api/index.php/hardware/recent-scans
Cuerpo: {"ant_id":"all"}
2026-07-08 19:08:36 - GET /creaciones%20antigravity/Estadias/SIGRAT/backend/api/index.php/hardware/antennas-status
Cuerpo: 
2026-07-08 19:08:37 - POST /creaciones%20antigravity/Estadias/SIGRAT/backend/api/index.php/hardware/recent-scans
Cuerpo: {"ant_id":"all"}
2026-07-08 19:08:38 - GET /creaciones%20antigravity/Estadias/SIGRAT/backend/api/index.php/hardware/antennas-status
Cuerpo: 
2026-07-08 19:08:40 - POST /creaciones%20antigravity/Estadias/SIGRAT/backend/api/index.php/hardware/recent-scans
Cuerpo: {"ant_id":"all"}
2026-07-08 19:08:41 - GET /creaciones%20antigravity/Estadias/SIGRAT/backend/api/index.php/hardware/antennas-status
Cuerpo: 
2026-07-08 19:08:42 - POST /creaciones%20antigravity/Estadias/SIGRAT/backend/api/index.php/hardware/recent-scans
Cuerpo: {"ant_id":"all"}
2026-07-08 19:08:43 - GET /creaciones%20antigravity/Estadias/SIGRAT/backend/api/index.php/hardware/antennas-status
Cuerpo: 
2026-07-08 19:08:44 - POST /creaciones%20antigravity/Estadias/SIGRAT/backend/api/index.php/hardware/recent-scans
Cuerpo: {"ant_id":"all"}
2026-07-08 19:08:44 - GET /creaciones%20antigravity/Estadias/SIGRAT/backend/api/index.php/hardware/antennas-status
Cuerpo: 
2026-07-08 19:08:46 - POST /creaciones%20antigravity/Estadias/SIGRAT/backend/api/index.php/hardware/recent-scans
Cuerpo: {"ant_id":"all"}
2026-07-08 19:08:46 - GET /creaciones%20antigravity/Estadias/SIGRAT/backend/api/index.php/hardware/antennas-status
Cuerpo: 
2026-07-08 19:08:47 - POST /creaciones%20antigravity/Estadias/SIGRAT/backend/api/index.php/hardware/recent-scans
Cuerpo: {"ant_id":"all"}
2026-07-08 19:08:48 - GET /creaciones%20antigravity/Estadias/SIGRAT/backend/api/index.php/hardware/antennas-status
Cuerpo: 
2026-07-08 19:08:49 - POST /creaciones%20antigravity/Estadias/SIGRAT/backend/api/index.php/hardware/recent-scans
Cuerpo: {"ant_id":"all"}
2026-07-08 19:08:49 - GET /creaciones%20antigravity/Estadias/SIGRAT/backend/api/index.php/hardware/antennas-status
Cuerpo: 
2026-07-08 19:08:51 - POST /creaciones%20antigravity/Estadias/SIGRAT/backend/api/index.php/hardware/recent-scans
Cuerpo: {"ant_id":"all"}
2026-07-08 19:08:51 - GET /creaciones%20antigravity/Estadias/SIGRAT/backend/api/index.php/hardware/antennas-status
Cuerpo: 
2026-07-08 19:08:53 - POST /creaciones%20antigravity/Estadias/SIGRAT/backend/api/index.php/hardware/recent-scans
Cuerpo: {"ant_id":"all"}
2026-07-08 19:08:54 - GET /creaciones%20antigravity/Estadias/SIGRAT/backend/api/index.php/hardware/antennas-status
Cuerpo: 
2026-07-08 19:08:55 - POST /creaciones%20antigravity/Estadias/SIGRAT/backend/api/index.php/hardware/recent-scans
Cuerpo: {"ant_id":"all"}
2026-07-08 19:08:55 - POST /creaciones%20antigravity/Estadias/SIGRAT/backend/api/index.php/notifications/check_expiring
Cuerpo: 
2026-07-08 19:08:56 - GET /creaciones%20antigravity/Estadias/SIGRAT/backend/api/index.php/hardware/antennas-status
Cuerpo: 
2026-07-08 19:08:58 - GET /creaciones%20antigravity/Estadias/SIGRAT/backend/api/index.php/notifications/all
Cuerpo: 
2026-07-08 19:08:59 - POST /creaciones%20antigravity/Estadias/SIGRAT/backend/api/index.php/hardware/recent-scans
Cuerpo: {"ant_id":"all"}
2026-07-08 19:09:00 - GET /creaciones%20antigravity/Estadias/SIGRAT/backend/api/index.php/hardware/antennas-status
Cuerpo: 
2026-07-08 19:09:01 - POST /creaciones%20antigravity/Estadias/SIGRAT/backend/api/index.php/hardware/recent-scans
Cuerpo: {"ant_id":"all"}
2026-07-08 19:09:06 - POST /creaciones%20antigravity/Estadias/SIGRAT/backend/api/index.php/hardware/recent-scans
Cuerpo: {"ant_id":"all"}
2026-07-08 19:09:07 - GET /creaciones%20antigravity/Estadias/SIGRAT/backend/api/index.php/hardware/antennas-status
Cuerpo: 
2026-07-08 19:09:08 - POST /creaciones%20antigravity/Estadias/SIGRAT/backend/api/index.php/hardware/recent-scans
Cuerpo: {"ant_id":"all"}
2026-07-08 19:09:08 - POST /creaciones%20antigravity/Estadias/SIGRAT/backend/api/index.php/hardware/recent-scans
Cuerpo: {"ant_id":"all"}
2026-07-08 19:09:09 - POST /creaciones%20antigravity/Estadias/SIGRAT/backend/api/index.php/hardware/recent-scans
Cuerpo: {"ant_id":"all"}
2026-07-08 19:09:09 - GET /creaciones%20antigravity/Estadias/SIGRAT/backend/api/index.php/hardware/antennas-status
Cuerpo: 
2026-07-08 19:09:10 - POST /creaciones%20antigravity/Estadias/SIGRAT/backend/api/index.php/hardware/recent-scans
Cuerpo: {"ant_id":"all"}
2026-07-08 19:09:11 - GET /creaciones%20antigravity/Estadias/SIGRAT/backend/api/index.php/hardware/antennas-status
Cuerpo: 
2026-07-08 19:09:11 - GET /creaciones%20antigravity/Estadias/SIGRAT/backend/api/index.php/hardware/antennas-status
Cuerpo: 
2026-07-08 19:09:12 - GET /creaciones%20antigravity/Estadias/SIGRAT/backend/api/index.php/hardware/antennas-status
Cuerpo: 
2026-07-08 19:09:12 - POST /creaciones%20antigravity/Estadias/SIGRAT/backend/api/index.php/hardware/recent-scans
Cuerpo: {"ant_id":"all"}
2026-07-08 19:09:13 - GET /creaciones%20antigravity/Estadias/SIGRAT/backend/api/index.php/hardware/antennas-status
Cuerpo: 
2026-07-08 19:09:14 - POST /creaciones%20antigravity/Estadias/SIGRAT/backend/api/index.php/hardware/recent-scans
Cuerpo: {"ant_id":"all"}
2026-07-08 19:09:14 - GET /creaciones%20antigravity/Estadias/SIGRAT/backend/api/index.php/hardware/antennas-status
Cuerpo: 
2026-07-08 19:09:15 - POST /creaciones%20antigravity/Estadias/SIGRAT/backend/api/index.php/hardware/recent-scans
Cuerpo: {"ant_id":"all"}
2026-07-08 19:09:15 - GET /creaciones%20antigravity/Estadias/SIGRAT/backend/api/index.php/hardware/antennas-status
Cuerpo: 
2026-07-08 19:09:16 - GET /creaciones%20antigravity/Estadias/SIGRAT/backend/api/index.php/hardware/antennas-status
Cuerpo: 
2026-07-08 19:09:17 - POST /creaciones%20antigravity/Estadias/SIGRAT/backend/api/index.php/hardware/recent-scans
Cuerpo: {"ant_id":"all"}
2026-07-08 19:09:17 - GET /creaciones%20antigravity/Estadias/SIGRAT/backend/api/index.php/hardware/antennas-status
Cuerpo: 
2026-07-08 19:09:19 - POST /creaciones%20antigravity/Estadias/SIGRAT/backend/api/index.php/hardware/recent-scans
Cuerpo: {"ant_id":"all"}
2026-07-08 19:09:19 - GET /creaciones%20antigravity/Estadias/SIGRAT/backend/api/index.php/hardware/antennas-status
Cuerpo: 
2026-07-08 19:09:21 - POST /creaciones%20antigravity/Estadias/SIGRAT/backend/api/index.php/hardware/recent-scans
Cuerpo: {"ant_id":"all"}
2026-07-08 19:09:21 - GET /creaciones%20antigravity/Estadias/SIGRAT/backend/api/index.php/hardware/antennas-status
Cuerpo: 
2026-07-08 19:09:23 - POST /creaciones%20antigravity/Estadias/SIGRAT/backend/api/index.php/hardware/recent-scans
Cuerpo: {"ant_id":"all"}
2026-07-08 19:09:23 - GET /creaciones%20antigravity/Estadias/SIGRAT/backend/api/index.php/hardware/antennas-status
Cuerpo: 
2026-07-08 19:09:25 - POST /creaciones%20antigravity/Estadias/SIGRAT/backend/api/index.php/hardware/recent-scans
Cuerpo: {"ant_id":"all"}
2026-07-08 19:09:25 - GET /creaciones%20antigravity/Estadias/SIGRAT/backend/api/index.php/hardware/antennas-status
Cuerpo: 
2026-07-08 19:09:27 - POST /creaciones%20antigravity/Estadias/SIGRAT/backend/api/index.php/hardware/recent-scans
Cuerpo: {"ant_id":"all"}
2026-07-08 19:09:27 - GET /creaciones%20antigravity/Estadias/SIGRAT/backend/api/index.php/hardware/antennas-status
Cuerpo: 
2026-07-08 19:09:29 - POST /creaciones%20antigravity/Estadias/SIGRAT/backend/api/index.php/hardware/recent-scans
Cuerpo: {"ant_id":"all"}
2026-07-08 19:09:29 - GET /creaciones%20antigravity/Estadias/SIGRAT/backend/api/index.php/hardware/antennas-status
Cuerpo: 
2026-07-08 19:09:31 - POST /creaciones%20antigravity/Estadias/SIGRAT/backend/api/index.php/hardware/recent-scans
Cuerpo: {"ant_id":"all"}
2026-07-08 19:09:31 - GET /creaciones%20antigravity/Estadias/SIGRAT/backend/api/index.php/hardware/antennas-status
Cuerpo: 
2026-07-08 19:09:33 - POST /creaciones%20antigravity/Estadias/SIGRAT/backend/api/index.php/hardware/recent-scans
Cuerpo: {"ant_id":"all"}
2026-07-08 19:09:33 - GET /creaciones%20antigravity/Estadias/SIGRAT/backend/api/index.php/hardware/antennas-status
Cuerpo: 
2026-07-08 19:09:35 - POST /creaciones%20antigravity/Estadias/SIGRAT/backend/api/index.php/hardware/recent-scans
Cuerpo: {"ant_id":"all"}
2026-07-08 19:09:35 - GET /creaciones%20antigravity/Estadias/SIGRAT/backend/api/index.php/hardware/antennas-status
Cuerpo: 
2026-07-08 19:09:37 - POST /creaciones%20antigravity/Estadias/SIGRAT/backend/api/index.php/hardware/recent-scans
Cuerpo: {"ant_id":"all"}
2026-07-08 19:09:37 - GET /creaciones%20antigravity/Estadias/SIGRAT/backend/api/index.php/hardware/antennas-status
Cuerpo: 
2026-07-08 19:09:39 - POST /creaciones%20antigravity/Estadias/SIGRAT/backend/api/index.php/hardware/recent-scans
Cuerpo: {"ant_id":"all"}
2026-07-08 19:09:39 - GET /creaciones%20antigravity/Estadias/SIGRAT/backend/api/index.php/hardware/antennas-status
Cuerpo: 
2026-07-08 19:09:41 - POST /creaciones%20antigravity/Estadias/SIGRAT/backend/api/index.php/hardware/recent-scans
Cuerpo: {"ant_id":"all"}
2026-07-08 19:09:41 - GET /creaciones%20antigravity/Estadias/SIGRAT/backend/api/index.php/hardware/antennas-status
Cuerpo: 
2026-07-08 19:09:43 - POST /creaciones%20antigravity/Estadias/SIGRAT/backend/api/index.php/hardware/recent-scans
Cuerpo: {"ant_id":"all"}
2026-07-08 19:09:43 - GET /creaciones%20antigravity/Estadias/SIGRAT/backend/api/index.php/hardware/antennas-status
Cuerpo: 
2026-07-08 19:09:45 - POST /creaciones%20antigravity/Estadias/SIGRAT/backend/api/index.php/hardware/recent-scans
Cuerpo: {"ant_id":"all"}
2026-07-08 19:09:45 - GET /creaciones%20antigravity/Estadias/SIGRAT/backend/api/index.php/hardware/antennas-status
Cuerpo: 
2026-07-08 19:09:47 - GET /creaciones%20antigravity/Estadias/SIGRAT/backend/api/index.php/hardware/antennas-status
Cuerpo: 
2026-07-08 19:09:47 - POST /creaciones%20antigravity/Estadias/SIGRAT/backend/api/index.php/hardware/recent-scans
Cuerpo: {"ant_id":"all"}
2026-07-08 19:09:49 - POST /creaciones%20antigravity/Estadias/SIGRAT/backend/api/index.php/hardware/recent-scans
Cuerpo: {"ant_id":"all"}
2026-07-08 19:09:49 - GET /creaciones%20antigravity/Estadias/SIGRAT/backend/api/index.php/hardware/antennas-status
Cuerpo: 
2026-07-08 19:09:51 - POST /creaciones%20antigravity/Estadias/SIGRAT/backend/api/index.php/hardware/recent-scans
Cuerpo: {"ant_id":"all"}
2026-07-08 19:09:51 - GET /creaciones%20antigravity/Estadias/SIGRAT/backend/api/index.php/hardware/antennas-status
Cuerpo: 
2026-07-08 19:09:53 - POST /creaciones%20antigravity/Estadias/SIGRAT/backend/api/index.php/hardware/recent-scans
Cuerpo: {"ant_id":"all"}
2026-07-08 19:09:53 - GET /creaciones%20antigravity/Estadias/SIGRAT/backend/api/index.php/hardware/antennas-status
Cuerpo: 
2026-07-08 19:09:55 - POST /creaciones%20antigravity/Estadias/SIGRAT/backend/api/index.php/hardware/recent-scans
Cuerpo: {"ant_id":"all"}
2026-07-08 19:09:55 - GET /creaciones%20antigravity/Estadias/SIGRAT/backend/api/index.php/hardware/antennas-status
Cuerpo: 
2026-07-08 19:09:56 - POST /creaciones%20antigravity/Estadias/SIGRAT/backend/api/index.php/notifications/check_expiring
Cuerpo: 
2026-07-08 19:09:56 - GET /creaciones%20antigravity/Estadias/SIGRAT/backend/api/index.php/notifications/all
Cuerpo: 
2026-07-08 19:09:57 - POST /creaciones%20antigravity/Estadias/SIGRAT/backend/api/index.php/hardware/recent-scans
Cuerpo: {"ant_id":"all"}
2026-07-08 19:09:58 - GET /creaciones%20antigravity/Estadias/SIGRAT/backend/api/index.php/hardware/antennas-status
Cuerpo: 
2026-07-08 19:09:59 - POST /creaciones%20antigravity/Estadias/SIGRAT/backend/api/index.php/hardware/recent-scans
Cuerpo: {"ant_id":"all"}
2026-07-08 19:09:59 - GET /creaciones%20antigravity/Estadias/SIGRAT/backend/api/index.php/hardware/antennas-status
Cuerpo: 
2026-07-08 19:10:01 - POST /creaciones%20antigravity/Estadias/SIGRAT/backend/api/index.php/hardware/recent-scans
Cuerpo: {"ant_id":"all"}
2026-07-08 19:10:01 - GET /creaciones%20antigravity/Estadias/SIGRAT/backend/api/index.php/hardware/antennas-status
Cuerpo: 
2026-07-08 19:10:03 - GET /creaciones%20antigravity/Estadias/SIGRAT/backend/api/index.php/hardware/antennas-status
Cuerpo: 
2026-07-08 19:10:03 - POST /creaciones%20antigravity/Estadias/SIGRAT/backend/api/index.php/hardware/recent-scans
Cuerpo: {"ant_id":"all"}
2026-07-08 19:10:05 - POST /creaciones%20antigravity/Estadias/SIGRAT/backend/api/index.php/hardware/recent-scans
Cuerpo: {"ant_id":"all"}
2026-07-08 19:10:05 - GET /creaciones%20antigravity/Estadias/SIGRAT/backend/api/index.php/hardware/antennas-status
Cuerpo: 
2026-07-08 19:10:07 - POST /creaciones%20antigravity/Estadias/SIGRAT/backend/api/index.php/hardware/recent-scans
Cuerpo: {"ant_id":"all"}
2026-07-08 19:10:07 - GET /creaciones%20antigravity/Estadias/SIGRAT/backend/api/index.php/hardware/antennas-status
Cuerpo: 
2026-07-08 19:10:09 - POST /creaciones%20antigravity/Estadias/SIGRAT/backend/api/index.php/hardware/recent-scans
Cuerpo: {"ant_id":"all"}
2026-07-08 19:10:09 - GET /creaciones%20antigravity/Estadias/SIGRAT/backend/api/index.php/hardware/antennas-status
Cuerpo: 
2026-07-08 19:10:11 - POST /creaciones%20antigravity/Estadias/SIGRAT/backend/api/index.php/hardware/recent-scans
Cuerpo: {"ant_id":"all"}
2026-07-08 19:10:11 - GET /creaciones%20antigravity/Estadias/SIGRAT/backend/api/index.php/hardware/antennas-status
Cuerpo: 
2026-07-08 19:10:13 - POST /creaciones%20antigravity/Estadias/SIGRAT/backend/api/index.php/hardware/recent-scans
Cuerpo: {"ant_id":"all"}
2026-07-08 19:10:13 - GET /creaciones%20antigravity/Estadias/SIGRAT/backend/api/index.php/hardware/antennas-status
Cuerpo: 
2026-07-08 19:10:15 - POST /creaciones%20antigravity/Estadias/SIGRAT/backend/api/index.php/hardware/recent-scans
Cuerpo: {"ant_id":"all"}
2026-07-08 19:10:15 - GET /creaciones%20antigravity/Estadias/SIGRAT/backend/api/index.php/hardware/antennas-status
Cuerpo: 
2026-07-08 19:10:17 - POST /creaciones%20antigravity/Estadias/SIGRAT/backend/api/index.php/hardware/recent-scans
Cuerpo: {"ant_id":"all"}
2026-07-08 19:10:17 - GET /creaciones%20antigravity/Estadias/SIGRAT/backend/api/index.php/hardware/antennas-status
Cuerpo: 
2026-07-08 19:10:19 - GET /creaciones%20antigravity/Estadias/SIGRAT/backend/api/index.php/hardware/antennas-status
Cuerpo: 
2026-07-08 19:10:20 - POST /creaciones%20antigravity/Estadias/SIGRAT/backend/api/index.php/hardware/recent-scans
Cuerpo: {"ant_id":"all"}
2026-07-08 19:10:22 - POST /creaciones%20antigravity/Estadias/SIGRAT/backend/api/index.php/hardware/recent-scans
Cuerpo: {"ant_id":"all"}
2026-07-08 19:10:25 - GET /creaciones%20antigravity/Estadias/SIGRAT/backend/api/index.php/hardware/antennas-status
Cuerpo: 
2026-07-08 19:10:26 - POST /creaciones%20antigravity/Estadias/SIGRAT/backend/api/index.php/hardware/recent-scans
Cuerpo: {"ant_id":"all"}
2026-07-08 19:10:28 - POST /creaciones%20antigravity/Estadias/SIGRAT/backend/api/index.php/hardware/recent-scans
Cuerpo: {"ant_id":"all"}
2026-07-08 19:10:29 - GET /creaciones%20antigravity/Estadias/SIGRAT/backend/api/index.php/hardware/antennas-status
Cuerpo: 
2026-07-08 19:10:29 - POST /creaciones%20antigravity/Estadias/SIGRAT/backend/api/index.php/hardware/recent-scans
Cuerpo: {"ant_id":"all"}
2026-07-08 19:10:30 - POST /creaciones%20antigravity/Estadias/SIGRAT/backend/api/index.php/hardware/recent-scans
Cuerpo: {"ant_id":"all"}
2026-07-08 19:10:30 - GET /creaciones%20antigravity/Estadias/SIGRAT/backend/api/index.php/hardware/antennas-status
Cuerpo: 
2026-07-08 19:10:31 - POST /creaciones%20antigravity/Estadias/SIGRAT/backend/api/index.php/hardware/recent-scans
Cuerpo: {"ant_id":"all"}
2026-07-08 19:10:31 - GET /creaciones%20antigravity/Estadias/SIGRAT/backend/api/index.php/hardware/antennas-status
Cuerpo: 
2026-07-08 19:10:32 - GET /creaciones%20antigravity/Estadias/SIGRAT/backend/api/index.php/hardware/antennas-status
Cuerpo: 
2026-07-08 19:10:32 - GET /creaciones%20antigravity/Estadias/SIGRAT/backend/api/index.php/hardware/antennas-status
Cuerpo: 
2026-07-08 19:10:33 - POST /creaciones%20antigravity/Estadias/SIGRAT/backend/api/index.php/hardware/recent-scans
Cuerpo: {"ant_id":"all"}
2026-07-08 19:10:34 - GET /creaciones%20antigravity/Estadias/SIGRAT/backend/api/index.php/hardware/antennas-status
Cuerpo: 
2026-07-08 19:10:35 - POST /creaciones%20antigravity/Estadias/SIGRAT/backend/api/index.php/hardware/recent-scans
Cuerpo: {"ant_id":"all"}
2026-07-08 19:10:35 - GET /creaciones%20antigravity/Estadias/SIGRAT/backend/api/index.php/hardware/antennas-status
Cuerpo: 
2026-07-08 19:10:37 - POST /creaciones%20antigravity/Estadias/SIGRAT/backend/api/index.php/hardware/recent-scans
Cuerpo: {"ant_id":"all"}
2026-07-08 19:10:37 - GET /creaciones%20antigravity/Estadias/SIGRAT/backend/api/index.php/hardware/antennas-status
Cuerpo: 
2026-07-08 19:10:39 - POST /creaciones%20antigravity/Estadias/SIGRAT/backend/api/index.php/hardware/recent-scans
Cuerpo: {"ant_id":"all"}
2026-07-08 19:10:39 - GET /creaciones%20antigravity/Estadias/SIGRAT/backend/api/index.php/hardware/antennas-status
Cuerpo: 
2026-07-08 19:10:41 - GET /creaciones%20antigravity/Estadias/SIGRAT/backend/api/index.php/hardware/antennas-status
Cuerpo: 
2026-07-08 19:10:41 - POST /creaciones%20antigravity/Estadias/SIGRAT/backend/api/index.php/hardware/recent-scans
Cuerpo: {"ant_id":"all"}
2026-07-08 19:10:43 - POST /creaciones%20antigravity/Estadias/SIGRAT/backend/api/index.php/hardware/recent-scans
Cuerpo: {"ant_id":"all"}
2026-07-08 19:10:43 - GET /creaciones%20antigravity/Estadias/SIGRAT/backend/api/index.php/hardware/antennas-status
Cuerpo: 
2026-07-08 19:10:45 - POST /creaciones%20antigravity/Estadias/SIGRAT/backend/api/index.php/hardware/recent-scans
Cuerpo: {"ant_id":"all"}
2026-07-08 19:10:45 - GET /creaciones%20antigravity/Estadias/SIGRAT/backend/api/index.php/hardware/antennas-status
Cuerpo: 
2026-07-08 19:10:47 - POST /creaciones%20antigravity/Estadias/SIGRAT/backend/api/index.php/hardware/recent-scans
Cuerpo: {"ant_id":"all"}
2026-07-08 19:10:47 - GET /creaciones%20antigravity/Estadias/SIGRAT/backend/api/index.php/hardware/antennas-status
Cuerpo: 
2026-07-08 19:10:49 - POST /creaciones%20antigravity/Estadias/SIGRAT/backend/api/index.php/hardware/recent-scans
Cuerpo: {"ant_id":"all"}
2026-07-08 19:10:49 - GET /creaciones%20antigravity/Estadias/SIGRAT/backend/api/index.php/hardware/antennas-status
Cuerpo: 
2026-07-08 19:10:51 - POST /creaciones%20antigravity/Estadias/SIGRAT/backend/api/index.php/hardware/recent-scans
Cuerpo: {"ant_id":"all"}
2026-07-08 19:10:51 - GET /creaciones%20antigravity/Estadias/SIGRAT/backend/api/index.php/hardware/antennas-status
Cuerpo: 
2026-07-08 19:10:53 - POST /creaciones%20antigravity/Estadias/SIGRAT/backend/api/index.php/hardware/recent-scans
Cuerpo: {"ant_id":"all"}
2026-07-08 19:10:53 - GET /creaciones%20antigravity/Estadias/SIGRAT/backend/api/index.php/hardware/antennas-status
Cuerpo: 
2026-07-08 19:10:55 - POST /creaciones%20antigravity/Estadias/SIGRAT/backend/api/index.php/hardware/recent-scans
Cuerpo: {"ant_id":"all"}
2026-07-08 19:10:55 - GET /creaciones%20antigravity/Estadias/SIGRAT/backend/api/index.php/hardware/antennas-status
Cuerpo: 
2026-07-08 19:10:56 - POST /creaciones%20antigravity/Estadias/SIGRAT/backend/api/index.php/notifications/check_expiring
Cuerpo: 
2026-07-08 19:10:57 - POST /creaciones%20antigravity/Estadias/SIGRAT/backend/api/index.php/hardware/recent-scans
Cuerpo: {"ant_id":"all"}
2026-07-08 19:10:57 - GET /creaciones%20antigravity/Estadias/SIGRAT/backend/api/index.php/hardware/antennas-status
Cuerpo: 
2026-07-08 19:11:01 - GET /creaciones%20antigravity/Estadias/SIGRAT/backend/api/index.php/notifications/all
Cuerpo: 
2026-07-08 19:11:01 - POST /creaciones%20antigravity/Estadias/SIGRAT/backend/api/index.php/hardware/recent-scans
Cuerpo: {"ant_id":"all"}
2026-07-08 19:11:02 - POST /creaciones%20antigravity/Estadias/SIGRAT/backend/api/index.php/hardware/recent-scans
Cuerpo: {"ant_id":"all"}
2026-07-08 19:11:02 - GET /creaciones%20antigravity/Estadias/SIGRAT/backend/api/index.php/hardware/antennas-status
Cuerpo: 
2026-07-08 19:11:03 - POST /creaciones%20antigravity/Estadias/SIGRAT/backend/api/index.php/hardware/recent-scans
Cuerpo: {"ant_id":"all"}
2026-07-08 19:11:04 - GET /creaciones%20antigravity/Estadias/SIGRAT/backend/api/index.php/hardware/antennas-status
Cuerpo: 
2026-07-08 19:11:04 - GET /creaciones%20antigravity/Estadias/SIGRAT/backend/api/index.php/hardware/antennas-status
Cuerpo: 
2026-07-08 19:11:05 - POST /creaciones%20antigravity/Estadias/SIGRAT/backend/api/index.php/hardware/recent-scans
Cuerpo: {"ant_id":"all"}
2026-07-08 19:11:07 - GET /creaciones%20antigravity/Estadias/SIGRAT/backend/api/index.php/hardware/antennas-status
Cuerpo: 
2026-07-08 19:11:07 - POST /creaciones%20antigravity/Estadias/SIGRAT/backend/api/index.php/hardware/recent-scans
Cuerpo: {"ant_id":"all"}
2026-07-08 19:11:08 - GET /creaciones%20antigravity/Estadias/SIGRAT/backend/api/index.php/hardware/antennas-status
Cuerpo: 
2026-07-08 19:11:09 - POST /creaciones%20antigravity/Estadias/SIGRAT/backend/api/index.php/hardware/recent-scans
Cuerpo: {"ant_id":"all"}
2026-07-08 19:11:10 - GET /creaciones%20antigravity/Estadias/SIGRAT/backend/api/index.php/hardware/antennas-status
Cuerpo: 
2026-07-08 19:11:11 - POST /creaciones%20antigravity/Estadias/SIGRAT/backend/api/index.php/hardware/recent-scans
Cuerpo: {"ant_id":"all"}
2026-07-08 19:11:11 - GET /creaciones%20antigravity/Estadias/SIGRAT/backend/api/index.php/hardware/antennas-status
Cuerpo: 
2026-07-08 19:11:13 - POST /creaciones%20antigravity/Estadias/SIGRAT/backend/api/index.php/hardware/recent-scans
Cuerpo: {"ant_id":"all"}
2026-07-08 19:11:13 - GET /creaciones%20antigravity/Estadias/SIGRAT/backend/api/index.php/hardware/antennas-status
Cuerpo: 
2026-07-08 19:11:15 - POST /creaciones%20antigravity/Estadias/SIGRAT/backend/api/index.php/hardware/recent-scans
Cuerpo: {"ant_id":"all"}
2026-07-08 19:11:15 - GET /creaciones%20antigravity/Estadias/SIGRAT/backend/api/index.php/hardware/antennas-status
Cuerpo: 
2026-07-08 19:11:17 - POST /creaciones%20antigravity/Estadias/SIGRAT/backend/api/index.php/hardware/recent-scans
Cuerpo: {"ant_id":"all"}
2026-07-08 19:11:17 - GET /creaciones%20antigravity/Estadias/SIGRAT/backend/api/index.php/hardware/antennas-status
Cuerpo: 
2026-07-08 19:11:19 - POST /creaciones%20antigravity/Estadias/SIGRAT/backend/api/index.php/hardware/recent-scans
Cuerpo: {"ant_id":"all"}
2026-07-08 19:11:19 - GET /creaciones%20antigravity/Estadias/SIGRAT/backend/api/index.php/hardware/antennas-status
Cuerpo: 
2026-07-08 19:11:21 - POST /creaciones%20antigravity/Estadias/SIGRAT/backend/api/index.php/hardware/recent-scans
Cuerpo: {"ant_id":"all"}
2026-07-08 19:11:22 - GET /creaciones%20antigravity/Estadias/SIGRAT/backend/api/index.php/hardware/antennas-status
Cuerpo: 
2026-07-08 19:11:23 - POST /creaciones%20antigravity/Estadias/SIGRAT/backend/api/index.php/hardware/recent-scans
Cuerpo: {"ant_id":"all"}
2026-07-08 19:11:24 - GET /creaciones%20antigravity/Estadias/SIGRAT/backend/api/index.php/hardware/antennas-status
Cuerpo: 
2026-07-08 19:11:25 - POST /creaciones%20antigravity/Estadias/SIGRAT/backend/api/index.php/hardware/recent-scans
Cuerpo: {"ant_id":"all"}
2026-07-08 19:11:26 - GET /creaciones%20antigravity/Estadias/SIGRAT/backend/api/index.php/hardware/antennas-status
Cuerpo: 
2026-07-08 19:11:27 - POST /creaciones%20antigravity/Estadias/SIGRAT/backend/api/index.php/hardware/recent-scans
Cuerpo: {"ant_id":"all"}
2026-07-08 19:11:28 - GET /creaciones%20antigravity/Estadias/SIGRAT/backend/api/index.php/hardware/antennas-status
Cuerpo: 
2026-07-08 19:11:29 - POST /creaciones%20antigravity/Estadias/SIGRAT/backend/api/index.php/hardware/recent-scans
Cuerpo: {"ant_id":"all"}
2026-07-08 19:11:29 - GET /creaciones%20antigravity/Estadias/SIGRAT/backend/api/index.php/hardware/antennas-status
Cuerpo: 
2026-07-08 19:11:31 - POST /creaciones%20antigravity/Estadias/SIGRAT/backend/api/index.php/hardware/recent-scans
Cuerpo: {"ant_id":"all"}
2026-07-08 19:11:31 - GET /creaciones%20antigravity/Estadias/SIGRAT/backend/api/index.php/hardware/antennas-status
Cuerpo: 
2026-07-08 19:11:33 - POST /creaciones%20antigravity/Estadias/SIGRAT/backend/api/index.php/hardware/recent-scans
Cuerpo: {"ant_id":"all"}
2026-07-08 19:11:33 - GET /creaciones%20antigravity/Estadias/SIGRAT/backend/api/index.php/hardware/antennas-status
Cuerpo: 
2026-07-08 19:11:35 - POST /creaciones%20antigravity/Estadias/SIGRAT/backend/api/index.php/hardware/recent-scans
Cuerpo: {"ant_id":"all"}
2026-07-08 19:11:35 - GET /creaciones%20antigravity/Estadias/SIGRAT/backend/api/index.php/hardware/antennas-status
Cuerpo: 
2026-07-08 19:11:37 - POST /creaciones%20antigravity/Estadias/SIGRAT/backend/api/index.php/hardware/recent-scans
Cuerpo: {"ant_id":"all"}
2026-07-08 19:11:37 - GET /creaciones%20antigravity/Estadias/SIGRAT/backend/api/index.php/hardware/antennas-status
Cuerpo: 
2026-07-08 19:11:39 - POST /creaciones%20antigravity/Estadias/SIGRAT/backend/api/index.php/hardware/recent-scans
Cuerpo: {"ant_id":"all"}
2026-07-08 19:11:39 - GET /creaciones%20antigravity/Estadias/SIGRAT/backend/api/index.php/hardware/antennas-status
Cuerpo: 
2026-07-08 19:11:41 - POST /creaciones%20antigravity/Estadias/SIGRAT/backend/api/index.php/hardware/recent-scans
Cuerpo: {"ant_id":"all"}
2026-07-08 19:11:41 - GET /creaciones%20antigravity/Estadias/SIGRAT/backend/api/index.php/hardware/antennas-status
Cuerpo: 
2026-07-08 19:11:43 - POST /creaciones%20antigravity/Estadias/SIGRAT/backend/api/index.php/hardware/recent-scans
Cuerpo: {"ant_id":"all"}
2026-07-08 19:11:43 - GET /creaciones%20antigravity/Estadias/SIGRAT/backend/api/index.php/hardware/antennas-status
Cuerpo: 
2026-07-08 19:11:45 - POST /creaciones%20antigravity/Estadias/SIGRAT/backend/api/index.php/hardware/recent-scans
Cuerpo: {"ant_id":"all"}
2026-07-08 19:11:45 - GET /creaciones%20antigravity/Estadias/SIGRAT/backend/api/index.php/hardware/antennas-status
Cuerpo: 
2026-07-08 19:11:47 - POST /creaciones%20antigravity/Estadias/SIGRAT/backend/api/index.php/hardware/recent-scans
Cuerpo: {"ant_id":"all"}
2026-07-08 19:11:47 - GET /creaciones%20antigravity/Estadias/SIGRAT/backend/api/index.php/hardware/antennas-status
Cuerpo: 
2026-07-08 19:11:49 - POST /creaciones%20antigravity/Estadias/SIGRAT/backend/api/index.php/hardware/recent-scans
Cuerpo: {"ant_id":"all"}
2026-07-08 19:11:49 - GET /creaciones%20antigravity/Estadias/SIGRAT/backend/api/index.php/hardware/antennas-status
Cuerpo: 
2026-07-08 19:11:51 - POST /creaciones%20antigravity/Estadias/SIGRAT/backend/api/index.php/hardware/recent-scans
Cuerpo: {"ant_id":"all"}
2026-07-08 19:11:51 - GET /creaciones%20antigravity/Estadias/SIGRAT/backend/api/index.php/hardware/antennas-status
Cuerpo: 
2026-07-08 19:11:53 - POST /creaciones%20antigravity/Estadias/SIGRAT/backend/api/index.php/hardware/recent-scans
Cuerpo: {"ant_id":"all"}
2026-07-08 19:11:53 - GET /creaciones%20antigravity/Estadias/SIGRAT/backend/api/index.php/hardware/antennas-status
Cuerpo: 
2026-07-08 19:11:55 - POST /creaciones%20antigravity/Estadias/SIGRAT/backend/api/index.php/hardware/recent-scans
Cuerpo: {"ant_id":"all"}
2026-07-08 19:11:55 - GET /creaciones%20antigravity/Estadias/SIGRAT/backend/api/index.php/hardware/antennas-status
Cuerpo: 
2026-07-08 19:11:56 - POST /creaciones%20antigravity/Estadias/SIGRAT/backend/api/index.php/notifications/check_expiring
Cuerpo: 
2026-07-08 19:11:57 - POST /creaciones%20antigravity/Estadias/SIGRAT/backend/api/index.php/hardware/recent-scans
Cuerpo: {"ant_id":"all"}
2026-07-08 19:11:58 - GET /creaciones%20antigravity/Estadias/SIGRAT/backend/api/index.php/hardware/antennas-status
Cuerpo: 
2026-07-08 19:12:00 - GET /creaciones%20antigravity/Estadias/SIGRAT/backend/api/index.php/notifications/all
Cuerpo: 
2026-07-08 19:12:00 - POST /creaciones%20antigravity/Estadias/SIGRAT/backend/api/index.php/hardware/recent-scans
Cuerpo: {"ant_id":"all"}
2026-07-08 19:12:01 - GET /creaciones%20antigravity/Estadias/SIGRAT/backend/api/index.php/hardware/antennas-status
Cuerpo: 
2026-07-08 19:12:02 - POST /creaciones%20antigravity/Estadias/SIGRAT/backend/api/index.php/hardware/recent-scans
Cuerpo: {"ant_id":"all"}
2026-07-08 19:12:02 - GET /creaciones%20antigravity/Estadias/SIGRAT/backend/api/index.php/hardware/antennas-status
Cuerpo: 
2026-07-08 19:12:03 - POST /creaciones%20antigravity/Estadias/SIGRAT/backend/api/index.php/hardware/recent-scans
Cuerpo: {"ant_id":"all"}
2026-07-08 19:12:03 - GET /creaciones%20antigravity/Estadias/SIGRAT/backend/api/index.php/hardware/antennas-status
Cuerpo: 
2026-07-08 19:12:05 - POST /creaciones%20antigravity/Estadias/SIGRAT/backend/api/index.php/hardware/recent-scans
Cuerpo: {"ant_id":"all"}
2026-07-08 19:12:05 - GET /creaciones%20antigravity/Estadias/SIGRAT/backend/api/index.php/hardware/antennas-status
Cuerpo: 
2026-07-08 19:12:07 - POST /creaciones%20antigravity/Estadias/SIGRAT/backend/api/index.php/hardware/recent-scans
Cuerpo: {"ant_id":"all"}
2026-07-08 19:12:07 - GET /creaciones%20antigravity/Estadias/SIGRAT/backend/api/index.php/hardware/antennas-status
Cuerpo: 
2026-07-08 19:12:09 - POST /creaciones%20antigravity/Estadias/SIGRAT/backend/api/index.php/hardware/recent-scans
Cuerpo: {"ant_id":"all"}
2026-07-08 19:12:09 - GET /creaciones%20antigravity/Estadias/SIGRAT/backend/api/index.php/hardware/antennas-status
Cuerpo: 
2026-07-08 19:12:11 - POST /creaciones%20antigravity/Estadias/SIGRAT/backend/api/index.php/hardware/recent-scans
Cuerpo: {"ant_id":"all"}
2026-07-08 19:12:11 - GET /creaciones%20antigravity/Estadias/SIGRAT/backend/api/index.php/hardware/antennas-status
Cuerpo: 
2026-07-08 19:12:13 - POST /creaciones%20antigravity/Estadias/SIGRAT/backend/api/index.php/hardware/recent-scans
Cuerpo: {"ant_id":"all"}
2026-07-08 19:12:13 - GET /creaciones%20antigravity/Estadias/SIGRAT/backend/api/index.php/hardware/antennas-status
Cuerpo: 
2026-07-08 19:12:15 - POST /creaciones%20antigravity/Estadias/SIGRAT/backend/api/index.php/hardware/recent-scans
Cuerpo: {"ant_id":"all"}
2026-07-08 19:12:15 - GET /creaciones%20antigravity/Estadias/SIGRAT/backend/api/index.php/hardware/antennas-status
Cuerpo: 
2026-07-08 19:12:17 - POST /creaciones%20antigravity/Estadias/SIGRAT/backend/api/index.php/hardware/recent-scans
Cuerpo: {"ant_id":"all"}
2026-07-08 19:12:17 - GET /creaciones%20antigravity/Estadias/SIGRAT/backend/api/index.php/hardware/antennas-status
Cuerpo: 
2026-07-08 19:12:19 - POST /creaciones%20antigravity/Estadias/SIGRAT/backend/api/index.php/hardware/recent-scans
Cuerpo: {"ant_id":"all"}
2026-07-08 19:12:19 - GET /creaciones%20antigravity/Estadias/SIGRAT/backend/api/index.php/hardware/antennas-status
Cuerpo: 
2026-07-08 19:12:21 - POST /creaciones%20antigravity/Estadias/SIGRAT/backend/api/index.php/hardware/recent-scans
Cuerpo: {"ant_id":"all"}
2026-07-08 19:12:21 - GET /creaciones%20antigravity/Estadias/SIGRAT/backend/api/index.php/hardware/antennas-status
Cuerpo: 
2026-07-08 19:12:23 - POST /creaciones%20antigravity/Estadias/SIGRAT/backend/api/index.php/hardware/recent-scans
Cuerpo: {"ant_id":"all"}
2026-07-08 19:12:23 - GET /creaciones%20antigravity/Estadias/SIGRAT/backend/api/index.php/hardware/antennas-status
Cuerpo: 
2026-07-08 19:12:25 - POST /creaciones%20antigravity/Estadias/SIGRAT/backend/api/index.php/hardware/recent-scans
Cuerpo: {"ant_id":"all"}
2026-07-08 19:12:25 - GET /creaciones%20antigravity/Estadias/SIGRAT/backend/api/index.php/hardware/antennas-status
Cuerpo: 
2026-07-08 19:12:27 - POST /creaciones%20antigravity/Estadias/SIGRAT/backend/api/index.php/hardware/recent-scans
Cuerpo: {"ant_id":"all"}
2026-07-08 19:12:27 - GET /creaciones%20antigravity/Estadias/SIGRAT/backend/api/index.php/hardware/antennas-status
Cuerpo: 
2026-07-08 19:12:29 - POST /creaciones%20antigravity/Estadias/SIGRAT/backend/api/index.php/hardware/recent-scans
Cuerpo: {"ant_id":"all"}
2026-07-08 19:12:29 - GET /creaciones%20antigravity/Estadias/SIGRAT/backend/api/index.php/hardware/antennas-status
Cuerpo: 
2026-07-08 19:12:31 - POST /creaciones%20antigravity/Estadias/SIGRAT/backend/api/index.php/hardware/recent-scans
Cuerpo: {"ant_id":"all"}
2026-07-08 19:12:31 - GET /creaciones%20antigravity/Estadias/SIGRAT/backend/api/index.php/hardware/antennas-status
Cuerpo: 
2026-07-08 19:12:33 - POST /creaciones%20antigravity/Estadias/SIGRAT/backend/api/index.php/hardware/recent-scans
Cuerpo: {"ant_id":"all"}
2026-07-08 19:12:33 - GET /creaciones%20antigravity/Estadias/SIGRAT/backend/api/index.php/hardware/antennas-status
Cuerpo: 
2026-07-08 19:12:35 - POST /creaciones%20antigravity/Estadias/SIGRAT/backend/api/index.php/hardware/recent-scans
Cuerpo: {"ant_id":"all"}
2026-07-08 19:12:35 - GET /creaciones%20antigravity/Estadias/SIGRAT/backend/api/index.php/hardware/antennas-status
Cuerpo: 
2026-07-08 19:12:37 - POST /creaciones%20antigravity/Estadias/SIGRAT/backend/api/index.php/hardware/recent-scans
Cuerpo: {"ant_id":"all"}
2026-07-08 19:12:37 - GET /creaciones%20antigravity/Estadias/SIGRAT/backend/api/index.php/hardware/antennas-status
Cuerpo: 
2026-07-08 19:12:39 - POST /creaciones%20antigravity/Estadias/SIGRAT/backend/api/index.php/hardware/recent-scans
Cuerpo: {"ant_id":"all"}
2026-07-08 19:12:39 - GET /creaciones%20antigravity/Estadias/SIGRAT/backend/api/index.php/hardware/antennas-status
Cuerpo: 
2026-07-08 19:12:41 - POST /creaciones%20antigravity/Estadias/SIGRAT/backend/api/index.php/hardware/recent-scans
Cuerpo: {"ant_id":"all"}
2026-07-08 19:12:41 - GET /creaciones%20antigravity/Estadias/SIGRAT/backend/api/index.php/hardware/antennas-status
Cuerpo: 
2026-07-08 19:12:43 - POST /creaciones%20antigravity/Estadias/SIGRAT/backend/api/index.php/hardware/recent-scans
Cuerpo: {"ant_id":"all"}
2026-07-08 19:12:43 - GET /creaciones%20antigravity/Estadias/SIGRAT/backend/api/index.php/hardware/antennas-status
Cuerpo: 
2026-07-08 19:12:45 - POST /creaciones%20antigravity/Estadias/SIGRAT/backend/api/index.php/hardware/recent-scans
Cuerpo: {"ant_id":"all"}
2026-07-08 19:12:45 - GET /creaciones%20antigravity/Estadias/SIGRAT/backend/api/index.php/hardware/antennas-status
Cuerpo: 
2026-07-08 19:12:47 - POST /creaciones%20antigravity/Estadias/SIGRAT/backend/api/index.php/hardware/recent-scans
Cuerpo: {"ant_id":"all"}
2026-07-08 19:12:47 - GET /creaciones%20antigravity/Estadias/SIGRAT/backend/api/index.php/hardware/antennas-status
Cuerpo: 
2026-07-08 19:12:49 - POST /creaciones%20antigravity/Estadias/SIGRAT/backend/api/index.php/hardware/recent-scans
Cuerpo: {"ant_id":"all"}
2026-07-08 19:12:49 - GET /creaciones%20antigravity/Estadias/SIGRAT/backend/api/index.php/hardware/antennas-status
Cuerpo: 
2026-07-08 19:12:51 - POST /creaciones%20antigravity/Estadias/SIGRAT/backend/api/index.php/hardware/recent-scans
Cuerpo: {"ant_id":"all"}
2026-07-08 19:12:51 - GET /creaciones%20antigravity/Estadias/SIGRAT/backend/api/index.php/hardware/antennas-status
Cuerpo: 
2026-07-08 19:12:53 - POST /creaciones%20antigravity/Estadias/SIGRAT/backend/api/index.php/hardware/recent-scans
Cuerpo: {"ant_id":"all"}
2026-07-08 19:12:53 - GET /creaciones%20antigravity/Estadias/SIGRAT/backend/api/index.php/hardware/antennas-status
Cuerpo: 
2026-07-08 19:12:55 - POST /creaciones%20antigravity/Estadias/SIGRAT/backend/api/index.php/hardware/recent-scans
Cuerpo: {"ant_id":"all"}
2026-07-08 19:12:55 - GET /creaciones%20antigravity/Estadias/SIGRAT/backend/api/index.php/hardware/antennas-status
Cuerpo: 
2026-07-08 19:12:56 - POST /creaciones%20antigravity/Estadias/SIGRAT/backend/api/index.php/notifications/check_expiring
Cuerpo: 
2026-07-08 19:12:56 - GET /creaciones%20antigravity/Estadias/SIGRAT/backend/api/index.php/notifications/all
Cuerpo: 
2026-07-08 19:12:57 - POST /creaciones%20antigravity/Estadias/SIGRAT/backend/api/index.php/hardware/recent-scans
Cuerpo: {"ant_id":"all"}
2026-07-08 19:12:57 - GET /creaciones%20antigravity/Estadias/SIGRAT/backend/api/index.php/hardware/antennas-status
Cuerpo: 
2026-07-08 19:12:59 - POST /creaciones%20antigravity/Estadias/SIGRAT/backend/api/index.php/hardware/recent-scans
Cuerpo: {"ant_id":"all"}
2026-07-08 19:12:59 - GET /creaciones%20antigravity/Estadias/SIGRAT/backend/api/index.php/hardware/antennas-status
Cuerpo: 
2026-07-08 19:13:01 - POST /creaciones%20antigravity/Estadias/SIGRAT/backend/api/index.php/hardware/recent-scans
Cuerpo: {"ant_id":"all"}
2026-07-08 19:13:01 - GET /creaciones%20antigravity/Estadias/SIGRAT/backend/api/index.php/hardware/antennas-status
Cuerpo: 
2026-07-08 19:13:03 - POST /creaciones%20antigravity/Estadias/SIGRAT/backend/api/index.php/hardware/recent-scans
Cuerpo: {"ant_id":"all"}
2026-07-08 19:13:04 - GET /creaciones%20antigravity/Estadias/SIGRAT/backend/api/index.php/hardware/antennas-status
Cuerpo: 
2026-07-08 19:13:05 - POST /creaciones%20antigravity/Estadias/SIGRAT/backend/api/index.php/hardware/recent-scans
Cuerpo: {"ant_id":"all"}
2026-07-08 19:13:06 - GET /creaciones%20antigravity/Estadias/SIGRAT/backend/api/index.php/hardware/antennas-status
Cuerpo: 
2026-07-08 19:13:09 - POST /creaciones%20antigravity/Estadias/SIGRAT/backend/api/index.php/hardware/recent-scans
Cuerpo: {"ant_id":"all"}
2026-07-08 19:13:11 - POST /creaciones%20antigravity/Estadias/SIGRAT/backend/api/index.php/hardware/recent-scans
Cuerpo: {"ant_id":"all"}
2026-07-08 19:13:12 - GET /creaciones%20antigravity/Estadias/SIGRAT/backend/api/index.php/hardware/antennas-status
Cuerpo: 
2026-07-08 19:13:12 - POST /creaciones%20antigravity/Estadias/SIGRAT/backend/api/index.php/hardware/recent-scans
Cuerpo: {"ant_id":"all"}
2026-07-08 19:13:13 - GET /creaciones%20antigravity/Estadias/SIGRAT/backend/api/index.php/hardware/antennas-status
Cuerpo: 
2026-07-08 19:13:13 - POST /creaciones%20antigravity/Estadias/SIGRAT/backend/api/index.php/hardware/recent-scans
Cuerpo: {"ant_id":"all"}
2026-07-08 19:13:14 - GET /creaciones%20antigravity/Estadias/SIGRAT/backend/api/index.php/hardware/antennas-status
Cuerpo: 
2026-07-08 19:13:15 - GET /creaciones%20antigravity/Estadias/SIGRAT/backend/api/index.php/hardware/antennas-status
Cuerpo: 
2026-07-08 19:13:15 - POST /creaciones%20antigravity/Estadias/SIGRAT/backend/api/index.php/hardware/recent-scans
Cuerpo: {"ant_id":"all"}
2026-07-08 19:13:16 - GET /creaciones%20antigravity/Estadias/SIGRAT/backend/api/index.php/hardware/antennas-status
Cuerpo: 
2026-07-08 19:13:17 - POST /creaciones%20antigravity/Estadias/SIGRAT/backend/api/index.php/hardware/recent-scans
Cuerpo: {"ant_id":"all"}
2026-07-08 19:13:17 - GET /creaciones%20antigravity/Estadias/SIGRAT/backend/api/index.php/hardware/antennas-status
Cuerpo: 
2026-07-08 19:13:19 - POST /creaciones%20antigravity/Estadias/SIGRAT/backend/api/index.php/hardware/recent-scans
Cuerpo: {"ant_id":"all"}
2026-07-08 19:13:20 - GET /creaciones%20antigravity/Estadias/SIGRAT/backend/api/index.php/hardware/antennas-status
Cuerpo: 
2026-07-08 19:13:22 - POST /creaciones%20antigravity/Estadias/SIGRAT/backend/api/index.php/hardware/recent-scans
Cuerpo: {"ant_id":"all"}
2026-07-08 19:13:22 - GET /creaciones%20antigravity/Estadias/SIGRAT/backend/api/index.php/hardware/antennas-status
Cuerpo: 
2026-07-08 19:13:23 - POST /creaciones%20antigravity/Estadias/SIGRAT/backend/api/index.php/hardware/recent-scans
Cuerpo: {"ant_id":"all"}
2026-07-08 19:13:23 - GET /creaciones%20antigravity/Estadias/SIGRAT/backend/api/index.php/hardware/antennas-status
Cuerpo: 
2026-07-08 19:13:25 - POST /creaciones%20antigravity/Estadias/SIGRAT/backend/api/index.php/hardware/recent-scans
Cuerpo: {"ant_id":"all"}
2026-07-08 19:13:25 - GET /creaciones%20antigravity/Estadias/SIGRAT/backend/api/index.php/hardware/antennas-status
Cuerpo: 
2026-07-08 19:13:27 - POST /creaciones%20antigravity/Estadias/SIGRAT/backend/api/index.php/hardware/recent-scans
Cuerpo: {"ant_id":"all"}
2026-07-08 19:13:27 - GET /creaciones%20antigravity/Estadias/SIGRAT/backend/api/index.php/hardware/antennas-status
Cuerpo: 
2026-07-08 19:13:29 - POST /creaciones%20antigravity/Estadias/SIGRAT/backend/api/index.php/hardware/recent-scans
Cuerpo: {"ant_id":"all"}
2026-07-08 19:13:29 - GET /creaciones%20antigravity/Estadias/SIGRAT/backend/api/index.php/hardware/antennas-status
Cuerpo: 
2026-07-08 19:13:31 - POST /creaciones%20antigravity/Estadias/SIGRAT/backend/api/index.php/hardware/recent-scans
Cuerpo: {"ant_id":"all"}
2026-07-08 19:13:32 - GET /creaciones%20antigravity/Estadias/SIGRAT/backend/api/index.php/hardware/antennas-status
Cuerpo: 
2026-07-08 19:13:33 - POST /creaciones%20antigravity/Estadias/SIGRAT/backend/api/index.php/hardware/recent-scans
Cuerpo: {"ant_id":"all"}
2026-07-08 19:13:33 - GET /creaciones%20antigravity/Estadias/SIGRAT/backend/api/index.php/hardware/antennas-status
Cuerpo: 
2026-07-08 19:13:35 - POST /creaciones%20antigravity/Estadias/SIGRAT/backend/api/index.php/hardware/recent-scans
Cuerpo: {"ant_id":"all"}
2026-07-08 19:13:35 - GET /creaciones%20antigravity/Estadias/SIGRAT/backend/api/index.php/hardware/antennas-status
Cuerpo: 
2026-07-08 19:13:37 - POST /creaciones%20antigravity/Estadias/SIGRAT/backend/api/index.php/hardware/recent-scans
Cuerpo: {"ant_id":"all"}
2026-07-08 19:13:37 - GET /creaciones%20antigravity/Estadias/SIGRAT/backend/api/index.php/hardware/antennas-status
Cuerpo: 
2026-07-08 19:13:39 - POST /creaciones%20antigravity/Estadias/SIGRAT/backend/api/index.php/hardware/recent-scans
Cuerpo: {"ant_id":"all"}
2026-07-08 19:13:40 - GET /creaciones%20antigravity/Estadias/SIGRAT/backend/api/index.php/hardware/antennas-status
Cuerpo: 
2026-07-08 19:13:41 - POST /creaciones%20antigravity/Estadias/SIGRAT/backend/api/index.php/hardware/recent-scans
Cuerpo: {"ant_id":"all"}
2026-07-08 19:13:41 - GET /creaciones%20antigravity/Estadias/SIGRAT/backend/api/index.php/hardware/antennas-status
Cuerpo: 
2026-07-08 19:13:43 - POST /creaciones%20antigravity/Estadias/SIGRAT/backend/api/index.php/hardware/recent-scans
Cuerpo: {"ant_id":"all"}
2026-07-08 19:13:43 - GET /creaciones%20antigravity/Estadias/SIGRAT/backend/api/index.php/hardware/antennas-status
Cuerpo: 
2026-07-08 19:13:45 - POST /creaciones%20antigravity/Estadias/SIGRAT/backend/api/index.php/hardware/recent-scans
Cuerpo: {"ant_id":"all"}
2026-07-08 19:13:51 - GET /creaciones%20antigravity/Estadias/SIGRAT/backend/api/index.php/hardware/antennas-status
Cuerpo: 
2026-07-08 19:13:51 - POST /creaciones%20antigravity/Estadias/SIGRAT/backend/api/index.php/hardware/recent-scans
Cuerpo: {"ant_id":"all"}
2026-07-08 19:13:52 - POST /creaciones%20antigravity/Estadias/SIGRAT/backend/api/index.php/hardware/recent-scans
Cuerpo: {"ant_id":"all"}
2026-07-08 19:13:52 - POST /creaciones%20antigravity/Estadias/SIGRAT/backend/api/index.php/hardware/recent-scans
Cuerpo: {"ant_id":"all"}
2026-07-08 19:13:53 - GET /creaciones%20antigravity/Estadias/SIGRAT/backend/api/index.php/hardware/antennas-status
Cuerpo: 
2026-07-08 19:13:54 - POST /creaciones%20antigravity/Estadias/SIGRAT/backend/api/index.php/hardware/recent-scans
Cuerpo: {"ant_id":"all"}
2026-07-08 19:13:56 - GET /creaciones%20antigravity/Estadias/SIGRAT/backend/api/index.php/hardware/antennas-status
Cuerpo: 
2026-07-08 19:13:56 - POST /creaciones%20antigravity/Estadias/SIGRAT/backend/api/index.php/notifications/check_expiring
Cuerpo: 
2026-07-08 19:13:57 - POST /creaciones%20antigravity/Estadias/SIGRAT/backend/api/index.php/hardware/recent-scans
Cuerpo: {"ant_id":"all"}
2026-07-08 19:13:59 - GET /creaciones%20antigravity/Estadias/SIGRAT/backend/api/index.php/hardware/antennas-status
Cuerpo: 
2026-07-08 19:14:01 - POST /creaciones%20antigravity/Estadias/SIGRAT/backend/api/index.php/hardware/recent-scans
Cuerpo: {"ant_id":"all"}
2026-07-08 19:14:02 - GET /creaciones%20antigravity/Estadias/SIGRAT/backend/api/index.php/notifications/all
Cuerpo: 
2026-07-08 19:14:04 - POST /creaciones%20antigravity/Estadias/SIGRAT/backend/api/index.php/hardware/recent-scans
Cuerpo: {"ant_id":"all"}
2026-07-08 19:14:05 - POST /creaciones%20antigravity/Estadias/SIGRAT/backend/api/index.php/hardware/recent-scans
Cuerpo: {"ant_id":"all"}
2026-07-08 19:14:08 - GET /creaciones%20antigravity/Estadias/SIGRAT/backend/api/index.php/hardware/antennas-status
Cuerpo: 
2026-07-08 19:14:10 - POST /creaciones%20antigravity/Estadias/SIGRAT/backend/api/index.php/hardware/recent-scans
Cuerpo: {"ant_id":"all"}
2026-07-08 19:14:11 - POST /creaciones%20antigravity/Estadias/SIGRAT/backend/api/index.php/hardware/recent-scans
Cuerpo: {"ant_id":"all"}
2026-07-08 19:14:12 - POST /creaciones%20antigravity/Estadias/SIGRAT/backend/api/index.php/hardware/recent-scans
Cuerpo: {"ant_id":"all"}
2026-07-08 19:14:14 - POST /creaciones%20antigravity/Estadias/SIGRAT/backend/api/index.php/hardware/recent-scans
Cuerpo: {"ant_id":"all"}
2026-07-08 19:14:16 - GET /creaciones%20antigravity/Estadias/SIGRAT/backend/api/index.php/hardware/antennas-status
Cuerpo: 
2026-07-08 19:14:17 - POST /creaciones%20antigravity/Estadias/SIGRAT/backend/api/index.php/hardware/recent-scans
Cuerpo: {"ant_id":"all"}
2026-07-08 19:14:18 - POST /creaciones%20antigravity/Estadias/SIGRAT/backend/api/index.php/hardware/recent-scans
Cuerpo: {"ant_id":"all"}
2026-07-08 19:14:20 - POST /creaciones%20antigravity/Estadias/SIGRAT/backend/api/index.php/hardware/recent-scans
Cuerpo: {"ant_id":"all"}
2026-07-08 19:14:35 - POST /creaciones%20antigravity/Estadias/SIGRAT/backend/api/index.php/hardware/recent-scans
Cuerpo: {"ant_id":"all"}
2026-07-08 19:14:58 - GET /creaciones%20antigravity/Estadias/SIGRAT/backend/api/index.php/hardware/antennas-status
Cuerpo: 
2026-07-08 19:15:24 - POST /creaciones%20antigravity/Estadias/SIGRAT/backend/api/index.php/hardware/recent-scans
Cuerpo: {"ant_id":"all"}
2026-07-08 19:15:41 - POST /creaciones%20antigravity/Estadias/SIGRAT/backend/api/index.php/hardware/recent-scans
Cuerpo: {"ant_id":"all"}
2026-07-08 19:16:13 - POST /creaciones%20antigravity/Estadias/SIGRAT/backend/api/index.php/hardware/recent-scans
Cuerpo: {"ant_id":"all"}
2026-07-08 19:16:39 - GET /creaciones%20antigravity/Estadias/SIGRAT/backend/api/index.php/hardware/antennas-status
Cuerpo: 
2026-07-08 19:17:41 - GET /creaciones%20antigravity/Estadias/SIGRAT/backend/api/index.php/hardware/antennas-status
Cuerpo: 
2026-07-08 19:17:49 - POST /creaciones%20antigravity/Estadias/SIGRAT/backend/api/index.php/hardware/recent-scans
Cuerpo: {"ant_id":"all"}
2026-07-08 19:17:54 - GET /creaciones%20antigravity/Estadias/SIGRAT/backend/api/index.php/hardware/antennas-status
Cuerpo: 
2026-07-08 19:17:59 - GET /creaciones%20antigravity/Estadias/SIGRAT/backend/api/index.php/hardware/antennas-status
Cuerpo: 
2026-07-08 19:18:09 - POST /creaciones%20antigravity/Estadias/SIGRAT/backend/api/index.php/hardware/recent-scans
Cuerpo: {"ant_id":"all"}
2026-07-08 19:18:18 - GET /creaciones%20antigravity/Estadias/SIGRAT/backend/api/index.php/hardware/antennas-status
Cuerpo: 
2026-07-08 19:18:24 - POST /creaciones%20antigravity/Estadias/SIGRAT/backend/api/index.php/hardware/recent-scans
Cuerpo: {"ant_id":"all"}
2026-07-08 19:18:30 - POST /creaciones%20antigravity/Estadias/SIGRAT/backend/api/index.php/hardware/recent-scans
Cuerpo: {"ant_id":"all"}
2026-07-08 19:19:11 - GET /creaciones%20antigravity/Estadias/SIGRAT/backend/api/index.php/hardware/antennas-status
Cuerpo: 
2026-07-08 19:19:16 - POST /creaciones%20antigravity/Estadias/SIGRAT/backend/api/index.php/hardware/recent-scans
Cuerpo: {"ant_id":"all"}
2026-07-08 19:19:18 - POST /creaciones%20antigravity/Estadias/SIGRAT/backend/api/index.php/notifications/check_expiring
Cuerpo: 
2026-07-08 19:19:22 - POST /creaciones%20antigravity/Estadias/SIGRAT/backend/api/index.php/hardware/recent-scans
Cuerpo: {"ant_id":"all"}
2026-07-08 19:19:23 - POST /creaciones%20antigravity/Estadias/SIGRAT/backend/api/index.php/hardware/recent-scans
Cuerpo: {"ant_id":"all"}
2026-07-08 19:19:25 - POST /creaciones%20antigravity/Estadias/SIGRAT/backend/api/index.php/hardware/recent-scans
Cuerpo: {"ant_id":"all"}
2026-07-08 19:19:26 - GET /creaciones%20antigravity/Estadias/SIGRAT/backend/api/index.php/hardware/antennas-status
Cuerpo: 
2026-07-08 19:19:27 - GET /creaciones%20antigravity/Estadias/SIGRAT/backend/api/index.php/hardware/antennas-status
Cuerpo: 
2026-07-08 19:19:28 - POST /creaciones%20antigravity/Estadias/SIGRAT/backend/api/index.php/hardware/recent-scans
Cuerpo: {"ant_id":"all"}
2026-07-08 19:19:29 - GET /creaciones%20antigravity/Estadias/SIGRAT/backend/api/index.php/hardware/antennas-status
Cuerpo: 
2026-07-08 19:19:30 - POST /creaciones%20antigravity/Estadias/SIGRAT/backend/api/index.php/hardware/recent-scans
Cuerpo: {"ant_id":"all"}
2026-07-08 19:19:31 - GET /creaciones%20antigravity/Estadias/SIGRAT/backend/api/index.php/hardware/antennas-status
Cuerpo: 
2026-07-08 19:19:33 - POST /creaciones%20antigravity/Estadias/SIGRAT/backend/api/index.php/hardware/recent-scans
Cuerpo: {"ant_id":"all"}
2026-07-08 19:19:34 - GET /creaciones%20antigravity/Estadias/SIGRAT/backend/api/index.php/hardware/antennas-status
Cuerpo: 
2026-07-08 19:19:35 - POST /creaciones%20antigravity/Estadias/SIGRAT/backend/api/index.php/hardware/recent-scans
Cuerpo: {"ant_id":"all"}
2026-07-08 19:19:37 - GET /creaciones%20antigravity/Estadias/SIGRAT/backend/api/index.php/hardware/antennas-status
Cuerpo: 
2026-07-08 19:19:38 - POST /creaciones%20antigravity/Estadias/SIGRAT/backend/api/index.php/hardware/recent-scans
Cuerpo: {"ant_id":"all"}
2026-07-08 19:19:39 - GET /creaciones%20antigravity/Estadias/SIGRAT/backend/api/index.php/hardware/antennas-status
Cuerpo: 
2026-07-08 19:19:40 - POST /creaciones%20antigravity/Estadias/SIGRAT/backend/api/index.php/hardware/recent-scans
Cuerpo: {"ant_id":"all"}
2026-07-08 19:19:41 - GET /creaciones%20antigravity/Estadias/SIGRAT/backend/api/index.php/hardware/antennas-status
Cuerpo: 
2026-07-08 19:19:43 - GET /creaciones%20antigravity/Estadias/SIGRAT/backend/api/index.php/hardware/antennas-status
Cuerpo: 
2026-07-08 19:19:44 - POST /creaciones%20antigravity/Estadias/SIGRAT/backend/api/index.php/hardware/recent-scans
Cuerpo: {"ant_id":"all"}
2026-07-08 19:19:45 - POST /creaciones%20antigravity/Estadias/SIGRAT/backend/api/index.php/hardware/recent-scans
Cuerpo: {"ant_id":"all"}
2026-07-08 19:19:46 - GET /creaciones%20antigravity/Estadias/SIGRAT/backend/api/index.php/hardware/antennas-status
Cuerpo: 
2026-07-08 19:19:47 - POST /creaciones%20antigravity/Estadias/SIGRAT/backend/api/index.php/hardware/recent-scans
Cuerpo: {"ant_id":"all"}
2026-07-08 19:19:49 - GET /creaciones%20antigravity/Estadias/SIGRAT/backend/api/index.php/hardware/antennas-status
Cuerpo: 
2026-07-08 19:19:50 - POST /creaciones%20antigravity/Estadias/SIGRAT/backend/api/index.php/hardware/recent-scans
Cuerpo: {"ant_id":"all"}
2026-07-08 19:19:51 - GET /creaciones%20antigravity/Estadias/SIGRAT/backend/api/index.php/hardware/antennas-status
Cuerpo: 
2026-07-08 19:19:53 - GET /creaciones%20antigravity/Estadias/SIGRAT/backend/api/index.php/hardware/antennas-status
Cuerpo: 
2026-07-08 19:19:54 - POST /creaciones%20antigravity/Estadias/SIGRAT/backend/api/index.php/hardware/recent-scans
Cuerpo: {"ant_id":"all"}
2026-07-08 19:19:57 - GET /creaciones%20antigravity/Estadias/SIGRAT/backend/api/index.php/hardware/antennas-status
Cuerpo: 
2026-07-08 19:19:58 - POST /creaciones%20antigravity/Estadias/SIGRAT/backend/api/index.php/hardware/recent-scans
Cuerpo: {"ant_id":"all"}
2026-07-08 19:19:59 - POST /creaciones%20antigravity/Estadias/SIGRAT/backend/api/index.php/hardware/recent-scans
Cuerpo: {"ant_id":"all"}
2026-07-08 19:20:00 - POST /creaciones%20antigravity/Estadias/SIGRAT/backend/api/index.php/hardware/recent-scans
Cuerpo: {"ant_id":"all"}
2026-07-08 19:20:02 - POST /creaciones%20antigravity/Estadias/SIGRAT/backend/api/index.php/hardware/recent-scans
Cuerpo: {"ant_id":"all"}
2026-07-08 19:20:03 - POST /creaciones%20antigravity/Estadias/SIGRAT/backend/api/index.php/hardware/recent-scans
Cuerpo: {"ant_id":"all"}
2026-07-08 19:20:04 - POST /creaciones%20antigravity/Estadias/SIGRAT/backend/api/index.php/hardware/recent-scans
Cuerpo: {"ant_id":"all"}
2026-07-08 19:20:06 - POST /creaciones%20antigravity/Estadias/SIGRAT/backend/api/index.php/hardware/recent-scans
Cuerpo: {"ant_id":"all"}
2026-07-08 19:20:07 - POST /creaciones%20antigravity/Estadias/SIGRAT/backend/api/index.php/hardware/recent-scans
Cuerpo: {"ant_id":"all"}
2026-07-08 19:20:09 - POST /creaciones%20antigravity/Estadias/SIGRAT/backend/api/index.php/hardware/recent-scans
Cuerpo: {"ant_id":"all"}
2026-07-08 19:20:10 - POST /creaciones%20antigravity/Estadias/SIGRAT/backend/api/index.php/hardware/recent-scans
Cuerpo: {"ant_id":"all"}
2026-07-08 19:20:11 - GET /creaciones%20antigravity/Estadias/SIGRAT/backend/api/index.php/hardware/antennas-status
Cuerpo: 
2026-07-08 19:20:13 - GET /creaciones%20antigravity/Estadias/SIGRAT/backend/api/index.php/hardware/antennas-status
Cuerpo: 
2026-07-08 19:20:14 - GET /creaciones%20antigravity/Estadias/SIGRAT/backend/api/index.php/hardware/antennas-status
Cuerpo: 
2026-07-08 19:20:16 - GET /creaciones%20antigravity/Estadias/SIGRAT/backend/api/index.php/hardware/antennas-status
Cuerpo: 
2026-07-08 19:20:17 - GET /creaciones%20antigravity/Estadias/SIGRAT/backend/api/index.php/hardware/antennas-status
Cuerpo: 
2026-07-08 19:20:19 - GET /creaciones%20antigravity/Estadias/SIGRAT/backend/api/index.php/hardware/antennas-status
Cuerpo: 
2026-07-08 19:20:20 - GET /creaciones%20antigravity/Estadias/SIGRAT/backend/api/index.php/hardware/antennas-status
Cuerpo: 
2026-07-08 19:20:21 - GET /creaciones%20antigravity/Estadias/SIGRAT/backend/api/index.php/hardware/antennas-status
Cuerpo: 
2026-07-08 19:20:22 - GET /creaciones%20antigravity/Estadias/SIGRAT/backend/api/index.php/hardware/antennas-status
Cuerpo: 
2026-07-08 19:20:23 - POST /creaciones%20antigravity/Estadias/SIGRAT/backend/api/index.php/hardware/recent-scans
Cuerpo: {"ant_id":"all"}
2026-07-08 19:20:25 - GET /creaciones%20antigravity/Estadias/SIGRAT/backend/api/index.php/hardware/antennas-status
Cuerpo: 
2026-07-08 19:20:26 - POST /creaciones%20antigravity/Estadias/SIGRAT/backend/api/index.php/hardware/recent-scans
Cuerpo: {"ant_id":"all"}
2026-07-08 19:20:27 - GET /creaciones%20antigravity/Estadias/SIGRAT/backend/api/index.php/hardware/antennas-status
Cuerpo: 
2026-07-08 19:20:30 - POST /creaciones%20antigravity/Estadias/SIGRAT/backend/api/index.php/hardware/recent-scans
Cuerpo: {"ant_id":"all"}
2026-07-08 19:20:31 - GET /creaciones%20antigravity/Estadias/SIGRAT/backend/api/index.php/hardware/antennas-status
Cuerpo: 
2026-07-08 19:20:32 - POST /creaciones%20antigravity/Estadias/SIGRAT/backend/api/index.php/hardware/recent-scans
Cuerpo: {"ant_id":"all"}
2026-07-08 19:20:33 - GET /creaciones%20antigravity/Estadias/SIGRAT/backend/api/index.php/hardware/antennas-status
Cuerpo: 
2026-07-08 19:20:35 - POST /creaciones%20antigravity/Estadias/SIGRAT/backend/api/index.php/hardware/recent-scans
Cuerpo: {"ant_id":"all"}
2026-07-08 19:20:36 - GET /creaciones%20antigravity/Estadias/SIGRAT/backend/api/index.php/hardware/antennas-status
Cuerpo: 
2026-07-08 19:20:37 - POST /creaciones%20antigravity/Estadias/SIGRAT/backend/api/index.php/hardware/recent-scans
Cuerpo: {"ant_id":"all"}
2026-07-08 19:20:38 - GET /creaciones%20antigravity/Estadias/SIGRAT/backend/api/index.php/hardware/antennas-status
Cuerpo: 
2026-07-08 19:20:39 - POST /creaciones%20antigravity/Estadias/SIGRAT/backend/api/index.php/notifications/check_expiring
Cuerpo: 
2026-07-08 19:20:40 - POST /creaciones%20antigravity/Estadias/SIGRAT/backend/api/index.php/hardware/recent-scans
Cuerpo: {"ant_id":"all"}
2026-07-08 19:20:41 - GET /creaciones%20antigravity/Estadias/SIGRAT/backend/api/index.php/hardware/antennas-status
Cuerpo: 
2026-07-08 19:20:42 - GET /creaciones%20antigravity/Estadias/SIGRAT/backend/api/index.php/hardware/antennas-status
Cuerpo: 
2026-07-08 19:20:43 - POST /creaciones%20antigravity/Estadias/SIGRAT/backend/api/index.php/hardware/recent-scans
Cuerpo: {"ant_id":"all"}
2026-07-08 19:20:44 - GET /creaciones%20antigravity/Estadias/SIGRAT/backend/api/index.php/hardware/antennas-status
Cuerpo: 
2026-07-08 19:20:45 - POST /creaciones%20antigravity/Estadias/SIGRAT/backend/api/index.php/hardware/recent-scans
Cuerpo: {"ant_id":"all"}
2026-07-08 19:20:46 - POST /creaciones%20antigravity/Estadias/SIGRAT/backend/api/index.php/hardware/recent-scans
Cuerpo: {"ant_id":"all"}
2026-07-08 19:20:47 - GET /creaciones%20antigravity/Estadias/SIGRAT/backend/api/index.php/hardware/antennas-status
Cuerpo: 
2026-07-08 19:20:48 - GET /creaciones%20antigravity/Estadias/SIGRAT/backend/api/index.php/hardware/antennas-status
Cuerpo: 
2026-07-08 19:20:48 - POST /creaciones%20antigravity/Estadias/SIGRAT/backend/api/index.php/hardware/recent-scans
Cuerpo: {"ant_id":"all"}
2026-07-08 19:20:50 - POST /creaciones%20antigravity/Estadias/SIGRAT/backend/api/index.php/hardware/recent-scans
Cuerpo: {"ant_id":"all"}
2026-07-08 19:20:51 - GET /creaciones%20antigravity/Estadias/SIGRAT/backend/api/index.php/hardware/antennas-status
Cuerpo: 
2026-07-08 19:20:52 - POST /creaciones%20antigravity/Estadias/SIGRAT/backend/api/index.php/hardware/recent-scans
Cuerpo: {"ant_id":"all"}
2026-07-08 19:20:53 - GET /creaciones%20antigravity/Estadias/SIGRAT/backend/api/index.php/hardware/antennas-status
Cuerpo: 
2026-07-08 19:20:54 - GET /creaciones%20antigravity/Estadias/SIGRAT/backend/api/index.php/hardware/antennas-status
Cuerpo: 
2026-07-08 19:20:55 - POST /creaciones%20antigravity/Estadias/SIGRAT/backend/api/index.php/hardware/recent-scans
Cuerpo: {"ant_id":"all"}
2026-07-08 19:20:56 - POST /creaciones%20antigravity/Estadias/SIGRAT/backend/api/index.php/hardware/recent-scans
Cuerpo: {"ant_id":"all"}
2026-07-08 19:20:57 - GET /creaciones%20antigravity/Estadias/SIGRAT/backend/api/index.php/hardware/antennas-status
Cuerpo: 
2026-07-08 19:20:57 - GET /creaciones%20antigravity/Estadias/SIGRAT/backend/api/index.php/hardware/antennas-status
Cuerpo: 
2026-07-08 19:20:58 - POST /creaciones%20antigravity/Estadias/SIGRAT/backend/api/index.php/hardware/recent-scans
Cuerpo: {"ant_id":"all"}
2026-07-08 19:20:59 - POST /creaciones%20antigravity/Estadias/SIGRAT/backend/api/index.php/hardware/recent-scans
Cuerpo: {"ant_id":"all"}
2026-07-08 19:21:00 - GET /creaciones%20antigravity/Estadias/SIGRAT/backend/api/index.php/hardware/antennas-status
Cuerpo: 
2026-07-08 19:21:01 - GET /creaciones%20antigravity/Estadias/SIGRAT/backend/api/index.php/hardware/antennas-status
Cuerpo: 
2026-07-08 19:21:02 - POST /creaciones%20antigravity/Estadias/SIGRAT/backend/api/index.php/hardware/recent-scans
Cuerpo: {"ant_id":"all"}
2026-07-08 19:21:03 - GET /creaciones%20antigravity/Estadias/SIGRAT/backend/api/index.php/hardware/antennas-status
Cuerpo: 
2026-07-08 19:21:04 - POST /creaciones%20antigravity/Estadias/SIGRAT/backend/api/index.php/hardware/recent-scans
Cuerpo: {"ant_id":"all"}
2026-07-08 19:21:05 - POST /creaciones%20antigravity/Estadias/SIGRAT/backend/api/index.php/hardware/recent-scans
Cuerpo: {"ant_id":"all"}
2026-07-08 19:21:06 - GET /creaciones%20antigravity/Estadias/SIGRAT/backend/api/index.php/hardware/antennas-status
Cuerpo: 
2026-07-08 19:21:07 - POST /creaciones%20antigravity/Estadias/SIGRAT/backend/api/index.php/hardware/recent-scans
Cuerpo: {"ant_id":"all"}
2026-07-08 19:21:08 - GET /creaciones%20antigravity/Estadias/SIGRAT/backend/api/index.php/hardware/antennas-status
Cuerpo: 
2026-07-08 19:21:09 - POST /creaciones%20antigravity/Estadias/SIGRAT/backend/api/index.php/hardware/recent-scans
Cuerpo: {"ant_id":"all"}
2026-07-08 19:21:10 - GET /creaciones%20antigravity/Estadias/SIGRAT/backend/api/index.php/hardware/antennas-status
Cuerpo: 
2026-07-08 19:21:11 - POST /creaciones%20antigravity/Estadias/SIGRAT/backend/api/index.php/hardware/recent-scans
Cuerpo: {"ant_id":"all"}
2026-07-08 19:21:12 - GET /creaciones%20antigravity/Estadias/SIGRAT/backend/api/index.php/hardware/antennas-status
Cuerpo: 
2026-07-08 19:21:13 - POST /creaciones%20antigravity/Estadias/SIGRAT/backend/api/index.php/hardware/recent-scans
Cuerpo: {"ant_id":"all"}
2026-07-08 19:21:14 - GET /creaciones%20antigravity/Estadias/SIGRAT/backend/api/index.php/hardware/antennas-status
Cuerpo: 
2026-07-08 19:21:15 - POST /creaciones%20antigravity/Estadias/SIGRAT/backend/api/index.php/hardware/recent-scans
Cuerpo: {"ant_id":"all"}
2026-07-08 19:21:16 - GET /creaciones%20antigravity/Estadias/SIGRAT/backend/api/index.php/hardware/antennas-status
Cuerpo: 
2026-07-08 19:21:17 - POST /creaciones%20antigravity/Estadias/SIGRAT/backend/api/index.php/hardware/recent-scans
Cuerpo: {"ant_id":"all"}
2026-07-08 19:21:18 - GET /creaciones%20antigravity/Estadias/SIGRAT/backend/api/index.php/hardware/antennas-status
Cuerpo: 
2026-07-08 19:21:19 - POST /creaciones%20antigravity/Estadias/SIGRAT/backend/api/index.php/hardware/recent-scans
Cuerpo: {"ant_id":"all"}
2026-07-08 19:21:20 - GET /creaciones%20antigravity/Estadias/SIGRAT/backend/api/index.php/hardware/antennas-status
Cuerpo: 
2026-07-08 19:21:21 - POST /creaciones%20antigravity/Estadias/SIGRAT/backend/api/index.php/hardware/recent-scans
Cuerpo: {"ant_id":"all"}
2026-07-08 19:21:22 - GET /creaciones%20antigravity/Estadias/SIGRAT/backend/api/index.php/hardware/antennas-status
Cuerpo: 
2026-07-08 19:21:45 - POST /creaciones%20antigravity/Estadias/SIGRAT/backend/api/index.php/hardware/recent-scans
Cuerpo: {"ant_id":"all"}
2026-07-08 19:21:45 - GET /creaciones%20antigravity/Estadias/SIGRAT/backend/api/index.php/hardware/antennas-status
Cuerpo: 
2026-07-08 19:21:47 - POST /creaciones%20antigravity/Estadias/SIGRAT/backend/api/index.php/hardware/recent-scans
Cuerpo: {"ant_id":"all"}
2026-07-08 19:21:48 - GET /creaciones%20antigravity/Estadias/SIGRAT/backend/api/index.php/hardware/antennas-status
Cuerpo: 
2026-07-08 19:21:49 - POST /creaciones%20antigravity/Estadias/SIGRAT/backend/api/index.php/hardware/recent-scans
Cuerpo: {"ant_id":"all"}
2026-07-08 19:21:49 - GET /creaciones%20antigravity/Estadias/SIGRAT/backend/api/index.php/hardware/antennas-status
Cuerpo: 
2026-07-08 19:21:50 - GET /creaciones%20antigravity/Estadias/SIGRAT/backend/api/index.php/hardware/antennas-status
Cuerpo: 
2026-07-08 19:21:51 - POST /creaciones%20antigravity/Estadias/SIGRAT/backend/api/index.php/hardware/recent-scans
Cuerpo: {"ant_id":"all"}
2026-07-08 19:21:52 - POST /creaciones%20antigravity/Estadias/SIGRAT/backend/api/index.php/hardware/recent-scans
Cuerpo: {"ant_id":"all"}
2026-07-08 19:21:53 - GET /creaciones%20antigravity/Estadias/SIGRAT/backend/api/index.php/hardware/antennas-status
Cuerpo: 
2026-07-08 19:21:54 - GET /creaciones%20antigravity/Estadias/SIGRAT/backend/api/index.php/hardware/antennas-status
Cuerpo: 
2026-07-08 19:21:55 - POST /creaciones%20antigravity/Estadias/SIGRAT/backend/api/index.php/hardware/recent-scans
Cuerpo: {"ant_id":"all"}
2026-07-08 19:21:56 - POST /creaciones%20antigravity/Estadias/SIGRAT/backend/api/index.php/hardware/recent-scans
Cuerpo: {"ant_id":"all"}
2026-07-08 19:21:59 - GET /creaciones%20antigravity/Estadias/SIGRAT/backend/api/index.php/hardware/antennas-status
Cuerpo: 
2026-07-08 19:22:00 - POST /creaciones%20antigravity/Estadias/SIGRAT/backend/api/index.php/hardware/recent-scans
Cuerpo: {"ant_id":"all"}
2026-07-08 19:22:02 - GET /creaciones%20antigravity/Estadias/SIGRAT/backend/api/index.php/hardware/antennas-status
Cuerpo: 
2026-07-08 19:22:04 - POST /creaciones%20antigravity/Estadias/SIGRAT/backend/api/index.php/notifications/check_expiring
Cuerpo: 
2026-07-08 19:22:05 - POST /creaciones%20antigravity/Estadias/SIGRAT/backend/api/index.php/hardware/recent-scans
Cuerpo: {"ant_id":"all"}
2026-07-08 19:22:05 - GET /creaciones%20antigravity/Estadias/SIGRAT/backend/api/index.php/hardware/antennas-status
Cuerpo: 
2026-07-08 19:22:06 - POST /creaciones%20antigravity/Estadias/SIGRAT/backend/api/index.php/hardware/recent-scans
Cuerpo: {"ant_id":"all"}
2026-07-08 19:22:07 - GET /creaciones%20antigravity/Estadias/SIGRAT/backend/api/index.php/hardware/antennas-status
Cuerpo: 
2026-07-08 19:22:08 - POST /creaciones%20antigravity/Estadias/SIGRAT/backend/api/index.php/hardware/recent-scans
Cuerpo: {"ant_id":"all"}
2026-07-08 19:22:09 - GET /creaciones%20antigravity/Estadias/SIGRAT/backend/api/index.php/hardware/antennas-status
Cuerpo: 
2026-07-08 19:22:10 - POST /creaciones%20antigravity/Estadias/SIGRAT/backend/api/index.php/hardware/recent-scans
Cuerpo: {"ant_id":"all"}
2026-07-08 19:22:11 - GET /creaciones%20antigravity/Estadias/SIGRAT/backend/api/index.php/hardware/antennas-status
Cuerpo: 
2026-07-08 19:22:13 - GET /creaciones%20antigravity/Estadias/SIGRAT/backend/api/index.php/hardware/antennas-status
Cuerpo: 
2026-07-08 19:22:14 - POST /creaciones%20antigravity/Estadias/SIGRAT/backend/api/index.php/hardware/recent-scans
Cuerpo: {"ant_id":"all"}
2026-07-08 19:22:16 - POST /creaciones%20antigravity/Estadias/SIGRAT/backend/api/index.php/hardware/recent-scans
Cuerpo: {"ant_id":"all"}
2026-07-08 19:22:18 - GET /creaciones%20antigravity/Estadias/SIGRAT/backend/api/index.php/hardware/antennas-status
Cuerpo: 
2026-07-08 19:22:19 - POST /creaciones%20antigravity/Estadias/SIGRAT/backend/api/index.php/hardware/recent-scans
Cuerpo: {"ant_id":"all"}
2026-07-08 19:22:20 - GET /creaciones%20antigravity/Estadias/SIGRAT/backend/api/index.php/hardware/antennas-status
Cuerpo: 
2026-07-08 19:22:21 - POST /creaciones%20antigravity/Estadias/SIGRAT/backend/api/index.php/hardware/recent-scans
Cuerpo: {"ant_id":"all"}
2026-07-08 19:22:22 - GET /creaciones%20antigravity/Estadias/SIGRAT/backend/api/index.php/hardware/antennas-status
Cuerpo: 
2026-07-08 19:22:23 - POST /creaciones%20antigravity/Estadias/SIGRAT/backend/api/index.php/hardware/recent-scans
Cuerpo: {"ant_id":"all"}
2026-07-08 19:22:24 - GET /creaciones%20antigravity/Estadias/SIGRAT/backend/api/index.php/hardware/antennas-status
Cuerpo: 
2026-07-08 19:22:25 - POST /creaciones%20antigravity/Estadias/SIGRAT/backend/api/index.php/hardware/recent-scans
Cuerpo: {"ant_id":"all"}
2026-07-08 19:22:26 - GET /creaciones%20antigravity/Estadias/SIGRAT/backend/api/index.php/hardware/antennas-status
Cuerpo: 
2026-07-08 19:22:27 - POST /creaciones%20antigravity/Estadias/SIGRAT/backend/api/index.php/hardware/recent-scans
Cuerpo: {"ant_id":"all"}
2026-07-08 19:22:28 - GET /creaciones%20antigravity/Estadias/SIGRAT/backend/api/index.php/hardware/antennas-status
Cuerpo: 
2026-07-08 19:22:29 - GET /creaciones%20antigravity/Estadias/SIGRAT/backend/api/index.php/hardware/antennas-status
Cuerpo: 
2026-07-08 19:22:30 - POST /creaciones%20antigravity/Estadias/SIGRAT/backend/api/index.php/hardware/recent-scans
Cuerpo: {"ant_id":"all"}
2026-07-08 19:22:31 - POST /creaciones%20antigravity/Estadias/SIGRAT/backend/api/index.php/hardware/recent-scans
Cuerpo: {"ant_id":"all"}
2026-07-08 19:22:32 - GET /creaciones%20antigravity/Estadias/SIGRAT/backend/api/index.php/hardware/antennas-status
Cuerpo: 
2026-07-08 19:22:33 - POST /creaciones%20antigravity/Estadias/SIGRAT/backend/api/index.php/hardware/recent-scans
Cuerpo: {"ant_id":"all"}
2026-07-08 19:22:34 - GET /creaciones%20antigravity/Estadias/SIGRAT/backend/api/index.php/hardware/antennas-status
Cuerpo: 
2026-07-08 19:22:35 - POST /creaciones%20antigravity/Estadias/SIGRAT/backend/api/index.php/hardware/recent-scans
Cuerpo: {"ant_id":"all"}
2026-07-08 19:22:36 - GET /creaciones%20antigravity/Estadias/SIGRAT/backend/api/index.php/hardware/antennas-status
Cuerpo: 
2026-07-08 19:22:37 - POST /creaciones%20antigravity/Estadias/SIGRAT/backend/api/index.php/hardware/recent-scans
Cuerpo: {"ant_id":"all"}
2026-07-08 19:22:38 - GET /creaciones%20antigravity/Estadias/SIGRAT/backend/api/index.php/hardware/antennas-status
Cuerpo: 
2026-07-08 19:22:39 - POST /creaciones%20antigravity/Estadias/SIGRAT/backend/api/index.php/hardware/recent-scans
Cuerpo: {"ant_id":"all"}
2026-07-08 19:22:40 - GET /creaciones%20antigravity/Estadias/SIGRAT/backend/api/index.php/hardware/antennas-status
Cuerpo: 
2026-07-08 19:22:42 - POST /creaciones%20antigravity/Estadias/SIGRAT/backend/api/index.php/hardware/recent-scans
Cuerpo: {"ant_id":"all"}
2026-07-08 19:22:44 - GET /creaciones%20antigravity/Estadias/SIGRAT/backend/api/index.php/hardware/antennas-status
Cuerpo: 
2026-07-08 19:22:45 - POST /creaciones%20antigravity/Estadias/SIGRAT/backend/api/index.php/hardware/recent-scans
Cuerpo: {"ant_id":"all"}
2026-07-08 19:22:46 - GET /creaciones%20antigravity/Estadias/SIGRAT/backend/api/index.php/hardware/antennas-status
Cuerpo: 
2026-07-08 19:22:47 - POST /creaciones%20antigravity/Estadias/SIGRAT/backend/api/index.php/hardware/recent-scans
Cuerpo: {"ant_id":"all"}
2026-07-08 19:22:48 - GET /creaciones%20antigravity/Estadias/SIGRAT/backend/api/index.php/hardware/antennas-status
Cuerpo: 
2026-07-08 19:22:49 - POST /creaciones%20antigravity/Estadias/SIGRAT/backend/api/index.php/hardware/recent-scans
Cuerpo: {"ant_id":"all"}
2026-07-08 19:22:50 - GET /creaciones%20antigravity/Estadias/SIGRAT/backend/api/index.php/hardware/antennas-status
Cuerpo: 
2026-07-08 19:22:51 - POST /creaciones%20antigravity/Estadias/SIGRAT/backend/api/index.php/hardware/recent-scans
Cuerpo: {"ant_id":"all"}
2026-07-08 19:22:51 - GET /creaciones%20antigravity/Estadias/SIGRAT/backend/api/index.php/hardware/antennas-status
Cuerpo: 
2026-07-08 19:22:52 - POST /creaciones%20antigravity/Estadias/SIGRAT/backend/api/index.php/hardware/recent-scans
Cuerpo: {"ant_id":"all"}
2026-07-08 19:22:54 - GET /creaciones%20antigravity/Estadias/SIGRAT/backend/api/index.php/hardware/antennas-status
Cuerpo: 
2026-07-08 19:22:55 - POST /creaciones%20antigravity/Estadias/SIGRAT/backend/api/index.php/hardware/recent-scans
Cuerpo: {"ant_id":"all"}
2026-07-08 19:22:56 - GET /creaciones%20antigravity/Estadias/SIGRAT/backend/api/index.php/hardware/antennas-status
Cuerpo: 
2026-07-08 19:22:58 - POST /creaciones%20antigravity/Estadias/SIGRAT/backend/api/index.php/hardware/recent-scans
Cuerpo: {"ant_id":"all"}
2026-07-08 19:23:00 - GET /creaciones%20antigravity/Estadias/SIGRAT/backend/api/index.php/hardware/antennas-status
Cuerpo: 
2026-07-08 19:23:02 - POST /creaciones%20antigravity/Estadias/SIGRAT/backend/api/index.php/hardware/recent-scans
Cuerpo: {"ant_id":"all"}
2026-07-08 19:23:03 - GET /creaciones%20antigravity/Estadias/SIGRAT/backend/api/index.php/hardware/antennas-status
Cuerpo: 
2026-07-08 19:23:04 - POST /creaciones%20antigravity/Estadias/SIGRAT/backend/api/index.php/hardware/recent-scans
Cuerpo: {"ant_id":"all"}
2026-07-08 19:23:05 - GET /creaciones%20antigravity/Estadias/SIGRAT/backend/api/index.php/hardware/antennas-status
Cuerpo: 
2026-07-08 19:23:07 - POST /creaciones%20antigravity/Estadias/SIGRAT/backend/api/index.php/hardware/recent-scans
Cuerpo: {"ant_id":"all"}
2026-07-08 19:23:08 - GET /creaciones%20antigravity/Estadias/SIGRAT/backend/api/index.php/hardware/antennas-status
Cuerpo: 
2026-07-08 19:23:09 - POST /creaciones%20antigravity/Estadias/SIGRAT/backend/api/index.php/hardware/recent-scans
Cuerpo: {"ant_id":"all"}
2026-07-08 19:23:10 - GET /creaciones%20antigravity/Estadias/SIGRAT/backend/api/index.php/hardware/antennas-status
Cuerpo: 
2026-07-08 19:23:10 - POST /creaciones%20antigravity/Estadias/SIGRAT/backend/api/index.php/hardware/recent-scans
Cuerpo: {"ant_id":"all"}
2026-07-08 19:23:15 - GET /creaciones%20antigravity/Estadias/SIGRAT/backend/api/index.php/hardware/antennas-status
Cuerpo: 
2026-07-08 19:23:17 - POST /creaciones%20antigravity/Estadias/SIGRAT/backend/api/index.php/notifications/check_expiring
Cuerpo: 
2026-07-08 19:23:19 - POST /creaciones%20antigravity/Estadias/SIGRAT/backend/api/index.php/hardware/recent-scans
Cuerpo: {"ant_id":"all"}
2026-07-08 19:23:21 - GET /creaciones%20antigravity/Estadias/SIGRAT/backend/api/index.php/hardware/antennas-status
Cuerpo: 
2026-07-08 19:23:22 - POST /creaciones%20antigravity/Estadias/SIGRAT/backend/api/index.php/hardware/recent-scans
Cuerpo: {"ant_id":"all"}
2026-07-08 19:23:23 - GET /creaciones%20antigravity/Estadias/SIGRAT/backend/api/index.php/hardware/antennas-status
Cuerpo: 
2026-07-08 19:23:24 - GET /creaciones%20antigravity/Estadias/SIGRAT/backend/api/index.php/hardware/antennas-status
Cuerpo: 
2026-07-08 19:23:25 - POST /creaciones%20antigravity/Estadias/SIGRAT/backend/api/index.php/hardware/recent-scans
Cuerpo: {"ant_id":"all"}
2026-07-08 19:23:26 - POST /creaciones%20antigravity/Estadias/SIGRAT/backend/api/index.php/hardware/recent-scans
Cuerpo: {"ant_id":"all"}
2026-07-08 19:23:27 - GET /creaciones%20antigravity/Estadias/SIGRAT/backend/api/index.php/hardware/antennas-status
Cuerpo: 
2026-07-08 19:23:28 - POST /creaciones%20antigravity/Estadias/SIGRAT/backend/api/index.php/hardware/recent-scans
Cuerpo: {"ant_id":"all"}
2026-07-08 19:23:29 - GET /creaciones%20antigravity/Estadias/SIGRAT/backend/api/index.php/hardware/antennas-status
Cuerpo: 
2026-07-08 19:23:30 - POST /creaciones%20antigravity/Estadias/SIGRAT/backend/api/index.php/hardware/recent-scans
Cuerpo: {"ant_id":"all"}
2026-07-08 19:23:35 - GET /creaciones%20antigravity/Estadias/SIGRAT/backend/api/index.php/hardware/antennas-status
Cuerpo: 
2026-07-08 19:23:38 - POST /creaciones%20antigravity/Estadias/SIGRAT/backend/api/index.php/hardware/recent-scans
Cuerpo: {"ant_id":"all"}
2026-07-08 19:23:40 - GET /creaciones%20antigravity/Estadias/SIGRAT/backend/api/index.php/hardware/antennas-status
Cuerpo: 
2026-07-08 19:23:45 - POST /creaciones%20antigravity/Estadias/SIGRAT/backend/api/index.php/hardware/recent-scans
Cuerpo: {"ant_id":"all"}
2026-07-08 19:23:47 - GET /creaciones%20antigravity/Estadias/SIGRAT/backend/api/index.php/hardware/antennas-status
Cuerpo: 
2026-07-08 19:23:52 - POST /creaciones%20antigravity/Estadias/SIGRAT/backend/api/index.php/hardware/recent-scans
Cuerpo: {"ant_id":"all"}
2026-07-08 19:23:54 - GET /creaciones%20antigravity/Estadias/SIGRAT/backend/api/index.php/hardware/antennas-status
Cuerpo: 
2026-07-08 19:23:56 - POST /creaciones%20antigravity/Estadias/SIGRAT/backend/api/index.php/hardware/recent-scans
Cuerpo: {"ant_id":"all"}
2026-07-08 19:24:01 - GET /creaciones%20antigravity/Estadias/SIGRAT/backend/api/index.php/hardware/antennas-status
Cuerpo: 
2026-07-08 19:24:07 - POST /creaciones%20antigravity/Estadias/SIGRAT/backend/api/index.php/hardware/recent-scans
Cuerpo: {"ant_id":"all"}
2026-07-08 19:24:08 - GET /creaciones%20antigravity/Estadias/SIGRAT/backend/api/index.php/hardware/antennas-status
Cuerpo: 
2026-07-08 19:24:09 - POST /creaciones%20antigravity/Estadias/SIGRAT/backend/api/index.php/hardware/recent-scans
Cuerpo: {"ant_id":"all"}
2026-07-08 19:24:31 - GET /creaciones%20antigravity/Estadias/SIGRAT/backend/api/index.php/hardware/antennas-status
Cuerpo: 
2026-07-08 19:24:45 - POST /creaciones%20antigravity/Estadias/SIGRAT/backend/api/index.php/hardware/recent-scans
Cuerpo: {"ant_id":"all"}
2026-07-08 19:24:47 - GET /creaciones%20antigravity/Estadias/SIGRAT/backend/api/index.php/hardware/antennas-status
Cuerpo: 
2026-07-08 19:24:48 - POST /creaciones%20antigravity/Estadias/SIGRAT/backend/api/index.php/hardware/recent-scans
Cuerpo: {"ant_id":"all"}
2026-07-08 19:24:49 - GET /creaciones%20antigravity/Estadias/SIGRAT/backend/api/index.php/hardware/antennas-status
Cuerpo: 
2026-07-08 19:24:50 - POST /creaciones%20antigravity/Estadias/SIGRAT/backend/api/index.php/hardware/recent-scans
Cuerpo: {"ant_id":"all"}
2026-07-08 19:24:51 - GET /creaciones%20antigravity/Estadias/SIGRAT/backend/api/index.php/hardware/antennas-status
Cuerpo: 
2026-07-08 19:24:52 - GET /creaciones%20antigravity/Estadias/SIGRAT/backend/api/index.php/hardware/antennas-status
Cuerpo: 
2026-07-08 19:24:53 - POST /creaciones%20antigravity/Estadias/SIGRAT/backend/api/index.php/hardware/recent-scans
Cuerpo: {"ant_id":"all"}
2026-07-08 19:24:54 - POST /creaciones%20antigravity/Estadias/SIGRAT/backend/api/index.php/hardware/recent-scans
Cuerpo: {"ant_id":"all"}
2026-07-08 19:24:55 - GET /creaciones%20antigravity/Estadias/SIGRAT/backend/api/index.php/hardware/antennas-status
Cuerpo: 
2026-07-08 19:24:56 - POST /creaciones%20antigravity/Estadias/SIGRAT/backend/api/index.php/hardware/recent-scans
Cuerpo: {"ant_id":"all"}
2026-07-08 19:24:57 - GET /creaciones%20antigravity/Estadias/SIGRAT/backend/api/index.php/hardware/antennas-status
Cuerpo: 
2026-07-08 19:24:58 - POST /creaciones%20antigravity/Estadias/SIGRAT/backend/api/index.php/hardware/recent-scans
Cuerpo: {"ant_id":"all"}
2026-07-08 19:24:59 - GET /creaciones%20antigravity/Estadias/SIGRAT/backend/api/index.php/hardware/antennas-status
Cuerpo: 
2026-07-08 19:25:00 - GET /creaciones%20antigravity/Estadias/SIGRAT/backend/api/index.php/hardware/antennas-status
Cuerpo: 
2026-07-08 19:25:01 - POST /creaciones%20antigravity/Estadias/SIGRAT/backend/api/index.php/hardware/recent-scans
Cuerpo: {"ant_id":"all"}
2026-07-08 19:25:02 - POST /creaciones%20antigravity/Estadias/SIGRAT/backend/api/index.php/hardware/recent-scans
Cuerpo: {"ant_id":"all"}
2026-07-08 19:25:03 - GET /creaciones%20antigravity/Estadias/SIGRAT/backend/api/index.php/hardware/antennas-status
Cuerpo: 
2026-07-08 19:25:03 - POST /creaciones%20antigravity/Estadias/SIGRAT/backend/api/index.php/hardware/recent-scans
Cuerpo: {"ant_id":"all"}
2026-07-08 19:25:04 - GET /creaciones%20antigravity/Estadias/SIGRAT/backend/api/index.php/hardware/antennas-status
Cuerpo: 
2026-07-08 19:25:05 - POST /creaciones%20antigravity/Estadias/SIGRAT/backend/api/index.php/hardware/recent-scans
Cuerpo: {"ant_id":"all"}
2026-07-08 19:25:06 - GET /creaciones%20antigravity/Estadias/SIGRAT/backend/api/index.php/hardware/antennas-status
Cuerpo: 
2026-07-08 19:25:07 - POST /creaciones%20antigravity/Estadias/SIGRAT/backend/api/index.php/hardware/recent-scans
Cuerpo: {"ant_id":"all"}
2026-07-08 19:25:08 - GET /creaciones%20antigravity/Estadias/SIGRAT/backend/api/index.php/hardware/antennas-status
Cuerpo: 
2026-07-08 19:25:09 - POST /creaciones%20antigravity/Estadias/SIGRAT/backend/api/index.php/hardware/recent-scans
Cuerpo: {"ant_id":"all"}
2026-07-08 19:25:10 - GET /creaciones%20antigravity/Estadias/SIGRAT/backend/api/index.php/hardware/antennas-status
Cuerpo: 
2026-07-08 19:25:11 - POST /creaciones%20antigravity/Estadias/SIGRAT/backend/api/index.php/hardware/recent-scans
Cuerpo: {"ant_id":"all"}
2026-07-08 19:25:11 - GET /creaciones%20antigravity/Estadias/SIGRAT/backend/api/index.php/hardware/antennas-status
Cuerpo: 
2026-07-08 19:25:12 - POST /creaciones%20antigravity/Estadias/SIGRAT/backend/api/index.php/hardware/recent-scans
Cuerpo: {"ant_id":"all"}
2026-07-08 19:25:13 - GET /creaciones%20antigravity/Estadias/SIGRAT/backend/api/index.php/hardware/antennas-status
Cuerpo: 
2026-07-08 19:25:14 - POST /creaciones%20antigravity/Estadias/SIGRAT/backend/api/index.php/hardware/recent-scans
Cuerpo: {"ant_id":"all"}
2026-07-08 19:25:15 - GET /creaciones%20antigravity/Estadias/SIGRAT/backend/api/index.php/hardware/antennas-status
Cuerpo: 
2026-07-08 19:25:16 - GET /creaciones%20antigravity/Estadias/SIGRAT/backend/api/index.php/hardware/antennas-status
Cuerpo: 
2026-07-08 19:25:17 - POST /creaciones%20antigravity/Estadias/SIGRAT/backend/api/index.php/hardware/recent-scans
Cuerpo: {"ant_id":"all"}
2026-07-08 19:25:18 - POST /creaciones%20antigravity/Estadias/SIGRAT/backend/api/index.php/hardware/recent-scans
Cuerpo: {"ant_id":"all"}
2026-07-08 19:25:19 - GET /creaciones%20antigravity/Estadias/SIGRAT/backend/api/index.php/hardware/antennas-status
Cuerpo: 
2026-07-08 19:25:20 - POST /creaciones%20antigravity/Estadias/SIGRAT/backend/api/index.php/notifications/check_expiring
Cuerpo: 
2026-07-08 19:25:21 - POST /creaciones%20antigravity/Estadias/SIGRAT/backend/api/index.php/hardware/recent-scans
Cuerpo: {"ant_id":"all"}
2026-07-08 19:25:23 - GET /creaciones%20antigravity/Estadias/SIGRAT/backend/api/index.php/hardware/antennas-status
Cuerpo: 
2026-07-08 19:25:24 - GET /creaciones%20antigravity/Estadias/SIGRAT/backend/api/index.php/hardware/antennas-status
Cuerpo: 
2026-07-08 19:25:25 - POST /creaciones%20antigravity/Estadias/SIGRAT/backend/api/index.php/hardware/recent-scans
Cuerpo: {"ant_id":"all"}
2026-07-08 19:25:26 - POST /creaciones%20antigravity/Estadias/SIGRAT/backend/api/index.php/hardware/recent-scans
Cuerpo: {"ant_id":"all"}
2026-07-08 19:25:28 - GET /creaciones%20antigravity/Estadias/SIGRAT/backend/api/index.php/hardware/antennas-status
Cuerpo: 
2026-07-08 19:25:29 - GET /creaciones%20antigravity/Estadias/SIGRAT/backend/api/index.php/hardware/antennas-status
Cuerpo: 
2026-07-08 19:25:30 - POST /creaciones%20antigravity/Estadias/SIGRAT/backend/api/index.php/hardware/recent-scans
Cuerpo: {"ant_id":"all"}
2026-07-08 19:25:30 - POST /creaciones%20antigravity/Estadias/SIGRAT/backend/api/index.php/hardware/recent-scans
Cuerpo: {"ant_id":"all"}
2026-07-08 19:25:31 - GET /creaciones%20antigravity/Estadias/SIGRAT/backend/api/index.php/hardware/antennas-status
Cuerpo: 
2026-07-08 19:25:32 - POST /creaciones%20antigravity/Estadias/SIGRAT/backend/api/index.php/hardware/recent-scans
Cuerpo: {"ant_id":"all"}
2026-07-08 19:25:34 - GET /creaciones%20antigravity/Estadias/SIGRAT/backend/api/index.php/hardware/antennas-status
Cuerpo: 
2026-07-08 19:25:35 - POST /creaciones%20antigravity/Estadias/SIGRAT/backend/api/index.php/hardware/recent-scans
Cuerpo: {"ant_id":"all"}
2026-07-08 19:25:35 - GET /creaciones%20antigravity/Estadias/SIGRAT/backend/api/index.php/hardware/antennas-status
Cuerpo: 
2026-07-08 19:25:36 - GET /creaciones%20antigravity/Estadias/SIGRAT/backend/api/index.php/hardware/antennas-status
Cuerpo: 
2026-07-08 19:25:37 - GET /creaciones%20antigravity/Estadias/SIGRAT/backend/api/index.php/hardware/antennas-status
Cuerpo: 
2026-07-08 19:25:38 - POST /creaciones%20antigravity/Estadias/SIGRAT/backend/api/index.php/hardware/recent-scans
Cuerpo: {"ant_id":"all"}
2026-07-08 19:25:39 - POST /creaciones%20antigravity/Estadias/SIGRAT/backend/api/index.php/hardware/recent-scans
Cuerpo: {"ant_id":"all"}
2026-07-08 19:25:41 - POST /creaciones%20antigravity/Estadias/SIGRAT/backend/api/index.php/hardware/recent-scans
Cuerpo: {"ant_id":"all"}
2026-07-08 19:25:41 - GET /creaciones%20antigravity/Estadias/SIGRAT/backend/api/index.php/hardware/antennas-status
Cuerpo: 
2026-07-08 19:25:42 - POST /creaciones%20antigravity/Estadias/SIGRAT/backend/api/index.php/hardware/recent-scans
Cuerpo: {"ant_id":"all"}
2026-07-08 19:25:43 - GET /creaciones%20antigravity/Estadias/SIGRAT/backend/api/index.php/hardware/antennas-status
Cuerpo: 
2026-07-08 19:25:44 - POST /creaciones%20antigravity/Estadias/SIGRAT/backend/api/index.php/hardware/recent-scans
Cuerpo: {"ant_id":"all"}
2026-07-08 19:25:45 - GET /creaciones%20antigravity/Estadias/SIGRAT/backend/api/index.php/hardware/antennas-status
Cuerpo: 
2026-07-08 19:25:47 - POST /creaciones%20antigravity/Estadias/SIGRAT/backend/api/index.php/hardware/recent-scans
Cuerpo: {"ant_id":"all"}
2026-07-08 19:25:48 - GET /creaciones%20antigravity/Estadias/SIGRAT/backend/api/index.php/hardware/antennas-status
Cuerpo: 
2026-07-08 19:25:49 - GET /creaciones%20antigravity/Estadias/SIGRAT/backend/api/index.php/notifications/all
Cuerpo: 
2026-07-08 19:25:50 - POST /creaciones%20antigravity/Estadias/SIGRAT/backend/api/index.php/hardware/recent-scans
Cuerpo: {"ant_id":"all"}
2026-07-08 19:25:51 - GET /creaciones%20antigravity/Estadias/SIGRAT/backend/api/index.php/hardware/antennas-status
Cuerpo: 
2026-07-08 19:25:52 - POST /creaciones%20antigravity/Estadias/SIGRAT/backend/api/index.php/hardware/recent-scans
Cuerpo: {"ant_id":"all"}
2026-07-08 19:25:53 - GET /creaciones%20antigravity/Estadias/SIGRAT/backend/api/index.php/hardware/antennas-status
Cuerpo: 
2026-07-08 19:25:53 - POST /creaciones%20antigravity/Estadias/SIGRAT/backend/api/index.php/hardware/recent-scans
Cuerpo: {"ant_id":"all"}
2026-07-08 19:25:55 - GET /creaciones%20antigravity/Estadias/SIGRAT/backend/api/index.php/hardware/antennas-status
Cuerpo: 
2026-07-08 19:25:56 - GET /creaciones%20antigravity/Estadias/SIGRAT/backend/api/index.php/hardware/antennas-status
Cuerpo: 
2026-07-08 19:25:56 - POST /creaciones%20antigravity/Estadias/SIGRAT/backend/api/index.php/hardware/recent-scans
Cuerpo: {"ant_id":"all"}
2026-07-08 19:25:57 - POST /creaciones%20antigravity/Estadias/SIGRAT/backend/api/index.php/hardware/recent-scans
Cuerpo: {"ant_id":"all"}
2026-07-08 19:25:58 - GET /creaciones%20antigravity/Estadias/SIGRAT/backend/api/index.php/hardware/antennas-status
Cuerpo: 
2026-07-08 19:25:59 - GET /creaciones%20antigravity/Estadias/SIGRAT/backend/api/index.php/hardware/antennas-status
Cuerpo: 
2026-07-08 19:26:01 - POST /creaciones%20antigravity/Estadias/SIGRAT/backend/api/index.php/hardware/recent-scans
Cuerpo: {"ant_id":"all"}
2026-07-08 19:26:02 - GET /creaciones%20antigravity/Estadias/SIGRAT/backend/api/index.php/hardware/antennas-status
Cuerpo: 
2026-07-08 19:26:03 - POST /creaciones%20antigravity/Estadias/SIGRAT/backend/api/index.php/hardware/recent-scans
Cuerpo: {"ant_id":"all"}
2026-07-08 19:26:04 - GET /creaciones%20antigravity/Estadias/SIGRAT/backend/api/index.php/hardware/antennas-status
Cuerpo: 
2026-07-08 19:26:05 - POST /creaciones%20antigravity/Estadias/SIGRAT/backend/api/index.php/hardware/recent-scans
Cuerpo: {"ant_id":"all"}
2026-07-08 19:26:06 - GET /creaciones%20antigravity/Estadias/SIGRAT/backend/api/index.php/hardware/antennas-status
Cuerpo: 
2026-07-08 19:26:07 - POST /creaciones%20antigravity/Estadias/SIGRAT/backend/api/index.php/hardware/recent-scans
Cuerpo: {"ant_id":"all"}
2026-07-08 19:26:08 - GET /creaciones%20antigravity/Estadias/SIGRAT/backend/api/index.php/hardware/antennas-status
Cuerpo: 
2026-07-08 19:26:09 - POST /creaciones%20antigravity/Estadias/SIGRAT/backend/api/index.php/hardware/recent-scans
Cuerpo: {"ant_id":"all"}
2026-07-08 19:26:11 - GET /creaciones%20antigravity/Estadias/SIGRAT/backend/api/index.php/hardware/antennas-status
Cuerpo: 
2026-07-08 19:26:12 - GET /creaciones%20antigravity/Estadias/SIGRAT/backend/api/index.php/hardware/antennas-status
Cuerpo: 
2026-07-08 19:26:14 - GET /creaciones%20antigravity/Estadias/SIGRAT/backend/api/index.php/hardware/antennas-status
Cuerpo: 
2026-07-08 19:26:15 - POST /creaciones%20antigravity/Estadias/SIGRAT/backend/api/index.php/hardware/recent-scans
Cuerpo: {"ant_id":"all"}
2026-07-08 19:26:16 - POST /creaciones%20antigravity/Estadias/SIGRAT/backend/api/index.php/hardware/recent-scans
Cuerpo: {"ant_id":"all"}
2026-07-08 19:26:17 - GET /creaciones%20antigravity/Estadias/SIGRAT/backend/api/index.php/hardware/antennas-status
Cuerpo: 
2026-07-08 19:26:19 - GET /creaciones%20antigravity/Estadias/SIGRAT/backend/api/index.php/hardware/antennas-status
Cuerpo: 
2026-07-08 19:26:20 - POST /creaciones%20antigravity/Estadias/SIGRAT/backend/api/index.php/hardware/recent-scans
Cuerpo: {"ant_id":"all"}
2026-07-08 19:26:21 - POST /creaciones%20antigravity/Estadias/SIGRAT/backend/api/index.php/hardware/recent-scans
Cuerpo: {"ant_id":"all"}
2026-07-08 19:26:43 - GET /creaciones%20antigravity/Estadias/SIGRAT/backend/api/index.php/hardware/antennas-status
Cuerpo: 
2026-07-08 19:26:44 - POST /creaciones%20antigravity/Estadias/SIGRAT/backend/api/index.php/notifications/check_expiring
Cuerpo: 
2026-07-08 19:26:45 - POST /creaciones%20antigravity/Estadias/SIGRAT/backend/api/index.php/hardware/recent-scans
Cuerpo: {"ant_id":"all"}
2026-07-08 19:26:47 - GET /creaciones%20antigravity/Estadias/SIGRAT/backend/api/index.php/hardware/antennas-status
Cuerpo: 
2026-07-08 19:26:48 - GET /creaciones%20antigravity/Estadias/SIGRAT/backend/api/index.php/hardware/antennas-status
Cuerpo: 
2026-07-08 19:26:50 - POST /creaciones%20antigravity/Estadias/SIGRAT/backend/api/index.php/hardware/recent-scans
Cuerpo: {"ant_id":"all"}
2026-07-08 19:26:51 - POST /creaciones%20antigravity/Estadias/SIGRAT/backend/api/index.php/hardware/recent-scans
Cuerpo: {"ant_id":"all"}
2026-07-08 19:26:52 - POST /creaciones%20antigravity/Estadias/SIGRAT/backend/api/index.php/hardware/recent-scans
Cuerpo: {"ant_id":"all"}
2026-07-08 19:26:54 - POST /creaciones%20antigravity/Estadias/SIGRAT/backend/api/index.php/hardware/recent-scans
Cuerpo: {"ant_id":"all"}
2026-07-08 19:26:56 - POST /creaciones%20antigravity/Estadias/SIGRAT/backend/api/index.php/hardware/recent-scans
Cuerpo: {"ant_id":"all"}
2026-07-08 19:26:58 - POST /creaciones%20antigravity/Estadias/SIGRAT/backend/api/index.php/hardware/recent-scans
Cuerpo: {"ant_id":"all"}
2026-07-08 19:27:04 - POST /creaciones%20antigravity/Estadias/SIGRAT/backend/api/index.php/hardware/recent-scans
Cuerpo: {"ant_id":"all"}
2026-07-08 19:27:09 - POST /creaciones%20antigravity/Estadias/SIGRAT/backend/api/index.php/hardware/recent-scans
Cuerpo: {"ant_id":"all"}
2026-07-08 19:27:10 - POST /creaciones%20antigravity/Estadias/SIGRAT/backend/api/index.php/hardware/recent-scans
Cuerpo: {"ant_id":"all"}
2026-07-08 19:27:11 - POST /creaciones%20antigravity/Estadias/SIGRAT/backend/api/index.php/hardware/recent-scans
Cuerpo: {"ant_id":"all"}
2026-07-08 19:27:12 - GET /creaciones%20antigravity/Estadias/SIGRAT/backend/api/index.php/hardware/antennas-status
Cuerpo: 
2026-07-08 19:27:13 - GET /creaciones%20antigravity/Estadias/SIGRAT/backend/api/index.php/hardware/antennas-status
Cuerpo: 
2026-07-08 19:27:14 - GET /creaciones%20antigravity/Estadias/SIGRAT/backend/api/index.php/hardware/antennas-status
Cuerpo: 
2026-07-08 19:27:15 - GET /creaciones%20antigravity/Estadias/SIGRAT/backend/api/index.php/hardware/antennas-status
Cuerpo: 
2026-07-08 19:27:17 - GET /creaciones%20antigravity/Estadias/SIGRAT/backend/api/index.php/hardware/antennas-status
Cuerpo: 
2026-07-08 19:27:17 - GET /creaciones%20antigravity/Estadias/SIGRAT/backend/api/index.php/hardware/antennas-status
Cuerpo: 
2026-07-08 19:27:19 - GET /creaciones%20antigravity/Estadias/SIGRAT/backend/api/index.php/hardware/antennas-status
Cuerpo: 
2026-07-08 19:27:20 - GET /creaciones%20antigravity/Estadias/SIGRAT/backend/api/index.php/hardware/antennas-status
Cuerpo: 
2026-07-08 19:27:21 - POST /creaciones%20antigravity/Estadias/SIGRAT/backend/api/index.php/hardware/recent-scans
Cuerpo: {"ant_id":"all"}
2026-07-08 19:27:22 - GET /creaciones%20antigravity/Estadias/SIGRAT/backend/api/index.php/hardware/antennas-status
Cuerpo: 
2026-07-08 19:27:23 - POST /creaciones%20antigravity/Estadias/SIGRAT/backend/api/index.php/hardware/recent-scans
Cuerpo: {"ant_id":"all"}
2026-07-08 19:27:25 - GET /creaciones%20antigravity/Estadias/SIGRAT/backend/api/index.php/hardware/antennas-status
Cuerpo: 
2026-07-08 19:27:25 - POST /creaciones%20antigravity/Estadias/SIGRAT/backend/api/index.php/hardware/recent-scans
Cuerpo: {"ant_id":"all"}
2026-07-08 19:27:27 - GET /creaciones%20antigravity/Estadias/SIGRAT/backend/api/index.php/hardware/antennas-status
Cuerpo: 
2026-07-08 19:27:28 - POST /creaciones%20antigravity/Estadias/SIGRAT/backend/api/index.php/hardware/recent-scans
Cuerpo: {"ant_id":"all"}
2026-07-08 19:27:29 - POST /creaciones%20antigravity/Estadias/SIGRAT/backend/api/index.php/hardware/recent-scans
Cuerpo: {"ant_id":"all"}
2026-07-08 19:27:30 - GET /creaciones%20antigravity/Estadias/SIGRAT/backend/api/index.php/hardware/antennas-status
Cuerpo: 
2026-07-08 19:27:31 - GET /creaciones%20antigravity/Estadias/SIGRAT/backend/api/index.php/hardware/antennas-status
Cuerpo: 
2026-07-08 19:27:32 - POST /creaciones%20antigravity/Estadias/SIGRAT/backend/api/index.php/hardware/recent-scans
Cuerpo: {"ant_id":"all"}
2026-07-08 19:27:33 - GET /creaciones%20antigravity/Estadias/SIGRAT/backend/api/index.php/hardware/antennas-status
Cuerpo: 
2026-07-08 19:27:34 - POST /creaciones%20antigravity/Estadias/SIGRAT/backend/api/index.php/hardware/recent-scans
Cuerpo: {"ant_id":"all"}
2026-07-08 19:27:35 - GET /creaciones%20antigravity/Estadias/SIGRAT/backend/api/index.php/hardware/antennas-status
Cuerpo: 
2026-07-08 19:27:37 - POST /creaciones%20antigravity/Estadias/SIGRAT/backend/api/index.php/hardware/recent-scans
Cuerpo: {"ant_id":"all"}
2026-07-08 19:27:38 - GET /creaciones%20antigravity/Estadias/SIGRAT/backend/api/index.php/hardware/antennas-status
Cuerpo: 
2026-07-08 19:27:39 - POST /creaciones%20antigravity/Estadias/SIGRAT/backend/api/index.php/hardware/recent-scans
Cuerpo: {"ant_id":"all"}
2026-07-08 19:27:40 - POST /creaciones%20antigravity/Estadias/SIGRAT/backend/api/index.php/hardware/recent-scans
Cuerpo: {"ant_id":"all"}
2026-07-08 19:27:41 - GET /creaciones%20antigravity/Estadias/SIGRAT/backend/api/index.php/hardware/antennas-status
Cuerpo: 
2026-07-08 19:27:42 - POST /creaciones%20antigravity/Estadias/SIGRAT/backend/api/index.php/hardware/recent-scans
Cuerpo: {"ant_id":"all"}
2026-07-08 19:27:43 - GET /creaciones%20antigravity/Estadias/SIGRAT/backend/api/index.php/hardware/antennas-status
Cuerpo: 
2026-07-08 19:27:44 - POST /creaciones%20antigravity/Estadias/SIGRAT/backend/api/index.php/hardware/recent-scans
Cuerpo: {"ant_id":"all"}
2026-07-08 19:27:45 - GET /creaciones%20antigravity/Estadias/SIGRAT/backend/api/index.php/hardware/antennas-status
Cuerpo: 
2026-07-08 19:27:46 - POST /creaciones%20antigravity/Estadias/SIGRAT/backend/api/index.php/hardware/recent-scans
Cuerpo: {"ant_id":"all"}
2026-07-08 19:27:47 - GET /creaciones%20antigravity/Estadias/SIGRAT/backend/api/index.php/hardware/antennas-status
Cuerpo: 
2026-07-08 19:27:48 - POST /creaciones%20antigravity/Estadias/SIGRAT/backend/api/index.php/hardware/recent-scans
Cuerpo: {"ant_id":"all"}
2026-07-08 19:27:49 - GET /creaciones%20antigravity/Estadias/SIGRAT/backend/api/index.php/hardware/antennas-status
Cuerpo: 
2026-07-08 19:27:50 - GET /creaciones%20antigravity/Estadias/SIGRAT/backend/api/index.php/hardware/antennas-status
Cuerpo: 
2026-07-08 19:27:51 - POST /creaciones%20antigravity/Estadias/SIGRAT/backend/api/index.php/hardware/recent-scans
Cuerpo: {"ant_id":"all"}
2026-07-08 19:27:51 - POST /creaciones%20antigravity/Estadias/SIGRAT/backend/api/index.php/hardware/recent-scans
Cuerpo: {"ant_id":"all"}
2026-07-08 19:27:52 - GET /creaciones%20antigravity/Estadias/SIGRAT/backend/api/index.php/hardware/antennas-status
Cuerpo: 
2026-07-08 19:27:53 - POST /creaciones%20antigravity/Estadias/SIGRAT/backend/api/index.php/hardware/recent-scans
Cuerpo: {"ant_id":"all"}
2026-07-08 19:27:55 - GET /creaciones%20antigravity/Estadias/SIGRAT/backend/api/index.php/hardware/antennas-status
Cuerpo: 
2026-07-08 19:27:56 - POST /creaciones%20antigravity/Estadias/SIGRAT/backend/api/index.php/hardware/recent-scans
Cuerpo: {"ant_id":"all"}
2026-07-08 19:27:57 - GET /creaciones%20antigravity/Estadias/SIGRAT/backend/api/index.php/hardware/antennas-status
Cuerpo: 
2026-07-08 19:27:58 - POST /creaciones%20antigravity/Estadias/SIGRAT/backend/api/index.php/hardware/recent-scans
Cuerpo: {"ant_id":"all"}
2026-07-08 19:27:59 - GET /creaciones%20antigravity/Estadias/SIGRAT/backend/api/index.php/hardware/antennas-status
Cuerpo: 
2026-07-08 19:28:00 - POST /creaciones%20antigravity/Estadias/SIGRAT/backend/api/index.php/notifications/check_expiring
Cuerpo: 
2026-07-08 19:28:01 - GET /creaciones%20antigravity/Estadias/SIGRAT/backend/api/index.php/hardware/antennas-status
Cuerpo: 
2026-07-08 19:28:02 - POST /creaciones%20antigravity/Estadias/SIGRAT/backend/api/index.php/hardware/recent-scans
Cuerpo: {"ant_id":"all"}
2026-07-08 19:28:03 - POST /creaciones%20antigravity/Estadias/SIGRAT/backend/api/index.php/hardware/recent-scans
Cuerpo: {"ant_id":"all"}
2026-07-08 19:28:04 - GET /creaciones%20antigravity/Estadias/SIGRAT/backend/api/index.php/hardware/antennas-status
Cuerpo: 
2026-07-08 19:28:08 - GET /creaciones%20antigravity/Estadias/SIGRAT/backend/api/index.php/notifications/all
Cuerpo: 
2026-07-08 19:28:14 - GET /creaciones%20antigravity/Estadias/SIGRAT/backend/api/index.php/hardware/antennas-status
Cuerpo: 
2026-07-08 19:28:27 - POST /creaciones%20antigravity/Estadias/SIGRAT/backend/api/index.php/hardware/recent-scans
Cuerpo: {"ant_id":"all"}
2026-07-08 19:28:33 - GET /creaciones%20antigravity/Estadias/SIGRAT/backend/api/index.php/hardware/antennas-status
Cuerpo: 
2026-07-08 19:28:38 - POST /creaciones%20antigravity/Estadias/SIGRAT/backend/api/index.php/hardware/recent-scans
Cuerpo: {"ant_id":"all"}
2026-07-08 19:28:46 - GET /creaciones%20antigravity/Estadias/SIGRAT/backend/api/index.php/hardware/antennas-status
Cuerpo: 
2026-07-08 19:28:52 - POST /creaciones%20antigravity/Estadias/SIGRAT/backend/api/index.php/hardware/recent-scans
Cuerpo: {"ant_id":"all"}
2026-07-08 19:28:56 - POST /creaciones%20antigravity/Estadias/SIGRAT/backend/api/index.php/hardware/recent-scans
Cuerpo: {"ant_id":"all"}
2026-07-08 19:29:02 - GET /creaciones%20antigravity/Estadias/SIGRAT/backend/api/index.php/hardware/antennas-status
Cuerpo: 
2026-07-08 19:29:32 - POST /creaciones%20antigravity/Estadias/SIGRAT/backend/api/index.php/hardware/recent-scans
Cuerpo: {"ant_id":"all"}
2026-07-08 19:29:35 - GET /creaciones%20antigravity/Estadias/SIGRAT/backend/api/index.php/hardware/antennas-status
Cuerpo: 
2026-07-08 19:29:48 - GET /creaciones%20antigravity/Estadias/SIGRAT/backend/api/index.php/hardware/antennas-status
Cuerpo: 
2026-07-08 19:29:55 - POST /creaciones%20antigravity/Estadias/SIGRAT/backend/api/index.php/hardware/recent-scans
Cuerpo: {"ant_id":"all"}
2026-07-08 19:30:07 - POST /creaciones%20antigravity/Estadias/SIGRAT/backend/api/index.php/hardware/recent-scans
Cuerpo: {"ant_id":"all"}
2026-07-08 19:30:09 - GET /creaciones%20antigravity/Estadias/SIGRAT/backend/api/index.php/hardware/antennas-status
Cuerpo: 
2026-07-08 19:30:14 - POST /creaciones%20antigravity/Estadias/SIGRAT/backend/api/index.php/hardware/recent-scans
Cuerpo: {"ant_id":"all"}
2026-07-08 19:30:15 - GET /creaciones%20antigravity/Estadias/SIGRAT/backend/api/index.php/hardware/antennas-status
Cuerpo: 
2026-07-08 19:30:20 - POST /creaciones%20antigravity/Estadias/SIGRAT/backend/api/index.php/hardware/recent-scans
Cuerpo: {"ant_id":"all"}
2026-07-08 19:30:28 - GET /creaciones%20antigravity/Estadias/SIGRAT/backend/api/index.php/hardware/antennas-status
Cuerpo: 
2026-07-08 19:30:32 - POST /creaciones%20antigravity/Estadias/SIGRAT/backend/api/index.php/hardware/recent-scans
Cuerpo: {"ant_id":"all"}
2026-07-08 19:30:36 - GET /creaciones%20antigravity/Estadias/SIGRAT/backend/api/index.php/hardware/antennas-status
Cuerpo: 
2026-07-08 19:30:40 - POST /creaciones%20antigravity/Estadias/SIGRAT/backend/api/index.php/hardware/recent-scans
Cuerpo: {"ant_id":"all"}
2026-07-08 19:30:43 - GET /creaciones%20antigravity/Estadias/SIGRAT/backend/api/index.php/hardware/antennas-status
Cuerpo: 
2026-07-08 19:30:49 - POST /creaciones%20antigravity/Estadias/SIGRAT/backend/api/index.php/hardware/recent-scans
Cuerpo: {"ant_id":"all"}
2026-07-08 19:30:52 - GET /creaciones%20antigravity/Estadias/SIGRAT/backend/api/index.php/hardware/antennas-status
Cuerpo: 
2026-07-08 19:30:57 - POST /creaciones%20antigravity/Estadias/SIGRAT/backend/api/index.php/hardware/recent-scans
Cuerpo: {"ant_id":"all"}
2026-07-08 19:30:58 - GET /creaciones%20antigravity/Estadias/SIGRAT/backend/api/index.php/hardware/antennas-status
Cuerpo: 
2026-07-08 19:31:04 - GET /creaciones%20antigravity/Estadias/SIGRAT/backend/api/index.php/hardware/antennas-status
Cuerpo: 
2026-07-08 19:31:07 - POST /creaciones%20antigravity/Estadias/SIGRAT/backend/api/index.php/hardware/recent-scans
Cuerpo: {"ant_id":"all"}
2026-07-08 19:31:12 - POST /creaciones%20antigravity/Estadias/SIGRAT/backend/api/index.php/hardware/recent-scans
Cuerpo: {"ant_id":"all"}
2026-07-08 19:31:17 - GET /creaciones%20antigravity/Estadias/SIGRAT/backend/api/index.php/hardware/antennas-status
Cuerpo: 
2026-07-08 19:31:21 - POST /creaciones%20antigravity/Estadias/SIGRAT/backend/api/index.php/hardware/recent-scans
Cuerpo: {"ant_id":"all"}
2026-07-08 19:31:22 - GET /creaciones%20antigravity/Estadias/SIGRAT/backend/api/index.php/hardware/antennas-status
Cuerpo: 
2026-07-08 19:31:23 - POST /creaciones%20antigravity/Estadias/SIGRAT/backend/api/index.php/hardware/recent-scans
Cuerpo: {"ant_id":"all"}
2026-07-08 19:31:24 - GET /creaciones%20antigravity/Estadias/SIGRAT/backend/api/index.php/hardware/antennas-status
Cuerpo: 
2026-07-08 19:31:25 - POST /creaciones%20antigravity/Estadias/SIGRAT/backend/api/index.php/hardware/recent-scans
Cuerpo: {"ant_id":"all"}
2026-07-08 19:31:26 - GET /creaciones%20antigravity/Estadias/SIGRAT/backend/api/index.php/hardware/antennas-status
Cuerpo: 
2026-07-08 19:31:27 - POST /creaciones%20antigravity/Estadias/SIGRAT/backend/api/index.php/hardware/recent-scans
Cuerpo: {"ant_id":"all"}
2026-07-08 19:31:28 - GET /creaciones%20antigravity/Estadias/SIGRAT/backend/api/index.php/hardware/antennas-status
Cuerpo: 
2026-07-08 19:31:29 - POST /creaciones%20antigravity/Estadias/SIGRAT/backend/api/index.php/hardware/recent-scans
Cuerpo: {"ant_id":"all"}
2026-07-08 19:31:30 - GET /creaciones%20antigravity/Estadias/SIGRAT/backend/api/index.php/hardware/antennas-status
Cuerpo: 
2026-07-08 19:31:31 - POST /creaciones%20antigravity/Estadias/SIGRAT/backend/api/index.php/hardware/recent-scans
Cuerpo: {"ant_id":"all"}
2026-07-08 19:31:31 - GET /creaciones%20antigravity/Estadias/SIGRAT/backend/api/index.php/hardware/antennas-status
Cuerpo: 
2026-07-08 19:31:32 - POST /creaciones%20antigravity/Estadias/SIGRAT/backend/api/index.php/hardware/recent-scans
Cuerpo: {"ant_id":"all"}
2026-07-08 19:31:34 - GET /creaciones%20antigravity/Estadias/SIGRAT/backend/api/index.php/hardware/antennas-status
Cuerpo: 
2026-07-08 19:31:35 - POST /creaciones%20antigravity/Estadias/SIGRAT/backend/api/index.php/hardware/recent-scans
Cuerpo: {"ant_id":"all"}
2026-07-08 19:31:37 - GET /creaciones%20antigravity/Estadias/SIGRAT/backend/api/index.php/hardware/antennas-status
Cuerpo: 
2026-07-08 19:31:38 - POST /creaciones%20antigravity/Estadias/SIGRAT/backend/api/index.php/hardware/recent-scans
Cuerpo: {"ant_id":"all"}
2026-07-08 19:31:39 - GET /creaciones%20antigravity/Estadias/SIGRAT/backend/api/index.php/hardware/antennas-status
Cuerpo: 
2026-07-08 19:31:39 - POST /creaciones%20antigravity/Estadias/SIGRAT/backend/api/index.php/hardware/recent-scans
Cuerpo: {"ant_id":"all"}
2026-07-08 19:31:41 - GET /creaciones%20antigravity/Estadias/SIGRAT/backend/api/index.php/hardware/antennas-status
Cuerpo: 
2026-07-08 19:31:42 - POST /creaciones%20antigravity/Estadias/SIGRAT/backend/api/index.php/hardware/recent-scans
Cuerpo: {"ant_id":"all"}
2026-07-08 19:31:42 - GET /creaciones%20antigravity/Estadias/SIGRAT/backend/api/index.php/hardware/antennas-status
Cuerpo: 
2026-07-08 19:31:43 - POST /creaciones%20antigravity/Estadias/SIGRAT/backend/api/index.php/hardware/recent-scans
Cuerpo: {"ant_id":"all"}
2026-07-08 19:31:44 - GET /creaciones%20antigravity/Estadias/SIGRAT/backend/api/index.php/hardware/antennas-status
Cuerpo: 
2026-07-08 19:31:45 - POST /creaciones%20antigravity/Estadias/SIGRAT/backend/api/index.php/hardware/recent-scans
Cuerpo: {"ant_id":"all"}
2026-07-08 19:31:46 - GET /creaciones%20antigravity/Estadias/SIGRAT/backend/api/index.php/hardware/antennas-status
Cuerpo: 
2026-07-08 19:31:47 - POST /creaciones%20antigravity/Estadias/SIGRAT/backend/api/index.php/notifications/check_expiring
Cuerpo: 
2026-07-08 19:31:48 - GET /creaciones%20antigravity/Estadias/SIGRAT/backend/api/index.php/hardware/antennas-status
Cuerpo: 
2026-07-08 19:31:49 - POST /creaciones%20antigravity/Estadias/SIGRAT/backend/api/index.php/hardware/recent-scans
Cuerpo: {"ant_id":"all"}
2026-07-08 19:31:50 - POST /creaciones%20antigravity/Estadias/SIGRAT/backend/api/index.php/hardware/recent-scans
Cuerpo: {"ant_id":"all"}
2026-07-08 19:31:54 - GET /creaciones%20antigravity/Estadias/SIGRAT/backend/api/index.php/hardware/antennas-status
Cuerpo: 
2026-07-08 19:31:55 - POST /creaciones%20antigravity/Estadias/SIGRAT/backend/api/index.php/hardware/recent-scans
Cuerpo: {"ant_id":"all"}
2026-07-08 19:31:56 - GET /creaciones%20antigravity/Estadias/SIGRAT/backend/api/index.php/hardware/antennas-status
Cuerpo: 
2026-07-08 19:31:57 - GET /creaciones%20antigravity/Estadias/SIGRAT/backend/api/index.php/hardware/antennas-status
Cuerpo: 
2026-07-08 19:31:58 - POST /creaciones%20antigravity/Estadias/SIGRAT/backend/api/index.php/hardware/recent-scans
Cuerpo: {"ant_id":"all"}
2026-07-08 19:31:59 - POST /creaciones%20antigravity/Estadias/SIGRAT/backend/api/index.php/hardware/recent-scans
Cuerpo: {"ant_id":"all"}
2026-07-08 19:32:00 - GET /creaciones%20antigravity/Estadias/SIGRAT/backend/api/index.php/hardware/antennas-status
Cuerpo: 
2026-07-08 19:32:02 - POST /creaciones%20antigravity/Estadias/SIGRAT/backend/api/index.php/hardware/recent-scans
Cuerpo: {"ant_id":"all"}
2026-07-08 19:32:02 - GET /creaciones%20antigravity/Estadias/SIGRAT/backend/api/index.php/hardware/antennas-status
Cuerpo: 
2026-07-08 19:32:04 - POST /creaciones%20antigravity/Estadias/SIGRAT/backend/api/index.php/hardware/recent-scans
Cuerpo: {"ant_id":"all"}
2026-07-08 19:32:04 - GET /creaciones%20antigravity/Estadias/SIGRAT/backend/api/index.php/hardware/antennas-status
Cuerpo: 
2026-07-08 19:32:05 - GET /creaciones%20antigravity/Estadias/SIGRAT/backend/api/index.php/hardware/antennas-status
Cuerpo: 
2026-07-08 19:32:05 - POST /creaciones%20antigravity/Estadias/SIGRAT/backend/api/index.php/hardware/recent-scans
Cuerpo: {"ant_id":"all"}
2026-07-08 19:32:06 - POST /creaciones%20antigravity/Estadias/SIGRAT/backend/api/index.php/hardware/recent-scans
Cuerpo: {"ant_id":"all"}
2026-07-08 19:32:07 - GET /creaciones%20antigravity/Estadias/SIGRAT/backend/api/index.php/hardware/antennas-status
Cuerpo: 
2026-07-08 19:32:07 - POST /creaciones%20antigravity/Estadias/SIGRAT/backend/api/index.php/hardware/recent-scans
Cuerpo: {"ant_id":"all"}
2026-07-08 19:32:09 - GET /creaciones%20antigravity/Estadias/SIGRAT/backend/api/index.php/hardware/antennas-status
Cuerpo: 
2026-07-08 19:32:10 - POST /creaciones%20antigravity/Estadias/SIGRAT/backend/api/index.php/hardware/recent-scans
Cuerpo: {"ant_id":"all"}
2026-07-08 19:32:10 - GET /creaciones%20antigravity/Estadias/SIGRAT/backend/api/index.php/hardware/antennas-status
Cuerpo: 
2026-07-08 19:32:11 - POST /creaciones%20antigravity/Estadias/SIGRAT/backend/api/index.php/hardware/recent-scans
Cuerpo: {"ant_id":"all"}
2026-07-08 19:32:11 - GET /creaciones%20antigravity/Estadias/SIGRAT/backend/api/index.php/hardware/antennas-status
Cuerpo: 
2026-07-08 19:32:12 - POST /creaciones%20antigravity/Estadias/SIGRAT/backend/api/index.php/hardware/recent-scans
Cuerpo: {"ant_id":"all"}
2026-07-08 19:32:13 - GET /creaciones%20antigravity/Estadias/SIGRAT/backend/api/index.php/hardware/antennas-status
Cuerpo: 
2026-07-08 19:32:13 - POST /creaciones%20antigravity/Estadias/SIGRAT/backend/api/index.php/hardware/recent-scans
Cuerpo: {"ant_id":"all"}
2026-07-08 19:32:14 - GET /creaciones%20antigravity/Estadias/SIGRAT/backend/api/index.php/hardware/antennas-status
Cuerpo: 
2026-07-08 19:32:15 - GET /creaciones%20antigravity/Estadias/SIGRAT/backend/api/index.php/notifications/all
Cuerpo: 
2026-07-08 19:32:15 - POST /creaciones%20antigravity/Estadias/SIGRAT/backend/api/index.php/hardware/recent-scans
Cuerpo: {"ant_id":"all"}
2026-07-08 19:32:16 - GET /creaciones%20antigravity/Estadias/SIGRAT/backend/api/index.php/hardware/antennas-status
Cuerpo: 
2026-07-08 19:32:16 - POST /creaciones%20antigravity/Estadias/SIGRAT/backend/api/index.php/hardware/recent-scans
Cuerpo: {"ant_id":"all"}
2026-07-08 19:32:18 - GET /creaciones%20antigravity/Estadias/SIGRAT/backend/api/index.php/hardware/antennas-status
Cuerpo: 
2026-07-08 19:32:19 - POST /creaciones%20antigravity/Estadias/SIGRAT/backend/api/index.php/hardware/recent-scans
Cuerpo: {"ant_id":"all"}
2026-07-08 19:32:19 - GET /creaciones%20antigravity/Estadias/SIGRAT/backend/api/index.php/hardware/antennas-status
Cuerpo: 
2026-07-08 19:32:20 - POST /creaciones%20antigravity/Estadias/SIGRAT/backend/api/index.php/hardware/recent-scans
Cuerpo: {"ant_id":"all"}
2026-07-08 19:32:21 - GET /creaciones%20antigravity/Estadias/SIGRAT/backend/api/index.php/hardware/antennas-status
Cuerpo: 
2026-07-08 19:32:21 - POST /creaciones%20antigravity/Estadias/SIGRAT/backend/api/index.php/hardware/recent-scans
Cuerpo: {"ant_id":"all"}
2026-07-08 19:32:22 - GET /creaciones%20antigravity/Estadias/SIGRAT/backend/api/index.php/hardware/antennas-status
Cuerpo: 
2026-07-08 19:32:22 - POST /creaciones%20antigravity/Estadias/SIGRAT/backend/api/index.php/hardware/recent-scans
Cuerpo: {"ant_id":"all"}
2026-07-08 19:32:23 - GET /creaciones%20antigravity/Estadias/SIGRAT/backend/api/index.php/hardware/antennas-status
Cuerpo: 
2026-07-08 19:32:24 - GET /creaciones%20antigravity/Estadias/SIGRAT/backend/api/index.php/hardware/antennas-status
Cuerpo: 
2026-07-08 19:32:24 - POST /creaciones%20antigravity/Estadias/SIGRAT/backend/api/index.php/hardware/recent-scans
Cuerpo: {"ant_id":"all"}
2026-07-08 19:32:25 - POST /creaciones%20antigravity/Estadias/SIGRAT/backend/api/index.php/hardware/recent-scans
Cuerpo: {"ant_id":"all"}
2026-07-08 19:32:26 - GET /creaciones%20antigravity/Estadias/SIGRAT/backend/api/index.php/hardware/antennas-status
Cuerpo: 
2026-07-08 19:32:26 - POST /creaciones%20antigravity/Estadias/SIGRAT/backend/api/index.php/hardware/recent-scans
Cuerpo: {"ant_id":"all"}
2026-07-08 19:32:27 - GET /creaciones%20antigravity/Estadias/SIGRAT/backend/api/index.php/hardware/antennas-status
Cuerpo: 
2026-07-08 19:32:28 - POST /creaciones%20antigravity/Estadias/SIGRAT/backend/api/index.php/hardware/recent-scans
Cuerpo: {"ant_id":"all"}
2026-07-08 19:32:28 - GET /creaciones%20antigravity/Estadias/SIGRAT/backend/api/index.php/hardware/antennas-status
Cuerpo: 
2026-07-08 19:32:29 - POST /creaciones%20antigravity/Estadias/SIGRAT/backend/api/index.php/hardware/recent-scans
Cuerpo: {"ant_id":"all"}
2026-07-08 19:32:29 - GET /creaciones%20antigravity/Estadias/SIGRAT/backend/api/index.php/hardware/antennas-status
Cuerpo: 
2026-07-08 19:32:30 - GET /creaciones%20antigravity/Estadias/SIGRAT/backend/api/index.php/hardware/antennas-status
Cuerpo: 
2026-07-08 19:32:31 - POST /creaciones%20antigravity/Estadias/SIGRAT/backend/api/index.php/hardware/recent-scans
Cuerpo: {"ant_id":"all"}
2026-07-08 19:32:32 - POST /creaciones%20antigravity/Estadias/SIGRAT/backend/api/index.php/hardware/recent-scans
Cuerpo: {"ant_id":"all"}
2026-07-08 19:32:32 - GET /creaciones%20antigravity/Estadias/SIGRAT/backend/api/index.php/hardware/antennas-status
Cuerpo: 
2026-07-08 19:32:33 - GET /creaciones%20antigravity/Estadias/SIGRAT/backend/api/index.php/hardware/antennas-status
Cuerpo: 
2026-07-08 19:32:33 - POST /creaciones%20antigravity/Estadias/SIGRAT/backend/api/index.php/hardware/recent-scans
Cuerpo: {"ant_id":"all"}
2026-07-08 19:32:34 - POST /creaciones%20antigravity/Estadias/SIGRAT/backend/api/index.php/hardware/recent-scans
Cuerpo: {"ant_id":"all"}
2026-07-08 19:32:34 - GET /creaciones%20antigravity/Estadias/SIGRAT/backend/api/index.php/hardware/antennas-status
Cuerpo: 
2026-07-08 19:32:35 - POST /creaciones%20antigravity/Estadias/SIGRAT/backend/api/index.php/hardware/recent-scans
Cuerpo: {"ant_id":"all"}
2026-07-08 19:32:35 - GET /creaciones%20antigravity/Estadias/SIGRAT/backend/api/index.php/hardware/antennas-status
Cuerpo: 
2026-07-08 19:32:36 - POST /creaciones%20antigravity/Estadias/SIGRAT/backend/api/index.php/notifications/check_expiring
Cuerpo: 
2026-07-08 19:32:37 - POST /creaciones%20antigravity/Estadias/SIGRAT/backend/api/index.php/hardware/recent-scans
Cuerpo: {"ant_id":"all"}
2026-07-08 19:32:37 - GET /creaciones%20antigravity/Estadias/SIGRAT/backend/api/index.php/hardware/antennas-status
Cuerpo: 
2026-07-08 19:32:38 - POST /creaciones%20antigravity/Estadias/SIGRAT/backend/api/index.php/hardware/recent-scans
Cuerpo: {"ant_id":"all"}
2026-07-08 19:32:38 - GET /creaciones%20antigravity/Estadias/SIGRAT/backend/api/index.php/hardware/antennas-status
Cuerpo: 
2026-07-08 19:32:39 - POST /creaciones%20antigravity/Estadias/SIGRAT/backend/api/index.php/hardware/recent-scans
Cuerpo: {"ant_id":"all"}
2026-07-08 19:32:39 - GET /creaciones%20antigravity/Estadias/SIGRAT/backend/api/index.php/hardware/antennas-status
Cuerpo: 
2026-07-08 19:32:40 - POST /creaciones%20antigravity/Estadias/SIGRAT/backend/api/index.php/hardware/recent-scans
Cuerpo: {"ant_id":"all"}
2026-07-08 19:32:41 - GET /creaciones%20antigravity/Estadias/SIGRAT/backend/api/index.php/hardware/antennas-status
Cuerpo: 
2026-07-08 19:32:41 - POST /creaciones%20antigravity/Estadias/SIGRAT/backend/api/index.php/hardware/recent-scans
Cuerpo: {"ant_id":"all"}
2026-07-08 19:32:42 - GET /creaciones%20antigravity/Estadias/SIGRAT/backend/api/index.php/hardware/antennas-status
Cuerpo: 
2026-07-08 19:32:42 - POST /creaciones%20antigravity/Estadias/SIGRAT/backend/api/index.php/hardware/recent-scans
Cuerpo: {"ant_id":"all"}
2026-07-08 19:32:43 - GET /creaciones%20antigravity/Estadias/SIGRAT/backend/api/index.php/hardware/antennas-status
Cuerpo: 
2026-07-08 19:32:43 - POST /creaciones%20antigravity/Estadias/SIGRAT/backend/api/index.php/hardware/recent-scans
Cuerpo: {"ant_id":"all"}
2026-07-08 19:32:44 - GET /creaciones%20antigravity/Estadias/SIGRAT/backend/api/index.php/hardware/antennas-status
Cuerpo: 
2026-07-08 19:32:45 - POST /creaciones%20antigravity/Estadias/SIGRAT/backend/api/index.php/hardware/recent-scans
Cuerpo: {"ant_id":"all"}
2026-07-08 19:32:45 - GET /creaciones%20antigravity/Estadias/SIGRAT/backend/api/index.php/hardware/antennas-status
Cuerpo: 
2026-07-08 19:32:46 - GET /creaciones%20antigravity/Estadias/SIGRAT/backend/api/index.php/hardware/antennas-status
Cuerpo: 
2026-07-08 19:32:46 - POST /creaciones%20antigravity/Estadias/SIGRAT/backend/api/index.php/hardware/recent-scans
Cuerpo: {"ant_id":"all"}
2026-07-08 19:32:47 - POST /creaciones%20antigravity/Estadias/SIGRAT/backend/api/index.php/hardware/recent-scans
Cuerpo: {"ant_id":"all"}
2026-07-08 19:32:47 - GET /creaciones%20antigravity/Estadias/SIGRAT/backend/api/index.php/hardware/antennas-status
Cuerpo: 
2026-07-08 19:32:48 - GET /creaciones%20antigravity/Estadias/SIGRAT/backend/api/index.php/hardware/antennas-status
Cuerpo: 
2026-07-08 19:32:49 - POST /creaciones%20antigravity/Estadias/SIGRAT/backend/api/index.php/hardware/recent-scans
Cuerpo: {"ant_id":"all"}
2026-07-08 19:32:50 - POST /creaciones%20antigravity/Estadias/SIGRAT/backend/api/index.php/hardware/recent-scans
Cuerpo: {"ant_id":"all"}
2026-07-08 19:32:50 - GET /creaciones%20antigravity/Estadias/SIGRAT/backend/api/index.php/hardware/antennas-status
Cuerpo: 
2026-07-08 19:32:51 - POST /creaciones%20antigravity/Estadias/SIGRAT/backend/api/index.php/hardware/recent-scans
Cuerpo: {"ant_id":"all"}
2026-07-08 19:32:51 - GET /creaciones%20antigravity/Estadias/SIGRAT/backend/api/index.php/hardware/antennas-status
Cuerpo: 
2026-07-08 19:32:52 - POST /creaciones%20antigravity/Estadias/SIGRAT/backend/api/index.php/hardware/recent-scans
Cuerpo: {"ant_id":"all"}
2026-07-08 19:32:53 - GET /creaciones%20antigravity/Estadias/SIGRAT/backend/api/index.php/hardware/antennas-status
Cuerpo: 
2026-07-08 19:32:53 - POST /creaciones%20antigravity/Estadias/SIGRAT/backend/api/index.php/hardware/recent-scans
Cuerpo: {"ant_id":"all"}
2026-07-08 19:32:54 - GET /creaciones%20antigravity/Estadias/SIGRAT/backend/api/index.php/hardware/antennas-status
Cuerpo: 
2026-07-08 19:32:54 - POST /creaciones%20antigravity/Estadias/SIGRAT/backend/api/index.php/hardware/recent-scans
Cuerpo: {"ant_id":"all"}
2026-07-08 19:32:55 - GET /creaciones%20antigravity/Estadias/SIGRAT/backend/api/index.php/hardware/antennas-status
Cuerpo: 
2026-07-08 19:32:55 - POST /creaciones%20antigravity/Estadias/SIGRAT/backend/api/index.php/hardware/recent-scans
Cuerpo: {"ant_id":"all"}
2026-07-08 19:32:56 - GET /creaciones%20antigravity/Estadias/SIGRAT/backend/api/index.php/hardware/antennas-status
Cuerpo: 
2026-07-08 19:32:58 - GET /creaciones%20antigravity/Estadias/SIGRAT/backend/api/index.php/hardware/antennas-status
Cuerpo: 
2026-07-08 19:32:59 - POST /creaciones%20antigravity/Estadias/SIGRAT/backend/api/index.php/hardware/recent-scans
Cuerpo: {"ant_id":"all"}
2026-07-08 19:32:59 - POST /creaciones%20antigravity/Estadias/SIGRAT/backend/api/index.php/hardware/recent-scans
Cuerpo: {"ant_id":"all"}
2026-07-08 19:33:00 - GET /creaciones%20antigravity/Estadias/SIGRAT/backend/api/index.php/hardware/antennas-status
Cuerpo: 
2026-07-08 19:33:00 - POST /creaciones%20antigravity/Estadias/SIGRAT/backend/api/index.php/hardware/recent-scans
Cuerpo: {"ant_id":"all"}
2026-07-08 19:33:01 - GET /creaciones%20antigravity/Estadias/SIGRAT/backend/api/index.php/hardware/antennas-status
Cuerpo: 
2026-07-08 19:33:01 - POST /creaciones%20antigravity/Estadias/SIGRAT/backend/api/index.php/hardware/recent-scans
Cuerpo: {"ant_id":"all"}
2026-07-08 19:33:02 - GET /creaciones%20antigravity/Estadias/SIGRAT/backend/api/index.php/hardware/antennas-status
Cuerpo: 
2026-07-08 19:33:03 - POST /creaciones%20antigravity/Estadias/SIGRAT/backend/api/index.php/hardware/recent-scans
Cuerpo: {"ant_id":"all"}
2026-07-08 19:33:03 - GET /creaciones%20antigravity/Estadias/SIGRAT/backend/api/index.php/hardware/antennas-status
Cuerpo: 
2026-07-08 19:33:04 - GET /creaciones%20antigravity/Estadias/SIGRAT/backend/api/index.php/notifications/all
Cuerpo: 
2026-07-08 19:33:05 - GET /creaciones%20antigravity/Estadias/SIGRAT/backend/api/index.php/hardware/antennas-status
Cuerpo: 
2026-07-08 19:33:06 - POST /creaciones%20antigravity/Estadias/SIGRAT/backend/api/index.php/hardware/recent-scans
Cuerpo: {"ant_id":"all"}
2026-07-08 19:33:07 - POST /creaciones%20antigravity/Estadias/SIGRAT/backend/api/index.php/hardware/recent-scans
Cuerpo: {"ant_id":"all"}
2026-07-08 19:33:08 - GET /creaciones%20antigravity/Estadias/SIGRAT/backend/api/index.php/hardware/antennas-status
Cuerpo: 
2026-07-08 19:33:09 - GET /creaciones%20antigravity/Estadias/SIGRAT/backend/api/index.php/hardware/antennas-status
Cuerpo: 
2026-07-08 19:33:09 - POST /creaciones%20antigravity/Estadias/SIGRAT/backend/api/index.php/hardware/recent-scans
Cuerpo: {"ant_id":"all"}
2026-07-08 19:33:10 - POST /creaciones%20antigravity/Estadias/SIGRAT/backend/api/index.php/hardware/recent-scans
Cuerpo: {"ant_id":"all"}
2026-07-08 19:33:10 - GET /creaciones%20antigravity/Estadias/SIGRAT/backend/api/index.php/hardware/antennas-status
Cuerpo: 
2026-07-08 19:33:11 - POST /creaciones%20antigravity/Estadias/SIGRAT/backend/api/index.php/hardware/recent-scans
Cuerpo: {"ant_id":"all"}
2026-07-08 19:33:12 - GET /creaciones%20antigravity/Estadias/SIGRAT/backend/api/index.php/hardware/antennas-status
Cuerpo: 
2026-07-08 19:33:13 - POST /creaciones%20antigravity/Estadias/SIGRAT/backend/api/index.php/hardware/recent-scans
Cuerpo: {"ant_id":"all"}
2026-07-08 19:33:14 - GET /creaciones%20antigravity/Estadias/SIGRAT/backend/api/index.php/hardware/antennas-status
Cuerpo: 
2026-07-08 19:33:15 - POST /creaciones%20antigravity/Estadias/SIGRAT/backend/api/index.php/hardware/recent-scans
Cuerpo: {"ant_id":"all"}
2026-07-08 19:33:15 - GET /creaciones%20antigravity/Estadias/SIGRAT/backend/api/index.php/hardware/antennas-status
Cuerpo: 
2026-07-08 19:33:16 - POST /creaciones%20antigravity/Estadias/SIGRAT/backend/api/index.php/hardware/recent-scans
Cuerpo: {"ant_id":"all"}
2026-07-08 19:33:16 - GET /creaciones%20antigravity/Estadias/SIGRAT/backend/api/index.php/hardware/antennas-status
Cuerpo: 
2026-07-08 19:33:17 - POST /creaciones%20antigravity/Estadias/SIGRAT/backend/api/index.php/notifications/check_expiring
Cuerpo: 
2026-07-08 19:33:18 - POST /creaciones%20antigravity/Estadias/SIGRAT/backend/api/index.php/hardware/recent-scans
Cuerpo: {"ant_id":"all"}
2026-07-08 19:33:19 - GET /creaciones%20antigravity/Estadias/SIGRAT/backend/api/index.php/hardware/antennas-status
Cuerpo: 
2026-07-08 19:33:20 - POST /creaciones%20antigravity/Estadias/SIGRAT/backend/api/index.php/hardware/recent-scans
Cuerpo: {"ant_id":"all"}
2026-07-08 19:33:21 - GET /creaciones%20antigravity/Estadias/SIGRAT/backend/api/index.php/hardware/antennas-status
Cuerpo: 
2026-07-08 19:33:21 - POST /creaciones%20antigravity/Estadias/SIGRAT/backend/api/index.php/hardware/recent-scans
Cuerpo: {"ant_id":"all"}
2026-07-08 19:33:22 - GET /creaciones%20antigravity/Estadias/SIGRAT/backend/api/index.php/hardware/antennas-status
Cuerpo: 
2026-07-08 19:33:23 - POST /creaciones%20antigravity/Estadias/SIGRAT/backend/api/index.php/hardware/recent-scans
Cuerpo: {"ant_id":"all"}
2026-07-08 19:33:24 - GET /creaciones%20antigravity/Estadias/SIGRAT/backend/api/index.php/hardware/antennas-status
Cuerpo: 
2026-07-08 19:33:25 - POST /creaciones%20antigravity/Estadias/SIGRAT/backend/api/index.php/hardware/recent-scans
Cuerpo: {"ant_id":"all"}
2026-07-08 19:33:26 - GET /creaciones%20antigravity/Estadias/SIGRAT/backend/api/index.php/hardware/antennas-status
Cuerpo: 
2026-07-08 19:33:26 - GET /creaciones%20antigravity/Estadias/SIGRAT/backend/api/index.php/hardware/antennas-status
Cuerpo: 
2026-07-08 19:33:27 - POST /creaciones%20antigravity/Estadias/SIGRAT/backend/api/index.php/hardware/recent-scans
Cuerpo: {"ant_id":"all"}
2026-07-08 19:33:27 - POST /creaciones%20antigravity/Estadias/SIGRAT/backend/api/index.php/hardware/recent-scans
Cuerpo: {"ant_id":"all"}
2026-07-08 19:33:28 - GET /creaciones%20antigravity/Estadias/SIGRAT/backend/api/index.php/hardware/antennas-status
Cuerpo: 
2026-07-08 19:33:29 - GET /creaciones%20antigravity/Estadias/SIGRAT/backend/api/index.php/hardware/antennas-status
Cuerpo: 
2026-07-08 19:33:29 - POST /creaciones%20antigravity/Estadias/SIGRAT/backend/api/index.php/hardware/recent-scans
Cuerpo: {"ant_id":"all"}
2026-07-08 19:33:30 - POST /creaciones%20antigravity/Estadias/SIGRAT/backend/api/index.php/hardware/recent-scans
Cuerpo: {"ant_id":"all"}
2026-07-08 19:33:30 - GET /creaciones%20antigravity/Estadias/SIGRAT/backend/api/index.php/hardware/antennas-status
Cuerpo: 
2026-07-08 19:33:31 - GET /creaciones%20antigravity/Estadias/SIGRAT/backend/api/index.php/hardware/antennas-status
Cuerpo: 
2026-07-08 19:33:32 - POST /creaciones%20antigravity/Estadias/SIGRAT/backend/api/index.php/hardware/recent-scans
Cuerpo: {"ant_id":"all"}
2026-07-08 19:33:32 - POST /creaciones%20antigravity/Estadias/SIGRAT/backend/api/index.php/hardware/recent-scans
Cuerpo: {"ant_id":"all"}
2026-07-08 19:33:33 - GET /creaciones%20antigravity/Estadias/SIGRAT/backend/api/index.php/hardware/antennas-status
Cuerpo: 
2026-07-08 19:33:34 - POST /creaciones%20antigravity/Estadias/SIGRAT/backend/api/index.php/hardware/recent-scans
Cuerpo: {"ant_id":"all"}
2026-07-08 19:33:36 - GET /creaciones%20antigravity/Estadias/SIGRAT/backend/api/index.php/hardware/antennas-status
Cuerpo: 
2026-07-08 19:33:36 - POST /creaciones%20antigravity/Estadias/SIGRAT/backend/api/index.php/hardware/recent-scans
Cuerpo: {"ant_id":"all"}
2026-07-08 19:33:37 - GET /creaciones%20antigravity/Estadias/SIGRAT/backend/api/index.php/hardware/antennas-status
Cuerpo: 
2026-07-08 19:33:38 - POST /creaciones%20antigravity/Estadias/SIGRAT/backend/api/index.php/hardware/recent-scans
Cuerpo: {"ant_id":"all"}
2026-07-08 19:33:39 - GET /creaciones%20antigravity/Estadias/SIGRAT/backend/api/index.php/hardware/antennas-status
Cuerpo: 
2026-07-08 19:33:40 - POST /creaciones%20antigravity/Estadias/SIGRAT/backend/api/index.php/hardware/recent-scans
Cuerpo: {"ant_id":"all"}
2026-07-08 19:33:41 - GET /creaciones%20antigravity/Estadias/SIGRAT/backend/api/index.php/hardware/antennas-status
Cuerpo: 
2026-07-08 19:33:41 - POST /creaciones%20antigravity/Estadias/SIGRAT/backend/api/index.php/hardware/recent-scans
Cuerpo: {"ant_id":"all"}
2026-07-08 19:33:42 - GET /creaciones%20antigravity/Estadias/SIGRAT/backend/api/index.php/hardware/antennas-status
Cuerpo: 
2026-07-08 19:33:43 - POST /creaciones%20antigravity/Estadias/SIGRAT/backend/api/index.php/hardware/recent-scans
Cuerpo: {"ant_id":"all"}
2026-07-08 19:33:43 - GET /creaciones%20antigravity/Estadias/SIGRAT/backend/api/index.php/hardware/antennas-status
Cuerpo: 
2026-07-08 19:33:44 - POST /creaciones%20antigravity/Estadias/SIGRAT/backend/api/index.php/hardware/recent-scans
Cuerpo: {"ant_id":"all"}
2026-07-08 19:33:44 - GET /creaciones%20antigravity/Estadias/SIGRAT/backend/api/index.php/hardware/antennas-status
Cuerpo: 
2026-07-08 19:33:45 - POST /creaciones%20antigravity/Estadias/SIGRAT/backend/api/index.php/hardware/recent-scans
Cuerpo: {"ant_id":"all"}
2026-07-08 19:33:46 - GET /creaciones%20antigravity/Estadias/SIGRAT/backend/api/index.php/hardware/antennas-status
Cuerpo: 
2026-07-08 19:33:46 - POST /creaciones%20antigravity/Estadias/SIGRAT/backend/api/index.php/hardware/recent-scans
Cuerpo: {"ant_id":"all"}
2026-07-08 19:33:47 - GET /creaciones%20antigravity/Estadias/SIGRAT/backend/api/index.php/hardware/antennas-status
Cuerpo: 
2026-07-08 19:33:48 - POST /creaciones%20antigravity/Estadias/SIGRAT/backend/api/index.php/hardware/recent-scans
Cuerpo: {"ant_id":"all"}
2026-07-08 19:33:48 - GET /creaciones%20antigravity/Estadias/SIGRAT/backend/api/index.php/hardware/antennas-status
Cuerpo: 
2026-07-08 19:33:49 - GET /creaciones%20antigravity/Estadias/SIGRAT/backend/api/index.php/hardware/antennas-status
Cuerpo: 
2026-07-08 19:33:50 - POST /creaciones%20antigravity/Estadias/SIGRAT/backend/api/index.php/hardware/recent-scans
Cuerpo: {"ant_id":"all"}
2026-07-08 19:33:50 - POST /creaciones%20antigravity/Estadias/SIGRAT/backend/api/index.php/hardware/recent-scans
Cuerpo: {"ant_id":"all"}
2026-07-08 19:33:51 - GET /creaciones%20antigravity/Estadias/SIGRAT/backend/api/index.php/hardware/antennas-status
Cuerpo: 
2026-07-08 19:33:52 - POST /creaciones%20antigravity/Estadias/SIGRAT/backend/api/index.php/hardware/recent-scans
Cuerpo: {"ant_id":"all"}
2026-07-08 19:33:53 - GET /creaciones%20antigravity/Estadias/SIGRAT/backend/api/index.php/hardware/antennas-status
Cuerpo: 
2026-07-08 19:33:53 - GET /creaciones%20antigravity/Estadias/SIGRAT/backend/api/index.php/hardware/antennas-status
Cuerpo: 
2026-07-08 19:33:54 - POST /creaciones%20antigravity/Estadias/SIGRAT/backend/api/index.php/hardware/recent-scans
Cuerpo: {"ant_id":"all"}
2026-07-08 19:33:54 - GET /creaciones%20antigravity/Estadias/SIGRAT/backend/api/index.php/hardware/antennas-status
Cuerpo: 
2026-07-08 19:33:55 - POST /creaciones%20antigravity/Estadias/SIGRAT/backend/api/index.php/hardware/recent-scans
Cuerpo: {"ant_id":"all"}
2026-07-08 19:33:56 - POST /creaciones%20antigravity/Estadias/SIGRAT/backend/api/index.php/hardware/recent-scans
Cuerpo: {"ant_id":"all"}
2026-07-08 19:33:56 - GET /creaciones%20antigravity/Estadias/SIGRAT/backend/api/index.php/hardware/antennas-status
Cuerpo: 
2026-07-08 19:33:57 - POST /creaciones%20antigravity/Estadias/SIGRAT/backend/api/index.php/hardware/recent-scans
Cuerpo: {"ant_id":"all"}
2026-07-08 19:33:58 - GET /creaciones%20antigravity/Estadias/SIGRAT/backend/api/index.php/hardware/antennas-status
Cuerpo: 
2026-07-08 19:33:58 - POST /creaciones%20antigravity/Estadias/SIGRAT/backend/api/index.php/hardware/recent-scans
Cuerpo: {"ant_id":"all"}
2026-07-08 19:34:00 - GET /creaciones%20antigravity/Estadias/SIGRAT/backend/api/index.php/hardware/antennas-status
Cuerpo: 
2026-07-08 19:34:00 - POST /creaciones%20antigravity/Estadias/SIGRAT/backend/api/index.php/hardware/recent-scans
Cuerpo: {"ant_id":"all"}
2026-07-08 19:34:02 - GET /creaciones%20antigravity/Estadias/SIGRAT/backend/api/index.php/hardware/antennas-status
Cuerpo: 
2026-07-08 19:34:02 - POST /creaciones%20antigravity/Estadias/SIGRAT/backend/api/index.php/notifications/check_expiring
Cuerpo: 
2026-07-08 19:34:04 - POST /creaciones%20antigravity/Estadias/SIGRAT/backend/api/index.php/hardware/recent-scans
Cuerpo: {"ant_id":"all"}
2026-07-08 19:34:05 - GET /creaciones%20antigravity/Estadias/SIGRAT/backend/api/index.php/hardware/antennas-status
Cuerpo: 
2026-07-08 19:34:05 - POST /creaciones%20antigravity/Estadias/SIGRAT/backend/api/index.php/hardware/recent-scans
Cuerpo: {"ant_id":"all"}
2026-07-08 19:34:06 - GET /creaciones%20antigravity/Estadias/SIGRAT/backend/api/index.php/hardware/antennas-status
Cuerpo: 
2026-07-08 19:34:06 - POST /creaciones%20antigravity/Estadias/SIGRAT/backend/api/index.php/hardware/recent-scans
Cuerpo: {"ant_id":"all"}
2026-07-08 19:34:07 - GET /creaciones%20antigravity/Estadias/SIGRAT/backend/api/index.php/hardware/antennas-status
Cuerpo: 
2026-07-08 19:34:08 - POST /creaciones%20antigravity/Estadias/SIGRAT/backend/api/index.php/hardware/recent-scans
Cuerpo: {"ant_id":"all"}
2026-07-08 19:34:08 - GET /creaciones%20antigravity/Estadias/SIGRAT/backend/api/index.php/hardware/antennas-status
Cuerpo: 
2026-07-08 19:34:09 - POST /creaciones%20antigravity/Estadias/SIGRAT/backend/api/index.php/hardware/recent-scans
Cuerpo: {"ant_id":"all"}
2026-07-08 19:34:09 - GET /creaciones%20antigravity/Estadias/SIGRAT/backend/api/index.php/hardware/antennas-status
Cuerpo: 
2026-07-08 19:34:10 - POST /creaciones%20antigravity/Estadias/SIGRAT/backend/api/index.php/hardware/recent-scans
Cuerpo: {"ant_id":"all"}
2026-07-08 19:34:11 - GET /creaciones%20antigravity/Estadias/SIGRAT/backend/api/index.php/hardware/antennas-status
Cuerpo: 
2026-07-08 19:34:12 - POST /creaciones%20antigravity/Estadias/SIGRAT/backend/api/index.php/hardware/recent-scans
Cuerpo: {"ant_id":"all"}
2026-07-08 19:34:12 - GET /creaciones%20antigravity/Estadias/SIGRAT/backend/api/index.php/hardware/antennas-status
Cuerpo: 
2026-07-08 19:34:13 - GET /creaciones%20antigravity/Estadias/SIGRAT/backend/api/index.php/hardware/antennas-status
Cuerpo: 
2026-07-08 19:34:13 - POST /creaciones%20antigravity/Estadias/SIGRAT/backend/api/index.php/hardware/recent-scans
Cuerpo: {"ant_id":"all"}
2026-07-08 19:34:14 - POST /creaciones%20antigravity/Estadias/SIGRAT/backend/api/index.php/hardware/recent-scans
Cuerpo: {"ant_id":"all"}
2026-07-08 19:34:14 - GET /creaciones%20antigravity/Estadias/SIGRAT/backend/api/index.php/hardware/antennas-status
Cuerpo: 
2026-07-08 19:34:15 - POST /creaciones%20antigravity/Estadias/SIGRAT/backend/api/index.php/hardware/recent-scans
Cuerpo: {"ant_id":"all"}
2026-07-08 19:34:16 - GET /creaciones%20antigravity/Estadias/SIGRAT/backend/api/index.php/hardware/antennas-status
Cuerpo: 
2026-07-08 19:34:17 - POST /creaciones%20antigravity/Estadias/SIGRAT/backend/api/index.php/hardware/recent-scans
Cuerpo: {"ant_id":"all"}
2026-07-08 19:34:17 - GET /creaciones%20antigravity/Estadias/SIGRAT/backend/api/index.php/hardware/antennas-status
Cuerpo: 
2026-07-08 19:34:18 - POST /creaciones%20antigravity/Estadias/SIGRAT/backend/api/index.php/hardware/recent-scans
Cuerpo: {"ant_id":"all"}
2026-07-08 19:34:18 - GET /creaciones%20antigravity/Estadias/SIGRAT/backend/api/index.php/hardware/antennas-status
Cuerpo: 
2026-07-08 19:34:19 - GET /creaciones%20antigravity/Estadias/SIGRAT/backend/api/index.php/hardware/antennas-status
Cuerpo: 
2026-07-08 19:34:20 - POST /creaciones%20antigravity/Estadias/SIGRAT/backend/api/index.php/hardware/recent-scans
Cuerpo: {"ant_id":"all"}
2026-07-08 19:34:20 - POST /creaciones%20antigravity/Estadias/SIGRAT/backend/api/index.php/hardware/recent-scans
Cuerpo: {"ant_id":"all"}
2026-07-08 19:34:21 - GET /creaciones%20antigravity/Estadias/SIGRAT/backend/api/index.php/hardware/antennas-status
Cuerpo: 
2026-07-08 19:34:34 - POST /creaciones%20antigravity/Estadias/SIGRAT/backend/api/index.php/hardware/recent-scans
Cuerpo: {"ant_id":"all"}
2026-07-08 19:34:35 - GET /creaciones%20antigravity/Estadias/SIGRAT/backend/api/index.php/hardware/antennas-status
Cuerpo: 
2026-07-08 19:34:36 - POST /creaciones%20antigravity/Estadias/SIGRAT/backend/api/index.php/hardware/recent-scans
Cuerpo: {"ant_id":"all"}
2026-07-08 19:34:37 - GET /creaciones%20antigravity/Estadias/SIGRAT/backend/api/index.php/hardware/antennas-status
Cuerpo: 
2026-07-08 19:34:37 - POST /creaciones%20antigravity/Estadias/SIGRAT/backend/api/index.php/hardware/recent-scans
Cuerpo: {"ant_id":"all"}
2026-07-08 19:34:39 - GET /creaciones%20antigravity/Estadias/SIGRAT/backend/api/index.php/hardware/antennas-status
Cuerpo: 
2026-07-08 19:34:40 - POST /creaciones%20antigravity/Estadias/SIGRAT/backend/api/index.php/hardware/recent-scans
Cuerpo: {"ant_id":"all"}
2026-07-08 19:34:41 - POST /creaciones%20antigravity/Estadias/SIGRAT/backend/api/index.php/hardware/recent-scans
Cuerpo: {"ant_id":"all"}
2026-07-08 19:34:42 - POST /creaciones%20antigravity/Estadias/SIGRAT/backend/api/index.php/hardware/recent-scans
Cuerpo: {"ant_id":"all"}
2026-07-08 19:34:43 - POST /creaciones%20antigravity/Estadias/SIGRAT/backend/api/index.php/hardware/recent-scans
Cuerpo: {"ant_id":"all"}
2026-07-08 19:34:44 - GET /creaciones%20antigravity/Estadias/SIGRAT/backend/api/index.php/hardware/antennas-status
Cuerpo: 
2026-07-08 19:34:44 - POST /creaciones%20antigravity/Estadias/SIGRAT/backend/api/index.php/hardware/recent-scans
Cuerpo: {"ant_id":"all"}
2026-07-08 19:34:45 - POST /creaciones%20antigravity/Estadias/SIGRAT/backend/api/index.php/hardware/recent-scans
Cuerpo: {"ant_id":"all"}
2026-07-08 19:34:46 - GET /creaciones%20antigravity/Estadias/SIGRAT/backend/api/index.php/hardware/antennas-status
Cuerpo: 
2026-07-08 19:34:47 - POST /creaciones%20antigravity/Estadias/SIGRAT/backend/api/index.php/hardware/recent-scans
Cuerpo: {"ant_id":"all"}
2026-07-08 19:34:48 - POST /creaciones%20antigravity/Estadias/SIGRAT/backend/api/index.php/hardware/recent-scans
Cuerpo: {"ant_id":"all"}
2026-07-08 19:34:49 - GET /creaciones%20antigravity/Estadias/SIGRAT/backend/api/index.php/hardware/antennas-status
Cuerpo: 
2026-07-08 19:34:50 - POST /creaciones%20antigravity/Estadias/SIGRAT/backend/api/index.php/hardware/recent-scans
Cuerpo: {"ant_id":"all"}
2026-07-08 19:34:51 - GET /creaciones%20antigravity/Estadias/SIGRAT/backend/api/index.php/hardware/antennas-status
Cuerpo: 
2026-07-08 19:34:52 - POST /creaciones%20antigravity/Estadias/SIGRAT/backend/api/index.php/hardware/recent-scans
Cuerpo: {"ant_id":"all"}
2026-07-08 19:34:52 - GET /creaciones%20antigravity/Estadias/SIGRAT/backend/api/index.php/hardware/antennas-status
Cuerpo: 
2026-07-08 19:34:53 - POST /creaciones%20antigravity/Estadias/SIGRAT/backend/api/index.php/hardware/recent-scans
Cuerpo: {"ant_id":"all"}
2026-07-08 19:34:54 - GET /creaciones%20antigravity/Estadias/SIGRAT/backend/api/index.php/hardware/antennas-status
Cuerpo: 
2026-07-08 19:34:54 - GET /creaciones%20antigravity/Estadias/SIGRAT/backend/api/index.php/hardware/antennas-status
Cuerpo: 
2026-07-08 19:34:55 - POST /creaciones%20antigravity/Estadias/SIGRAT/backend/api/index.php/hardware/recent-scans
Cuerpo: {"ant_id":"all"}
2026-07-08 19:34:55 - POST /creaciones%20antigravity/Estadias/SIGRAT/backend/api/index.php/notifications/check_expiring
Cuerpo: 
2026-07-08 19:34:56 - GET /creaciones%20antigravity/Estadias/SIGRAT/backend/api/index.php/hardware/antennas-status
Cuerpo: 
2026-07-08 19:34:57 - GET /creaciones%20antigravity/Estadias/SIGRAT/backend/api/index.php/notifications/all
Cuerpo: 
2026-07-08 19:34:57 - GET /creaciones%20antigravity/Estadias/SIGRAT/backend/api/index.php/hardware/antennas-status
Cuerpo: 
2026-07-08 19:34:58 - POST /creaciones%20antigravity/Estadias/SIGRAT/backend/api/index.php/hardware/recent-scans
Cuerpo: {"ant_id":"all"}
2026-07-08 19:34:58 - GET /creaciones%20antigravity/Estadias/SIGRAT/backend/api/index.php/hardware/antennas-status
Cuerpo: 
2026-07-08 19:34:59 - POST /creaciones%20antigravity/Estadias/SIGRAT/backend/api/index.php/hardware/recent-scans
Cuerpo: {"ant_id":"all"}
2026-07-08 19:34:59 - GET /creaciones%20antigravity/Estadias/SIGRAT/backend/api/index.php/hardware/antennas-status
Cuerpo: 
2026-07-08 19:35:00 - GET /creaciones%20antigravity/Estadias/SIGRAT/backend/api/index.php/hardware/antennas-status
Cuerpo: 
2026-07-08 19:35:01 - POST /creaciones%20antigravity/Estadias/SIGRAT/backend/api/index.php/hardware/recent-scans
Cuerpo: {"ant_id":"all"}
2026-07-08 19:35:01 - GET /creaciones%20antigravity/Estadias/SIGRAT/backend/api/index.php/hardware/antennas-status
Cuerpo: 
2026-07-08 19:35:02 - GET /creaciones%20antigravity/Estadias/SIGRAT/backend/api/index.php/hardware/antennas-status
Cuerpo: 
2026-07-08 19:35:02 - GET /creaciones%20antigravity/Estadias/SIGRAT/backend/api/index.php/hardware/antennas-status
Cuerpo: 
2026-07-08 19:35:03 - POST /creaciones%20antigravity/Estadias/SIGRAT/backend/api/index.php/hardware/recent-scans
Cuerpo: {"ant_id":"all"}
2026-07-08 19:35:04 - GET /creaciones%20antigravity/Estadias/SIGRAT/backend/api/index.php/hardware/antennas-status
Cuerpo: 
2026-07-08 19:35:05 - POST /creaciones%20antigravity/Estadias/SIGRAT/backend/api/index.php/hardware/recent-scans
Cuerpo: {"ant_id":"all"}
2026-07-08 19:35:06 - GET /creaciones%20antigravity/Estadias/SIGRAT/backend/api/index.php/hardware/antennas-status
Cuerpo: 
2026-07-08 19:35:06 - GET /creaciones%20antigravity/Estadias/SIGRAT/backend/api/index.php/hardware/antennas-status
Cuerpo: 
2026-07-08 19:35:07 - POST /creaciones%20antigravity/Estadias/SIGRAT/backend/api/index.php/hardware/recent-scans
Cuerpo: {"ant_id":"all"}
2026-07-08 19:35:08 - GET /creaciones%20antigravity/Estadias/SIGRAT/backend/api/index.php/hardware/antennas-status
Cuerpo: 
2026-07-08 19:35:08 - GET /creaciones%20antigravity/Estadias/SIGRAT/backend/api/index.php/hardware/antennas-status
Cuerpo: 
2026-07-08 19:35:09 - POST /creaciones%20antigravity/Estadias/SIGRAT/backend/api/index.php/hardware/recent-scans
Cuerpo: {"ant_id":"all"}
2026-07-08 19:35:09 - GET /creaciones%20antigravity/Estadias/SIGRAT/backend/api/index.php/hardware/antennas-status
Cuerpo: 
2026-07-08 19:35:10 - GET /creaciones%20antigravity/Estadias/SIGRAT/backend/api/index.php/hardware/antennas-status
Cuerpo: 
2026-07-08 19:35:10 - GET /creaciones%20antigravity/Estadias/SIGRAT/backend/api/index.php/hardware/antennas-status
Cuerpo: 
2026-07-08 19:35:11 - POST /creaciones%20antigravity/Estadias/SIGRAT/backend/api/index.php/hardware/recent-scans
Cuerpo: {"ant_id":"all"}
2026-07-08 19:35:12 - GET /creaciones%20antigravity/Estadias/SIGRAT/backend/api/index.php/hardware/antennas-status
Cuerpo: 
2026-07-08 19:35:12 - GET /creaciones%20antigravity/Estadias/SIGRAT/backend/api/index.php/hardware/antennas-status
Cuerpo: 
2026-07-08 19:35:13 - POST /creaciones%20antigravity/Estadias/SIGRAT/backend/api/index.php/hardware/recent-scans
Cuerpo: {"ant_id":"all"}
2026-07-08 19:35:13 - GET /creaciones%20antigravity/Estadias/SIGRAT/backend/api/index.php/hardware/antennas-status
Cuerpo: 
2026-07-08 19:35:14 - GET /creaciones%20antigravity/Estadias/SIGRAT/backend/api/index.php/hardware/antennas-status
Cuerpo: 
2026-07-08 19:35:14 - GET /creaciones%20antigravity/Estadias/SIGRAT/backend/api/index.php/hardware/antennas-status
Cuerpo: 
2026-07-08 19:35:15 - POST /creaciones%20antigravity/Estadias/SIGRAT/backend/api/index.php/hardware/recent-scans
Cuerpo: {"ant_id":"all"}
2026-07-08 19:35:16 - GET /creaciones%20antigravity/Estadias/SIGRAT/backend/api/index.php/hardware/antennas-status
Cuerpo: 
2026-07-08 19:35:16 - GET /creaciones%20antigravity/Estadias/SIGRAT/backend/api/index.php/hardware/antennas-status
Cuerpo: 
2026-07-08 19:35:17 - POST /creaciones%20antigravity/Estadias/SIGRAT/backend/api/index.php/hardware/recent-scans
Cuerpo: {"ant_id":"all"}
2026-07-08 19:35:17 - GET /creaciones%20antigravity/Estadias/SIGRAT/backend/api/index.php/hardware/antennas-status
Cuerpo: 
2026-07-08 19:35:18 - GET /creaciones%20antigravity/Estadias/SIGRAT/backend/api/index.php/hardware/antennas-status
Cuerpo: 
2026-07-08 19:35:19 - POST /creaciones%20antigravity/Estadias/SIGRAT/backend/api/index.php/hardware/recent-scans
Cuerpo: {"ant_id":"all"}
2026-07-08 19:35:19 - GET /creaciones%20antigravity/Estadias/SIGRAT/backend/api/index.php/hardware/antennas-status
Cuerpo: 
2026-07-08 19:35:21 - POST /creaciones%20antigravity/Estadias/SIGRAT/backend/api/index.php/hardware/recent-scans
Cuerpo: {"ant_id":"all"}
2026-07-08 19:35:21 - GET /creaciones%20antigravity/Estadias/SIGRAT/backend/api/index.php/hardware/antennas-status
Cuerpo: 
2026-07-08 19:35:23 - POST /creaciones%20antigravity/Estadias/SIGRAT/backend/api/index.php/hardware/recent-scans
Cuerpo: {"ant_id":"all"}
2026-07-08 19:35:23 - GET /creaciones%20antigravity/Estadias/SIGRAT/backend/api/index.php/hardware/antennas-status
Cuerpo: 
2026-07-08 19:35:25 - POST /creaciones%20antigravity/Estadias/SIGRAT/backend/api/index.php/hardware/recent-scans
Cuerpo: {"ant_id":"all"}
2026-07-08 19:35:25 - GET /creaciones%20antigravity/Estadias/SIGRAT/backend/api/index.php/hardware/antennas-status
Cuerpo: 
2026-07-08 19:35:27 - POST /creaciones%20antigravity/Estadias/SIGRAT/backend/api/index.php/hardware/recent-scans
Cuerpo: {"ant_id":"all"}
2026-07-08 19:35:27 - GET /creaciones%20antigravity/Estadias/SIGRAT/backend/api/index.php/hardware/antennas-status
Cuerpo: 
2026-07-08 19:35:29 - POST /creaciones%20antigravity/Estadias/SIGRAT/backend/api/index.php/hardware/recent-scans
Cuerpo: {"ant_id":"all"}
2026-07-08 19:35:29 - GET /creaciones%20antigravity/Estadias/SIGRAT/backend/api/index.php/hardware/antennas-status
Cuerpo: 
2026-07-08 19:35:31 - POST /creaciones%20antigravity/Estadias/SIGRAT/backend/api/index.php/hardware/recent-scans
Cuerpo: {"ant_id":"all"}
2026-07-08 19:35:31 - GET /creaciones%20antigravity/Estadias/SIGRAT/backend/api/index.php/hardware/antennas-status
Cuerpo: 
2026-07-08 19:35:33 - POST /creaciones%20antigravity/Estadias/SIGRAT/backend/api/index.php/hardware/recent-scans
Cuerpo: {"ant_id":"all"}
2026-07-08 19:35:34 - GET /creaciones%20antigravity/Estadias/SIGRAT/backend/api/index.php/hardware/antennas-status
Cuerpo: 
2026-07-08 19:35:35 - POST /creaciones%20antigravity/Estadias/SIGRAT/backend/api/index.php/hardware/recent-scans
Cuerpo: {"ant_id":"all"}
2026-07-08 19:35:35 - GET /creaciones%20antigravity/Estadias/SIGRAT/backend/api/index.php/hardware/antennas-status
Cuerpo: 
2026-07-08 19:35:37 - POST /creaciones%20antigravity/Estadias/SIGRAT/backend/api/index.php/hardware/recent-scans
Cuerpo: {"ant_id":"all"}
2026-07-08 19:35:37 - GET /creaciones%20antigravity/Estadias/SIGRAT/backend/api/index.php/hardware/antennas-status
Cuerpo: 
2026-07-08 19:35:39 - POST /creaciones%20antigravity/Estadias/SIGRAT/backend/api/index.php/hardware/recent-scans
Cuerpo: {"ant_id":"all"}
2026-07-08 19:35:39 - GET /creaciones%20antigravity/Estadias/SIGRAT/backend/api/index.php/hardware/antennas-status
Cuerpo: 
2026-07-08 19:35:41 - POST /creaciones%20antigravity/Estadias/SIGRAT/backend/api/index.php/hardware/recent-scans
Cuerpo: {"ant_id":"all"}
2026-07-08 19:35:42 - GET /creaciones%20antigravity/Estadias/SIGRAT/backend/api/index.php/hardware/antennas-status
Cuerpo: 
2026-07-08 19:35:43 - POST /creaciones%20antigravity/Estadias/SIGRAT/backend/api/index.php/hardware/recent-scans
Cuerpo: {"ant_id":"all"}
2026-07-08 19:35:43 - GET /creaciones%20antigravity/Estadias/SIGRAT/backend/api/index.php/hardware/antennas-status
Cuerpo: 
2026-07-08 19:35:45 - POST /creaciones%20antigravity/Estadias/SIGRAT/backend/api/index.php/hardware/recent-scans
Cuerpo: {"ant_id":"all"}
2026-07-08 19:35:45 - GET /creaciones%20antigravity/Estadias/SIGRAT/backend/api/index.php/hardware/antennas-status
Cuerpo: 
2026-07-08 19:35:47 - POST /creaciones%20antigravity/Estadias/SIGRAT/backend/api/index.php/hardware/recent-scans
Cuerpo: {"ant_id":"all"}
2026-07-08 19:35:47 - GET /creaciones%20antigravity/Estadias/SIGRAT/backend/api/index.php/hardware/antennas-status
Cuerpo: 
2026-07-08 19:35:49 - POST /creaciones%20antigravity/Estadias/SIGRAT/backend/api/index.php/hardware/recent-scans
Cuerpo: {"ant_id":"all"}
2026-07-08 19:35:49 - GET /creaciones%20antigravity/Estadias/SIGRAT/backend/api/index.php/hardware/antennas-status
Cuerpo: 
2026-07-08 19:35:51 - POST /creaciones%20antigravity/Estadias/SIGRAT/backend/api/index.php/hardware/recent-scans
Cuerpo: {"ant_id":"all"}
2026-07-08 19:35:52 - GET /creaciones%20antigravity/Estadias/SIGRAT/backend/api/index.php/hardware/antennas-status
Cuerpo: 
2026-07-08 19:35:53 - POST /creaciones%20antigravity/Estadias/SIGRAT/backend/api/index.php/hardware/recent-scans
Cuerpo: {"ant_id":"all"}
2026-07-08 19:35:53 - GET /creaciones%20antigravity/Estadias/SIGRAT/backend/api/index.php/hardware/antennas-status
Cuerpo: 
2026-07-08 19:35:55 - GET /creaciones%20antigravity/Estadias/SIGRAT/backend/api/index.php/hardware/antennas-status
Cuerpo: 
2026-07-08 19:35:55 - POST /creaciones%20antigravity/Estadias/SIGRAT/backend/api/index.php/hardware/recent-scans
Cuerpo: {"ant_id":"all"}
2026-07-08 19:35:56 - POST /creaciones%20antigravity/Estadias/SIGRAT/backend/api/index.php/notifications/check_expiring
Cuerpo: 
2026-07-08 19:35:56 - GET /creaciones%20antigravity/Estadias/SIGRAT/backend/api/index.php/notifications/all
Cuerpo: 
2026-07-08 19:35:57 - POST /creaciones%20antigravity/Estadias/SIGRAT/backend/api/index.php/hardware/recent-scans
Cuerpo: {"ant_id":"all"}
2026-07-08 19:35:58 - GET /creaciones%20antigravity/Estadias/SIGRAT/backend/api/index.php/hardware/antennas-status
Cuerpo: 
2026-07-08 19:35:59 - GET /creaciones%20antigravity/Estadias/SIGRAT/backend/api/index.php/hardware/antennas-status
Cuerpo: 
2026-07-08 19:35:59 - POST /creaciones%20antigravity/Estadias/SIGRAT/backend/api/index.php/hardware/recent-scans
Cuerpo: {"ant_id":"all"}
2026-07-08 19:36:01 - POST /creaciones%20antigravity/Estadias/SIGRAT/backend/api/index.php/hardware/recent-scans
Cuerpo: {"ant_id":"all"}
2026-07-08 19:36:01 - GET /creaciones%20antigravity/Estadias/SIGRAT/backend/api/index.php/hardware/antennas-status
Cuerpo: 
2026-07-08 19:36:03 - POST /creaciones%20antigravity/Estadias/SIGRAT/backend/api/index.php/hardware/recent-scans
Cuerpo: {"ant_id":"all"}
2026-07-08 19:36:03 - GET /creaciones%20antigravity/Estadias/SIGRAT/backend/api/index.php/hardware/antennas-status
Cuerpo: 
2026-07-08 19:36:05 - POST /creaciones%20antigravity/Estadias/SIGRAT/backend/api/index.php/hardware/recent-scans
Cuerpo: {"ant_id":"all"}
2026-07-08 19:36:05 - GET /creaciones%20antigravity/Estadias/SIGRAT/backend/api/index.php/hardware/antennas-status
Cuerpo: 
2026-07-08 19:36:07 - POST /creaciones%20antigravity/Estadias/SIGRAT/backend/api/index.php/hardware/recent-scans
Cuerpo: {"ant_id":"all"}
2026-07-08 19:36:07 - GET /creaciones%20antigravity/Estadias/SIGRAT/backend/api/index.php/hardware/antennas-status
Cuerpo: 
2026-07-08 19:36:09 - POST /creaciones%20antigravity/Estadias/SIGRAT/backend/api/index.php/hardware/recent-scans
Cuerpo: {"ant_id":"all"}
2026-07-08 19:36:09 - GET /creaciones%20antigravity/Estadias/SIGRAT/backend/api/index.php/hardware/antennas-status
Cuerpo: 
2026-07-08 19:36:11 - POST /creaciones%20antigravity/Estadias/SIGRAT/backend/api/index.php/hardware/recent-scans
Cuerpo: {"ant_id":"all"}
2026-07-08 19:36:11 - GET /creaciones%20antigravity/Estadias/SIGRAT/backend/api/index.php/hardware/antennas-status
Cuerpo: 
2026-07-08 19:36:13 - POST /creaciones%20antigravity/Estadias/SIGRAT/backend/api/index.php/hardware/recent-scans
Cuerpo: {"ant_id":"all"}
2026-07-08 19:36:13 - GET /creaciones%20antigravity/Estadias/SIGRAT/backend/api/index.php/hardware/antennas-status
Cuerpo: 
2026-07-08 19:36:15 - POST /creaciones%20antigravity/Estadias/SIGRAT/backend/api/index.php/hardware/recent-scans
Cuerpo: {"ant_id":"all"}
2026-07-08 19:36:15 - GET /creaciones%20antigravity/Estadias/SIGRAT/backend/api/index.php/hardware/antennas-status
Cuerpo: 
2026-07-08 19:36:17 - POST /creaciones%20antigravity/Estadias/SIGRAT/backend/api/index.php/hardware/recent-scans
Cuerpo: {"ant_id":"all"}
2026-07-08 19:36:17 - GET /creaciones%20antigravity/Estadias/SIGRAT/backend/api/index.php/hardware/antennas-status
Cuerpo: 
2026-07-08 19:36:19 - POST /creaciones%20antigravity/Estadias/SIGRAT/backend/api/index.php/hardware/recent-scans
Cuerpo: {"ant_id":"all"}
2026-07-08 19:36:19 - GET /creaciones%20antigravity/Estadias/SIGRAT/backend/api/index.php/hardware/antennas-status
Cuerpo: 
2026-07-08 19:36:21 - POST /creaciones%20antigravity/Estadias/SIGRAT/backend/api/index.php/hardware/recent-scans
Cuerpo: {"ant_id":"all"}
2026-07-08 19:36:21 - GET /creaciones%20antigravity/Estadias/SIGRAT/backend/api/index.php/hardware/antennas-status
Cuerpo: 
2026-07-08 19:36:23 - POST /creaciones%20antigravity/Estadias/SIGRAT/backend/api/index.php/hardware/recent-scans
Cuerpo: {"ant_id":"all"}
2026-07-08 19:36:23 - GET /creaciones%20antigravity/Estadias/SIGRAT/backend/api/index.php/hardware/antennas-status
Cuerpo: 
2026-07-08 19:36:25 - POST /creaciones%20antigravity/Estadias/SIGRAT/backend/api/index.php/hardware/recent-scans
Cuerpo: {"ant_id":"all"}
2026-07-08 19:36:25 - GET /creaciones%20antigravity/Estadias/SIGRAT/backend/api/index.php/hardware/antennas-status
Cuerpo: 
2026-07-08 19:36:27 - POST /creaciones%20antigravity/Estadias/SIGRAT/backend/api/index.php/hardware/recent-scans
Cuerpo: {"ant_id":"all"}
2026-07-08 19:36:28 - GET /creaciones%20antigravity/Estadias/SIGRAT/backend/api/index.php/hardware/antennas-status
Cuerpo: 
2026-07-08 19:36:29 - POST /creaciones%20antigravity/Estadias/SIGRAT/backend/api/index.php/hardware/recent-scans
Cuerpo: {"ant_id":"all"}
2026-07-08 19:36:30 - GET /creaciones%20antigravity/Estadias/SIGRAT/backend/api/index.php/hardware/antennas-status
Cuerpo: 
2026-07-08 19:36:31 - POST /creaciones%20antigravity/Estadias/SIGRAT/backend/api/index.php/hardware/recent-scans
Cuerpo: {"ant_id":"all"}
2026-07-08 19:36:31 - GET /creaciones%20antigravity/Estadias/SIGRAT/backend/api/index.php/hardware/antennas-status
Cuerpo: 
2026-07-08 19:36:33 - POST /creaciones%20antigravity/Estadias/SIGRAT/backend/api/index.php/hardware/recent-scans
Cuerpo: {"ant_id":"all"}
2026-07-08 19:36:33 - GET /creaciones%20antigravity/Estadias/SIGRAT/backend/api/index.php/hardware/antennas-status
Cuerpo: 
2026-07-08 19:36:35 - GET /creaciones%20antigravity/Estadias/SIGRAT/backend/api/index.php/hardware/antennas-status
Cuerpo: 
2026-07-08 19:36:35 - POST /creaciones%20antigravity/Estadias/SIGRAT/backend/api/index.php/hardware/recent-scans
Cuerpo: {"ant_id":"all"}
2026-07-08 19:36:37 - POST /creaciones%20antigravity/Estadias/SIGRAT/backend/api/index.php/hardware/recent-scans
Cuerpo: {"ant_id":"all"}
2026-07-08 19:36:37 - GET /creaciones%20antigravity/Estadias/SIGRAT/backend/api/index.php/hardware/antennas-status
Cuerpo: 
2026-07-08 19:36:39 - POST /creaciones%20antigravity/Estadias/SIGRAT/backend/api/index.php/hardware/recent-scans
Cuerpo: {"ant_id":"all"}
2026-07-08 19:36:39 - GET /creaciones%20antigravity/Estadias/SIGRAT/backend/api/index.php/hardware/antennas-status
Cuerpo: 
2026-07-08 19:36:41 - POST /creaciones%20antigravity/Estadias/SIGRAT/backend/api/index.php/hardware/recent-scans
Cuerpo: {"ant_id":"all"}
2026-07-08 19:36:41 - GET /creaciones%20antigravity/Estadias/SIGRAT/backend/api/index.php/hardware/antennas-status
Cuerpo: 
2026-07-08 19:36:43 - POST /creaciones%20antigravity/Estadias/SIGRAT/backend/api/index.php/hardware/recent-scans
Cuerpo: {"ant_id":"all"}
2026-07-08 19:36:43 - GET /creaciones%20antigravity/Estadias/SIGRAT/backend/api/index.php/hardware/antennas-status
Cuerpo: 
2026-07-08 19:36:45 - POST /creaciones%20antigravity/Estadias/SIGRAT/backend/api/index.php/hardware/recent-scans
Cuerpo: {"ant_id":"all"}
2026-07-08 19:36:46 - GET /creaciones%20antigravity/Estadias/SIGRAT/backend/api/index.php/hardware/antennas-status
Cuerpo: 
2026-07-08 19:36:47 - POST /creaciones%20antigravity/Estadias/SIGRAT/backend/api/index.php/hardware/recent-scans
Cuerpo: {"ant_id":"all"}
2026-07-08 19:36:47 - GET /creaciones%20antigravity/Estadias/SIGRAT/backend/api/index.php/hardware/antennas-status
Cuerpo: 
2026-07-08 19:36:49 - POST /creaciones%20antigravity/Estadias/SIGRAT/backend/api/index.php/hardware/recent-scans
Cuerpo: {"ant_id":"all"}
2026-07-08 19:36:49 - GET /creaciones%20antigravity/Estadias/SIGRAT/backend/api/index.php/hardware/antennas-status
Cuerpo: 
2026-07-08 19:36:51 - POST /creaciones%20antigravity/Estadias/SIGRAT/backend/api/index.php/hardware/recent-scans
Cuerpo: {"ant_id":"all"}
2026-07-08 19:36:52 - GET /creaciones%20antigravity/Estadias/SIGRAT/backend/api/index.php/hardware/antennas-status
Cuerpo: 
2026-07-08 19:36:53 - POST /creaciones%20antigravity/Estadias/SIGRAT/backend/api/index.php/hardware/recent-scans
Cuerpo: {"ant_id":"all"}
2026-07-08 19:36:53 - GET /creaciones%20antigravity/Estadias/SIGRAT/backend/api/index.php/hardware/antennas-status
Cuerpo: 
2026-07-08 19:36:55 - POST /creaciones%20antigravity/Estadias/SIGRAT/backend/api/index.php/hardware/recent-scans
Cuerpo: {"ant_id":"all"}
2026-07-08 19:36:55 - GET /creaciones%20antigravity/Estadias/SIGRAT/backend/api/index.php/hardware/antennas-status
Cuerpo: 
2026-07-08 19:36:56 - POST /creaciones%20antigravity/Estadias/SIGRAT/backend/api/index.php/notifications/check_expiring
Cuerpo: 
2026-07-08 19:36:57 - GET /creaciones%20antigravity/Estadias/SIGRAT/backend/api/index.php/notifications/all
Cuerpo: 
2026-07-08 19:36:57 - POST /creaciones%20antigravity/Estadias/SIGRAT/backend/api/index.php/hardware/recent-scans
Cuerpo: {"ant_id":"all"}
2026-07-08 19:36:58 - GET /creaciones%20antigravity/Estadias/SIGRAT/backend/api/index.php/hardware/antennas-status
Cuerpo: 
2026-07-08 19:36:59 - POST /creaciones%20antigravity/Estadias/SIGRAT/backend/api/index.php/hardware/recent-scans
Cuerpo: {"ant_id":"all"}
2026-07-08 19:36:59 - GET /creaciones%20antigravity/Estadias/SIGRAT/backend/api/index.php/hardware/antennas-status
Cuerpo: 
2026-07-08 19:37:01 - POST /creaciones%20antigravity/Estadias/SIGRAT/backend/api/index.php/hardware/recent-scans
Cuerpo: {"ant_id":"all"}
2026-07-08 19:37:01 - GET /creaciones%20antigravity/Estadias/SIGRAT/backend/api/index.php/hardware/antennas-status
Cuerpo: 
2026-07-08 19:37:03 - POST /creaciones%20antigravity/Estadias/SIGRAT/backend/api/index.php/hardware/recent-scans
Cuerpo: {"ant_id":"all"}
2026-07-08 19:37:03 - GET /creaciones%20antigravity/Estadias/SIGRAT/backend/api/index.php/hardware/antennas-status
Cuerpo: 
2026-07-08 19:37:05 - POST /creaciones%20antigravity/Estadias/SIGRAT/backend/api/index.php/hardware/recent-scans
Cuerpo: {"ant_id":"all"}
2026-07-08 19:37:05 - GET /creaciones%20antigravity/Estadias/SIGRAT/backend/api/index.php/hardware/antennas-status
Cuerpo: 
2026-07-08 19:37:07 - POST /creaciones%20antigravity/Estadias/SIGRAT/backend/api/index.php/hardware/recent-scans
Cuerpo: {"ant_id":"all"}
2026-07-08 19:37:08 - GET /creaciones%20antigravity/Estadias/SIGRAT/backend/api/index.php/hardware/antennas-status
Cuerpo: 
2026-07-08 19:37:09 - POST /creaciones%20antigravity/Estadias/SIGRAT/backend/api/index.php/hardware/recent-scans
Cuerpo: {"ant_id":"all"}
2026-07-08 19:37:09 - GET /creaciones%20antigravity/Estadias/SIGRAT/backend/api/index.php/hardware/antennas-status
Cuerpo: 
2026-07-08 19:37:11 - POST /creaciones%20antigravity/Estadias/SIGRAT/backend/api/index.php/hardware/recent-scans
Cuerpo: {"ant_id":"all"}
2026-07-08 19:37:11 - GET /creaciones%20antigravity/Estadias/SIGRAT/backend/api/index.php/hardware/antennas-status
Cuerpo: 
2026-07-08 19:37:13 - POST /creaciones%20antigravity/Estadias/SIGRAT/backend/api/index.php/hardware/recent-scans
Cuerpo: {"ant_id":"all"}
2026-07-08 19:37:13 - GET /creaciones%20antigravity/Estadias/SIGRAT/backend/api/index.php/hardware/antennas-status
Cuerpo: 
2026-07-08 19:37:15 - POST /creaciones%20antigravity/Estadias/SIGRAT/backend/api/index.php/hardware/recent-scans
Cuerpo: {"ant_id":"all"}
2026-07-08 19:37:15 - GET /creaciones%20antigravity/Estadias/SIGRAT/backend/api/index.php/hardware/antennas-status
Cuerpo: 
2026-07-08 19:37:17 - POST /creaciones%20antigravity/Estadias/SIGRAT/backend/api/index.php/hardware/recent-scans
Cuerpo: {"ant_id":"all"}
2026-07-08 19:37:17 - GET /creaciones%20antigravity/Estadias/SIGRAT/backend/api/index.php/hardware/antennas-status
Cuerpo: 
2026-07-08 19:37:19 - POST /creaciones%20antigravity/Estadias/SIGRAT/backend/api/index.php/hardware/recent-scans
Cuerpo: {"ant_id":"all"}
2026-07-08 19:37:19 - GET /creaciones%20antigravity/Estadias/SIGRAT/backend/api/index.php/hardware/antennas-status
Cuerpo: 
2026-07-08 19:37:21 - POST /creaciones%20antigravity/Estadias/SIGRAT/backend/api/index.php/hardware/recent-scans
Cuerpo: {"ant_id":"all"}
2026-07-08 19:37:21 - GET /creaciones%20antigravity/Estadias/SIGRAT/backend/api/index.php/hardware/antennas-status
Cuerpo: 
2026-07-08 19:37:23 - POST /creaciones%20antigravity/Estadias/SIGRAT/backend/api/index.php/hardware/recent-scans
Cuerpo: {"ant_id":"all"}
2026-07-08 19:37:23 - GET /creaciones%20antigravity/Estadias/SIGRAT/backend/api/index.php/hardware/antennas-status
Cuerpo: 
2026-07-08 19:37:25 - POST /creaciones%20antigravity/Estadias/SIGRAT/backend/api/index.php/hardware/recent-scans
Cuerpo: {"ant_id":"all"}
2026-07-08 19:37:25 - GET /creaciones%20antigravity/Estadias/SIGRAT/backend/api/index.php/hardware/antennas-status
Cuerpo: 
2026-07-08 19:37:27 - POST /creaciones%20antigravity/Estadias/SIGRAT/backend/api/index.php/hardware/recent-scans
Cuerpo: {"ant_id":"all"}
2026-07-08 19:37:27 - GET /creaciones%20antigravity/Estadias/SIGRAT/backend/api/index.php/hardware/antennas-status
Cuerpo: 
2026-07-08 19:37:29 - POST /creaciones%20antigravity/Estadias/SIGRAT/backend/api/index.php/hardware/recent-scans
Cuerpo: {"ant_id":"all"}
2026-07-08 19:37:29 - GET /creaciones%20antigravity/Estadias/SIGRAT/backend/api/index.php/hardware/antennas-status
Cuerpo: 
2026-07-08 19:37:31 - POST /creaciones%20antigravity/Estadias/SIGRAT/backend/api/index.php/hardware/recent-scans
Cuerpo: {"ant_id":"all"}
2026-07-08 19:37:31 - GET /creaciones%20antigravity/Estadias/SIGRAT/backend/api/index.php/hardware/antennas-status
Cuerpo: 
2026-07-08 19:37:33 - POST /creaciones%20antigravity/Estadias/SIGRAT/backend/api/index.php/hardware/recent-scans
Cuerpo: {"ant_id":"all"}
2026-07-08 19:37:33 - GET /creaciones%20antigravity/Estadias/SIGRAT/backend/api/index.php/hardware/antennas-status
Cuerpo: 
2026-07-08 19:37:35 - POST /creaciones%20antigravity/Estadias/SIGRAT/backend/api/index.php/hardware/recent-scans
Cuerpo: {"ant_id":"all"}
2026-07-08 19:37:35 - GET /creaciones%20antigravity/Estadias/SIGRAT/backend/api/index.php/hardware/antennas-status
Cuerpo: 
2026-07-08 19:37:37 - POST /creaciones%20antigravity/Estadias/SIGRAT/backend/api/index.php/hardware/recent-scans
Cuerpo: {"ant_id":"all"}
2026-07-08 19:37:37 - GET /creaciones%20antigravity/Estadias/SIGRAT/backend/api/index.php/hardware/antennas-status
Cuerpo: 
2026-07-08 19:37:39 - POST /creaciones%20antigravity/Estadias/SIGRAT/backend/api/index.php/hardware/recent-scans
Cuerpo: {"ant_id":"all"}
2026-07-08 19:37:39 - GET /creaciones%20antigravity/Estadias/SIGRAT/backend/api/index.php/hardware/antennas-status
Cuerpo: 
2026-07-08 19:37:41 - POST /creaciones%20antigravity/Estadias/SIGRAT/backend/api/index.php/hardware/recent-scans
Cuerpo: {"ant_id":"all"}
2026-07-08 19:37:41 - GET /creaciones%20antigravity/Estadias/SIGRAT/backend/api/index.php/hardware/antennas-status
Cuerpo: 
2026-07-08 19:37:43 - POST /creaciones%20antigravity/Estadias/SIGRAT/backend/api/index.php/hardware/recent-scans
Cuerpo: {"ant_id":"all"}
2026-07-08 19:37:44 - GET /creaciones%20antigravity/Estadias/SIGRAT/backend/api/index.php/hardware/antennas-status
Cuerpo: 
2026-07-08 19:37:45 - POST /creaciones%20antigravity/Estadias/SIGRAT/backend/api/index.php/hardware/recent-scans
Cuerpo: {"ant_id":"all"}
2026-07-08 19:37:46 - GET /creaciones%20antigravity/Estadias/SIGRAT/backend/api/index.php/hardware/antennas-status
Cuerpo: 
2026-07-08 19:37:47 - POST /creaciones%20antigravity/Estadias/SIGRAT/backend/api/index.php/hardware/recent-scans
Cuerpo: {"ant_id":"all"}
2026-07-08 19:37:48 - GET /creaciones%20antigravity/Estadias/SIGRAT/backend/api/index.php/hardware/antennas-status
Cuerpo: 
2026-07-08 19:37:49 - POST /creaciones%20antigravity/Estadias/SIGRAT/backend/api/index.php/hardware/recent-scans
Cuerpo: {"ant_id":"all"}
2026-07-08 19:37:50 - GET /creaciones%20antigravity/Estadias/SIGRAT/backend/api/index.php/hardware/antennas-status
Cuerpo: 
2026-07-08 19:37:51 - POST /creaciones%20antigravity/Estadias/SIGRAT/backend/api/index.php/hardware/recent-scans
Cuerpo: {"ant_id":"all"}
2026-07-08 19:37:52 - GET /creaciones%20antigravity/Estadias/SIGRAT/backend/api/index.php/hardware/antennas-status
Cuerpo: 
2026-07-08 19:37:53 - POST /creaciones%20antigravity/Estadias/SIGRAT/backend/api/index.php/hardware/recent-scans
Cuerpo: {"ant_id":"all"}
2026-07-08 19:37:54 - GET /creaciones%20antigravity/Estadias/SIGRAT/backend/api/index.php/hardware/antennas-status
Cuerpo: 
2026-07-08 19:37:55 - POST /creaciones%20antigravity/Estadias/SIGRAT/backend/api/index.php/hardware/recent-scans
Cuerpo: {"ant_id":"all"}
2026-07-08 19:37:56 - POST /creaciones%20antigravity/Estadias/SIGRAT/backend/api/index.php/notifications/check_expiring
Cuerpo: 
2026-07-08 19:37:57 - GET /creaciones%20antigravity/Estadias/SIGRAT/backend/api/index.php/hardware/antennas-status
Cuerpo: 
2026-07-08 19:37:58 - POST /creaciones%20antigravity/Estadias/SIGRAT/backend/api/index.php/hardware/recent-scans
Cuerpo: {"ant_id":"all"}
2026-07-08 19:37:58 - GET /creaciones%20antigravity/Estadias/SIGRAT/backend/api/index.php/notifications/all
Cuerpo: 
2026-07-08 19:37:59 - GET /creaciones%20antigravity/Estadias/SIGRAT/backend/api/index.php/hardware/antennas-status
Cuerpo: 
2026-07-08 19:38:00 - POST /creaciones%20antigravity/Estadias/SIGRAT/backend/api/index.php/hardware/recent-scans
Cuerpo: {"ant_id":"all"}
2026-07-08 19:38:00 - GET /creaciones%20antigravity/Estadias/SIGRAT/backend/api/index.php/hardware/antennas-status
Cuerpo: 
2026-07-08 19:38:02 - POST /creaciones%20antigravity/Estadias/SIGRAT/backend/api/index.php/hardware/recent-scans
Cuerpo: {"ant_id":"all"}
2026-07-08 19:38:02 - GET /creaciones%20antigravity/Estadias/SIGRAT/backend/api/index.php/hardware/antennas-status
Cuerpo: 
2026-07-08 19:38:03 - POST /creaciones%20antigravity/Estadias/SIGRAT/backend/api/index.php/hardware/recent-scans
Cuerpo: {"ant_id":"all"}
2026-07-08 19:38:04 - GET /creaciones%20antigravity/Estadias/SIGRAT/backend/api/index.php/hardware/antennas-status
Cuerpo: 
2026-07-08 19:38:05 - POST /creaciones%20antigravity/Estadias/SIGRAT/backend/api/index.php/hardware/recent-scans
Cuerpo: {"ant_id":"all"}
2026-07-08 19:38:05 - GET /creaciones%20antigravity/Estadias/SIGRAT/backend/api/index.php/hardware/antennas-status
Cuerpo: 
2026-07-08 19:38:07 - POST /creaciones%20antigravity/Estadias/SIGRAT/backend/api/index.php/hardware/recent-scans
Cuerpo: {"ant_id":"all"}
2026-07-08 19:38:07 - GET /creaciones%20antigravity/Estadias/SIGRAT/backend/api/index.php/hardware/antennas-status
Cuerpo: 
2026-07-08 19:38:09 - POST /creaciones%20antigravity/Estadias/SIGRAT/backend/api/index.php/hardware/recent-scans
Cuerpo: {"ant_id":"all"}
2026-07-08 19:38:10 - GET /creaciones%20antigravity/Estadias/SIGRAT/backend/api/index.php/hardware/antennas-status
Cuerpo: 
2026-07-08 19:38:11 - POST /creaciones%20antigravity/Estadias/SIGRAT/backend/api/index.php/hardware/recent-scans
Cuerpo: {"ant_id":"all"}
2026-07-08 19:38:11 - GET /creaciones%20antigravity/Estadias/SIGRAT/backend/api/index.php/hardware/antennas-status
Cuerpo: 
2026-07-08 19:38:13 - POST /creaciones%20antigravity/Estadias/SIGRAT/backend/api/index.php/hardware/recent-scans
Cuerpo: {"ant_id":"all"}
2026-07-08 19:38:13 - GET /creaciones%20antigravity/Estadias/SIGRAT/backend/api/index.php/hardware/antennas-status
Cuerpo: 
2026-07-08 19:38:15 - POST /creaciones%20antigravity/Estadias/SIGRAT/backend/api/index.php/hardware/recent-scans
Cuerpo: {"ant_id":"all"}
2026-07-08 19:38:15 - GET /creaciones%20antigravity/Estadias/SIGRAT/backend/api/index.php/hardware/antennas-status
Cuerpo: 
2026-07-08 19:38:17 - POST /creaciones%20antigravity/Estadias/SIGRAT/backend/api/index.php/hardware/recent-scans
Cuerpo: {"ant_id":"all"}
2026-07-08 19:38:17 - GET /creaciones%20antigravity/Estadias/SIGRAT/backend/api/index.php/hardware/antennas-status
Cuerpo: 
2026-07-08 19:38:19 - POST /creaciones%20antigravity/Estadias/SIGRAT/backend/api/index.php/hardware/recent-scans
Cuerpo: {"ant_id":"all"}
2026-07-08 19:38:19 - GET /creaciones%20antigravity/Estadias/SIGRAT/backend/api/index.php/hardware/antennas-status
Cuerpo: 
2026-07-08 19:38:23 - POST /creaciones%20antigravity/Estadias/SIGRAT/backend/api/index.php/hardware/recent-scans
Cuerpo: {"ant_id":"all"}
2026-07-08 19:38:24 - POST /creaciones%20antigravity/Estadias/SIGRAT/backend/api/index.php/hardware/recent-scans
Cuerpo: {"ant_id":"all"}
2026-07-08 19:38:25 - GET /creaciones%20antigravity/Estadias/SIGRAT/backend/api/index.php/hardware/antennas-status
Cuerpo: 
2026-07-08 19:38:25 - POST /creaciones%20antigravity/Estadias/SIGRAT/backend/api/index.php/hardware/recent-scans
Cuerpo: {"ant_id":"all"}
2026-07-08 19:38:26 - GET /creaciones%20antigravity/Estadias/SIGRAT/backend/api/index.php/hardware/antennas-status
Cuerpo: 
2026-07-08 19:38:27 - POST /creaciones%20antigravity/Estadias/SIGRAT/backend/api/index.php/hardware/recent-scans
Cuerpo: {"ant_id":"all"}
2026-07-08 19:38:27 - GET /creaciones%20antigravity/Estadias/SIGRAT/backend/api/index.php/hardware/antennas-status
Cuerpo: 
2026-07-08 19:38:28 - GET /creaciones%20antigravity/Estadias/SIGRAT/backend/api/index.php/hardware/antennas-status
Cuerpo: 
2026-07-08 19:38:29 - POST /creaciones%20antigravity/Estadias/SIGRAT/backend/api/index.php/hardware/recent-scans
Cuerpo: {"ant_id":"all"}
2026-07-08 19:38:29 - GET /creaciones%20antigravity/Estadias/SIGRAT/backend/api/index.php/hardware/antennas-status
Cuerpo: 
2026-07-08 19:38:31 - POST /creaciones%20antigravity/Estadias/SIGRAT/backend/api/index.php/hardware/recent-scans
Cuerpo: {"ant_id":"all"}
2026-07-08 19:38:31 - GET /creaciones%20antigravity/Estadias/SIGRAT/backend/api/index.php/hardware/antennas-status
Cuerpo: 
2026-07-08 19:38:33 - POST /creaciones%20antigravity/Estadias/SIGRAT/backend/api/index.php/hardware/recent-scans
Cuerpo: {"ant_id":"all"}
2026-07-08 19:38:33 - GET /creaciones%20antigravity/Estadias/SIGRAT/backend/api/index.php/hardware/antennas-status
Cuerpo: 
2026-07-08 19:38:35 - POST /creaciones%20antigravity/Estadias/SIGRAT/backend/api/index.php/hardware/recent-scans
Cuerpo: {"ant_id":"all"}
2026-07-08 19:38:35 - GET /creaciones%20antigravity/Estadias/SIGRAT/backend/api/index.php/hardware/antennas-status
Cuerpo: 
2026-07-08 19:38:37 - POST /creaciones%20antigravity/Estadias/SIGRAT/backend/api/index.php/hardware/recent-scans
Cuerpo: {"ant_id":"all"}
2026-07-08 19:38:37 - GET /creaciones%20antigravity/Estadias/SIGRAT/backend/api/index.php/hardware/antennas-status
Cuerpo: 
2026-07-08 19:38:39 - POST /creaciones%20antigravity/Estadias/SIGRAT/backend/api/index.php/hardware/recent-scans
Cuerpo: {"ant_id":"all"}
2026-07-08 19:38:40 - GET /creaciones%20antigravity/Estadias/SIGRAT/backend/api/index.php/hardware/antennas-status
Cuerpo: 
2026-07-08 19:38:41 - POST /creaciones%20antigravity/Estadias/SIGRAT/backend/api/index.php/hardware/recent-scans
Cuerpo: {"ant_id":"all"}
2026-07-08 19:38:41 - GET /creaciones%20antigravity/Estadias/SIGRAT/backend/api/index.php/hardware/antennas-status
Cuerpo: 
2026-07-08 19:38:43 - POST /creaciones%20antigravity/Estadias/SIGRAT/backend/api/index.php/hardware/recent-scans
Cuerpo: {"ant_id":"all"}
2026-07-08 19:38:43 - GET /creaciones%20antigravity/Estadias/SIGRAT/backend/api/index.php/hardware/antennas-status
Cuerpo: 
2026-07-08 19:38:45 - POST /creaciones%20antigravity/Estadias/SIGRAT/backend/api/index.php/hardware/recent-scans
Cuerpo: {"ant_id":"all"}
2026-07-08 19:38:45 - GET /creaciones%20antigravity/Estadias/SIGRAT/backend/api/index.php/hardware/antennas-status
Cuerpo: 
2026-07-08 19:38:47 - POST /creaciones%20antigravity/Estadias/SIGRAT/backend/api/index.php/hardware/recent-scans
Cuerpo: {"ant_id":"all"}
2026-07-08 19:38:47 - GET /creaciones%20antigravity/Estadias/SIGRAT/backend/api/index.php/hardware/antennas-status
Cuerpo: 
2026-07-08 19:38:49 - POST /creaciones%20antigravity/Estadias/SIGRAT/backend/api/index.php/hardware/recent-scans
Cuerpo: {"ant_id":"all"}
2026-07-08 19:38:49 - GET /creaciones%20antigravity/Estadias/SIGRAT/backend/api/index.php/hardware/antennas-status
Cuerpo: 
2026-07-08 19:38:51 - POST /creaciones%20antigravity/Estadias/SIGRAT/backend/api/index.php/hardware/recent-scans
Cuerpo: {"ant_id":"all"}
2026-07-08 19:38:51 - GET /creaciones%20antigravity/Estadias/SIGRAT/backend/api/index.php/hardware/antennas-status
Cuerpo: 
2026-07-08 19:38:53 - POST /creaciones%20antigravity/Estadias/SIGRAT/backend/api/index.php/hardware/recent-scans
Cuerpo: {"ant_id":"all"}
2026-07-08 19:38:53 - GET /creaciones%20antigravity/Estadias/SIGRAT/backend/api/index.php/hardware/antennas-status
Cuerpo: 
2026-07-08 19:38:55 - POST /creaciones%20antigravity/Estadias/SIGRAT/backend/api/index.php/hardware/recent-scans
Cuerpo: {"ant_id":"all"}
2026-07-08 19:38:55 - GET /creaciones%20antigravity/Estadias/SIGRAT/backend/api/index.php/hardware/antennas-status
Cuerpo: 
2026-07-08 19:38:56 - POST /creaciones%20antigravity/Estadias/SIGRAT/backend/api/index.php/notifications/check_expiring
Cuerpo: 
2026-07-08 19:38:56 - GET /creaciones%20antigravity/Estadias/SIGRAT/backend/api/index.php/notifications/all
Cuerpo: 
2026-07-08 19:38:57 - POST /creaciones%20antigravity/Estadias/SIGRAT/backend/api/index.php/hardware/recent-scans
Cuerpo: {"ant_id":"all"}
2026-07-08 19:38:57 - GET /creaciones%20antigravity/Estadias/SIGRAT/backend/api/index.php/hardware/antennas-status
Cuerpo: 
2026-07-08 19:38:59 - POST /creaciones%20antigravity/Estadias/SIGRAT/backend/api/index.php/hardware/recent-scans
Cuerpo: {"ant_id":"all"}
2026-07-08 19:38:59 - GET /creaciones%20antigravity/Estadias/SIGRAT/backend/api/index.php/hardware/antennas-status
Cuerpo: 
2026-07-08 19:39:01 - POST /creaciones%20antigravity/Estadias/SIGRAT/backend/api/index.php/hardware/recent-scans
Cuerpo: {"ant_id":"all"}
2026-07-08 19:39:01 - GET /creaciones%20antigravity/Estadias/SIGRAT/backend/api/index.php/hardware/antennas-status
Cuerpo: 
2026-07-08 19:39:03 - POST /creaciones%20antigravity/Estadias/SIGRAT/backend/api/index.php/hardware/recent-scans
Cuerpo: {"ant_id":"all"}
2026-07-08 19:39:03 - GET /creaciones%20antigravity/Estadias/SIGRAT/backend/api/index.php/hardware/antennas-status
Cuerpo: 
2026-07-08 19:39:05 - POST /creaciones%20antigravity/Estadias/SIGRAT/backend/api/index.php/hardware/recent-scans
Cuerpo: {"ant_id":"all"}
2026-07-08 19:39:05 - GET /creaciones%20antigravity/Estadias/SIGRAT/backend/api/index.php/hardware/antennas-status
Cuerpo: 
2026-07-08 19:39:07 - POST /creaciones%20antigravity/Estadias/SIGRAT/backend/api/index.php/hardware/recent-scans
Cuerpo: {"ant_id":"all"}
2026-07-08 19:39:07 - GET /creaciones%20antigravity/Estadias/SIGRAT/backend/api/index.php/hardware/antennas-status
Cuerpo: 
2026-07-08 19:39:09 - POST /creaciones%20antigravity/Estadias/SIGRAT/backend/api/index.php/hardware/recent-scans
Cuerpo: {"ant_id":"all"}
2026-07-08 19:39:09 - GET /creaciones%20antigravity/Estadias/SIGRAT/backend/api/index.php/hardware/antennas-status
Cuerpo: 
2026-07-08 19:39:11 - POST /creaciones%20antigravity/Estadias/SIGRAT/backend/api/index.php/hardware/recent-scans
Cuerpo: {"ant_id":"all"}
2026-07-08 19:39:11 - GET /creaciones%20antigravity/Estadias/SIGRAT/backend/api/index.php/hardware/antennas-status
Cuerpo: 
2026-07-08 19:39:13 - POST /creaciones%20antigravity/Estadias/SIGRAT/backend/api/index.php/hardware/recent-scans
Cuerpo: {"ant_id":"all"}
2026-07-08 19:39:13 - GET /creaciones%20antigravity/Estadias/SIGRAT/backend/api/index.php/hardware/antennas-status
Cuerpo: 
2026-07-08 19:39:15 - POST /creaciones%20antigravity/Estadias/SIGRAT/backend/api/index.php/hardware/recent-scans
Cuerpo: {"ant_id":"all"}
2026-07-08 19:39:15 - GET /creaciones%20antigravity/Estadias/SIGRAT/backend/api/index.php/hardware/antennas-status
Cuerpo: 
2026-07-08 19:39:17 - POST /creaciones%20antigravity/Estadias/SIGRAT/backend/api/index.php/hardware/recent-scans
Cuerpo: {"ant_id":"all"}
2026-07-08 19:39:17 - GET /creaciones%20antigravity/Estadias/SIGRAT/backend/api/index.php/hardware/antennas-status
Cuerpo: 
2026-07-08 19:39:19 - POST /creaciones%20antigravity/Estadias/SIGRAT/backend/api/index.php/hardware/recent-scans
Cuerpo: {"ant_id":"all"}
2026-07-08 19:39:19 - GET /creaciones%20antigravity/Estadias/SIGRAT/backend/api/index.php/hardware/antennas-status
Cuerpo: 
2026-07-08 19:39:21 - POST /creaciones%20antigravity/Estadias/SIGRAT/backend/api/index.php/hardware/recent-scans
Cuerpo: {"ant_id":"all"}
2026-07-08 19:39:21 - GET /creaciones%20antigravity/Estadias/SIGRAT/backend/api/index.php/hardware/antennas-status
Cuerpo: 
2026-07-08 19:39:23 - POST /creaciones%20antigravity/Estadias/SIGRAT/backend/api/index.php/hardware/recent-scans
Cuerpo: {"ant_id":"all"}
2026-07-08 19:39:23 - GET /creaciones%20antigravity/Estadias/SIGRAT/backend/api/index.php/hardware/antennas-status
Cuerpo: 
2026-07-08 19:39:25 - POST /creaciones%20antigravity/Estadias/SIGRAT/backend/api/index.php/hardware/recent-scans
Cuerpo: {"ant_id":"all"}
2026-07-08 19:39:25 - GET /creaciones%20antigravity/Estadias/SIGRAT/backend/api/index.php/hardware/antennas-status
Cuerpo: 
2026-07-08 19:39:27 - POST /creaciones%20antigravity/Estadias/SIGRAT/backend/api/index.php/hardware/recent-scans
Cuerpo: {"ant_id":"all"}
2026-07-08 19:39:27 - GET /creaciones%20antigravity/Estadias/SIGRAT/backend/api/index.php/hardware/antennas-status
Cuerpo: 
2026-07-08 19:39:29 - POST /creaciones%20antigravity/Estadias/SIGRAT/backend/api/index.php/hardware/recent-scans
Cuerpo: {"ant_id":"all"}
2026-07-08 19:39:30 - GET /creaciones%20antigravity/Estadias/SIGRAT/backend/api/index.php/hardware/antennas-status
Cuerpo: 
2026-07-08 19:39:31 - POST /creaciones%20antigravity/Estadias/SIGRAT/backend/api/index.php/hardware/recent-scans
Cuerpo: {"ant_id":"all"}
2026-07-08 19:39:32 - GET /creaciones%20antigravity/Estadias/SIGRAT/backend/api/index.php/hardware/antennas-status
Cuerpo: 
2026-07-08 19:39:33 - POST /creaciones%20antigravity/Estadias/SIGRAT/backend/api/index.php/hardware/recent-scans
Cuerpo: {"ant_id":"all"}
2026-07-08 19:39:34 - GET /creaciones%20antigravity/Estadias/SIGRAT/backend/api/index.php/hardware/antennas-status
Cuerpo: 
2026-07-08 19:39:38 - POST /creaciones%20antigravity/Estadias/SIGRAT/backend/api/index.php/hardware/recent-scans
Cuerpo: {"ant_id":"all"}
2026-07-08 19:39:40 - GET /creaciones%20antigravity/Estadias/SIGRAT/backend/api/index.php/hardware/antennas-status
Cuerpo: 
2026-07-08 19:39:41 - POST /creaciones%20antigravity/Estadias/SIGRAT/backend/api/index.php/hardware/recent-scans
Cuerpo: {"ant_id":"all"}
2026-07-08 19:39:42 - GET /creaciones%20antigravity/Estadias/SIGRAT/backend/api/index.php/hardware/antennas-status
Cuerpo: 
2026-07-08 19:39:52 - POST /creaciones%20antigravity/Estadias/SIGRAT/backend/api/index.php/notifications/check_expiring
Cuerpo: 
2026-07-08 19:39:54 - GET /creaciones%20antigravity/Estadias/SIGRAT/backend/api/index.php/notifications/all
Cuerpo: 
2026-07-08 19:40:52 - POST /creaciones%20antigravity/Estadias/SIGRAT/backend/api/index.php/notifications/check_expiring
Cuerpo: 
2026-07-08 19:40:53 - GET /creaciones%20antigravity/Estadias/SIGRAT/backend/api/index.php/notifications/all
Cuerpo: 
2026-07-08 19:41:52 - POST /creaciones%20antigravity/Estadias/SIGRAT/backend/api/index.php/notifications/check_expiring
Cuerpo: 
2026-07-08 19:41:53 - GET /creaciones%20antigravity/Estadias/SIGRAT/backend/api/index.php/notifications/all
Cuerpo: 
2026-07-08 19:42:52 - POST /creaciones%20antigravity/Estadias/SIGRAT/backend/api/index.php/notifications/check_expiring
Cuerpo: 
2026-07-08 19:42:53 - GET /creaciones%20antigravity/Estadias/SIGRAT/backend/api/index.php/notifications/all
Cuerpo: 
2026-07-08 19:43:53 - POST /creaciones%20antigravity/Estadias/SIGRAT/backend/api/index.php/notifications/check_expiring
Cuerpo: 
2026-07-08 19:43:53 - GET /creaciones%20antigravity/Estadias/SIGRAT/backend/api/index.php/notifications/all
Cuerpo: 
2026-07-08 19:44:53 - POST /creaciones%20antigravity/Estadias/SIGRAT/backend/api/index.php/notifications/check_expiring
Cuerpo: 
2026-07-08 19:44:53 - GET /creaciones%20antigravity/Estadias/SIGRAT/backend/api/index.php/notifications/all
Cuerpo: 
2026-07-08 19:45:53 - POST /creaciones%20antigravity/Estadias/SIGRAT/backend/api/index.php/notifications/check_expiring
Cuerpo: 
2026-07-08 19:45:54 - GET /creaciones%20antigravity/Estadias/SIGRAT/backend/api/index.php/notifications/all
Cuerpo: 
2026-07-08 19:46:57 - POST /creaciones%20antigravity/Estadias/SIGRAT/backend/api/index.php/notifications/check_expiring
Cuerpo: 
2026-07-08 19:46:58 - GET /creaciones%20antigravity/Estadias/SIGRAT/backend/api/index.php/notifications/all
Cuerpo: 
2026-07-08 19:47:08 - POST /creaciones%20antigravity/Estadias/SIGRAT/backend/api/index.php/notifications/check_expiring
Cuerpo: 
2026-07-08 19:47:09 - GET /creaciones%20antigravity/Estadias/SIGRAT/backend/api/index.php/notifications/all
Cuerpo: 
2026-07-08 19:48:08 - POST /creaciones%20antigravity/Estadias/SIGRAT/backend/api/index.php/notifications/check_expiring
Cuerpo: 
2026-07-08 19:48:09 - GET /creaciones%20antigravity/Estadias/SIGRAT/backend/api/index.php/notifications/all
Cuerpo: 
2026-07-08 19:49:08 - POST /creaciones%20antigravity/Estadias/SIGRAT/backend/api/index.php/notifications/check_expiring
Cuerpo: 
2026-07-08 19:49:09 - GET /creaciones%20antigravity/Estadias/SIGRAT/backend/api/index.php/notifications/all
Cuerpo: 
2026-07-08 19:50:09 - POST /creaciones%20antigravity/Estadias/SIGRAT/backend/api/index.php/notifications/check_expiring
Cuerpo: 
2026-07-08 19:50:09 - GET /creaciones%20antigravity/Estadias/SIGRAT/backend/api/index.php/notifications/all
Cuerpo: 
2026-07-08 19:51:09 - POST /creaciones%20antigravity/Estadias/SIGRAT/backend/api/index.php/notifications/check_expiring
Cuerpo: 
2026-07-08 19:51:09 - GET /creaciones%20antigravity/Estadias/SIGRAT/backend/api/index.php/notifications/all
Cuerpo: 
2026-07-08 19:52:09 - POST /creaciones%20antigravity/Estadias/SIGRAT/backend/api/index.php/notifications/check_expiring
Cuerpo: 
2026-07-08 19:52:10 - GET /creaciones%20antigravity/Estadias/SIGRAT/backend/api/index.php/notifications/all
Cuerpo: 
2026-07-08 19:53:09 - POST /creaciones%20antigravity/Estadias/SIGRAT/backend/api/index.php/notifications/check_expiring
Cuerpo: 
2026-07-08 19:53:10 - GET /creaciones%20antigravity/Estadias/SIGRAT/backend/api/index.php/notifications/all
Cuerpo: 
2026-07-08 19:54:41 - POST /creaciones%20antigravity/Estadias/SIGRAT/backend/api/index.php/notifications/check_expiring
Cuerpo: 
2026-07-08 19:54:42 - GET /creaciones%20antigravity/Estadias/SIGRAT/backend/api/index.php/notifications/all
Cuerpo: 
2026-07-08 19:55:41 - POST /creaciones%20antigravity/Estadias/SIGRAT/backend/api/index.php/notifications/check_expiring
Cuerpo: 
2026-07-08 19:55:42 - GET /creaciones%20antigravity/Estadias/SIGRAT/backend/api/index.php/notifications/all
Cuerpo: 
2026-07-08 19:56:41 - POST /creaciones%20antigravity/Estadias/SIGRAT/backend/api/index.php/notifications/check_expiring
Cuerpo: 
2026-07-08 19:56:43 - GET /creaciones%20antigravity/Estadias/SIGRAT/backend/api/index.php/notifications/all
Cuerpo: 
2026-07-08 19:57:41 - POST /creaciones%20antigravity/Estadias/SIGRAT/backend/api/index.php/notifications/check_expiring
Cuerpo: 
2026-07-08 19:57:42 - GET /creaciones%20antigravity/Estadias/SIGRAT/backend/api/index.php/notifications/all
Cuerpo: 
2026-07-08 19:58:41 - POST /creaciones%20antigravity/Estadias/SIGRAT/backend/api/index.php/notifications/check_expiring
Cuerpo: 
2026-07-08 19:58:41 - GET /creaciones%20antigravity/Estadias/SIGRAT/backend/api/index.php/notifications/all
Cuerpo: 
